cwur_year,cwur_institution,cwur_location,cwur_world_rank,cwur_national_rank,cwur_quality_of_education,cwur_alumni_employment,cwur_quality_of_faculty,cwur_research_performance,cwur_publications,cwur_influence,cwur_citations,cwur_broad_impact,cwur_patents,cwur_score
2015,Harvard University,USA,1,1,1,1,1,-,1,1,1,1,3,100.00
2015,Stanford University,USA,2,2,9,2,4,-,5,3,3,4,10,98.66
2015,Massachusetts Institute of Technology,USA,3,3,3,11,2,-,15,2,2,2,1,97.54
2015,University of Cambridge,United Kingdom,4,1,2,10,5,-,11,6,12,13,48,96.81
2015,University of Oxford,United Kingdom,5,2,7,13,10,-,7,12,7,9,15,96.46
2015,Columbia University,USA,6,4,13,6,9,-,13,13,11,12,4,96.14
2015,University of California - Berkeley,USA,7,5,5,21,6,-,10,4,4,7,29,92.25
2015,University of Chicago,USA,8,6,11,14,8,-,17,16,12,22,141,90.70
2015,Princeton University,USA,9,7,4,15,3,-,72,25,24,33,225,89.42
2015,Cornell University,USA,10,8,12,18,14,-,24,15,25,22,11,86.79
2015,Yale University,USA,11,9,10,26,11,-,18,8,35,20,49,86.61
2015,California Institute of Technology,USA,12,10,6,328,7,-,53,9,19,25,13,84.40
2015,University of Tokyo,Japan,13,1,16,3,38,-,14,19,31,29,7,78.23
2015,University of Pennsylvania,USA,14,11,20,4,28,-,8,18,14,9,14,77.60
2015,University of California - Los Angeles,USA,15,12,28,27,13,-,6,14,8,6,9,76.91
2015,Johns Hopkins University,USA,16,13,18,84,16,-,4,11,5,3,2,71.60
2015,Kyoto University,Japan,17,2,22,16,24,-,30,42,88,60,16,68.60
2015,New York University,USA,18,14,32,22,18,-,47,29,46,32,43,68.39
2015,University of Michigan - Ann Arbor,USA,19,15,24,17,140,-,3,20,6,14,12,68.36
2015,Swiss Federal Institute of Technology in Zurich,Switzerland,20,1,17,64,17,-,44,27,39,79,57,66.93
2015,University of California - San Diego,USA,21,16,36,567+,19,-,16,5,15,15,17,66.59
2015,Northwestern University,USA,22,17,163,12,104,-,27,34,27,26,42,66.56
2015,Hebrew University of Jerusalem,Israel,23,1,15,164,15,-,120,97,368,143,35,65.71
2015,Seoul National University,South Korea,24,1,367+,9,218+,-,36,163,146,112,6,64.82
2015,University of Wisconsin - Madison,USA,25,18,29,29,34,-,21,24,22,27,27,64.51
2015,University of California - San Francisco,USA,26,19,367+,567+,20,-,22,7,15,11,56,63.69
2015,University College London,United Kingdom,27,3,21,447,27,-,12,22,15,18,67,62.27
2015,Duke University,USA,28,20,74,31,56,-,19,23,15,16,33,61.55
2015,Rockefeller University,USA,29,21,49,567+,12,-,372,28,115,70,289,61.28
2015,University of Texas at Austin,USA,30,22,75,36,25,-,48,50,26,71,38,61.14
2015,University of Washington - Seattle,USA,31,23,48,103,41,-,9,10,10,5,40,60.61
2015,University of Toronto,Canada,32,1,70,51,32,-,2,17,9,8,145,60.04
2015,University of Illinois at Urbana - Champaign,USA,33,24,33,75,21,-,40,48,42,74,65,59.94
2015,Keio University,Japan,34,3,284,5,218+,-,309,246,368,270,80,59.84
2015,Imperial College London,United Kingdom,35,4,90,82,30,-,19,26,23,19,47,59.61
2015,École Polytechnique,France,36,1,98,7,216,-,327,314,234,295,172,59.20
2015,École normale supérieure - Paris,France,37,2,8,502,54,-,379,157,645,295,871+,58.80
2015,Waseda University,Japan,38,4,288,8,218+,-,406,389,368,388,248,58.17
2015,Weizmann Institute of Science,Israel,39,2,19,567+,22,-,246,63,234,143,45,57.17
2015,University of North Carolina at Chapel Hill,USA,40,25,124,69,86,-,32,32,19,21,41,57.09
2015,University of Virginia,USA,41,26,209,20,126,-,94,74,88,90,97,56.73
2015,McGill University,Canada,42,2,34,37,75,-,33,53,44,34,132,56.49
2015,Purdue University - West Lafayette,USA,43,27,55,33,47,-,75,95,68,117,28,56.39
2015,Dartmouth College,USA,44,28,40,19,218+,-,246,167,136,154,63,56.35
2015,Osaka University,Japan,45,5,46,39,75,-,50,58,182,67,18,56.03
2015,University of Pittsburgh - Pittsburgh Campus,USA,46,29,79,169,218+,-,25,57,21,24,50,55.63
2015,Pennsylvania State University - University Park,USA,47,30,230,44,62,-,49,43,28,38,92,55.54
2015,University of Minnesota - Twin Cities,USA,48,31,63,130,63,-,23,40,31,28,59,55.51
2015,Ohio State University - Columbus,USA,49,32,96,87,82,-,28,52,31,38,44,55.39
2015,Rutgers University - New Brunswick,USA,50,33,91,40,37,-,100,66,46,89,61,55.23
2015,University of Southern California,USA,51,34,152,62,39,-,57,64,101,56,34,55.12
2015,Washington University in St. Louis,USA,52,35,101,96,71,-,41,21,29,17,169,55.03
2015,University of California - Davis,USA,53,36,54,227,59,-,29,33,35,52,62,54.85
2015,University of Colorado Boulder,USA,54,37,80,67,31,-,96,38,45,74,133,54.62
2015,University of Edinburgh,United Kingdom,55,5,44,127,33,-,54,37,65,43,228,54.39
2015,Peking University,China,56,1,182,38,218+,-,52,131,182,125,20,54.26
2015,National Taiwan University,Taiwan,57,1,92,25,218+,-,46,223,182,204,695,54.23
2015,University of Paris - Sud,France,58,3,26,393,26,-,73,86,115,97,324,54.21
2015,Lomonosov Moscow State University,Russia,59,1,14,175,48,-,268,254,287,344,861,54.19
2015,University of Florida,USA,60,38,214,276,96,-,37,73,46,59,5,54.18
2015,Carnegie Mellon University,USA,61,39,25,160,23,-,211,225,78,150,165,54.00
2015,University of British Columbia,Canada,62,3,81,275,93,-,26,36,37,34,81,53.92
2015,Pierre - and - Marie - Curie University,France,63,4,30,404,88,-,31,35,68,63,87,53.79
2015,University of California - Santa Barbara,USA,64,40,133,280,29,-,111,59,46,55,77,53.63
2015,National University of Singapore,Singapore,65,1,367+,98,218+,-,34,125,78,90,25,53.44
2015,Boston University,USA,66,41,303,54,83,-,60,45,37,34,135,53.43
2015,University of Manchester,United Kingdom,67,6,99,92,72,-,43,70,29,53,142,53.38
2015,University of Arizona,USA,68,42,139,55,87,-,74,39,31,49,235,53.26
2015,Vanderbilt University,USA,69,43,87,94,110,-,55,62,59,41,51,53.05
2015,University of Utah,USA,70,44,97,105,67,-,97,65,101,90,19,52.89
2015,Karolinska Institute,Sweden,71,1,149,567+,36,-,51,54,52,34,743,52.79
2015,University of Maryland - College Park,USA,72,45,68,210,43,-,58,47,39,67,280,52.72
2015,Tohoku University,Japan,73,6,41,170,218+,-,68,127,115,119,22,52.57
2015,University of Copenhagen,Denmark,74,1,117,149,64,-,38,31,59,31,432,52.51
2015,University of Texas Southwestern Medical Center,USA,75,46,59,567+,35,-,131,30,78,40,173,52.50
2015,Ruprecht Karl University of Heidelberg,Germany,76,1,38,402,51,-,69,61,46,46,243,52.32
2015,University of Notre Dame,USA,77,47,221,24,155,-,242,242,182,235,352,52.27
2015,Tsinghua University,China,78,2,309,73,218+,-,63,158,65,156,30,52.21
2015,Ludwig Maximilian University of Munich,Germany,79,2,42,129,92,-,66,55,53,51,167,52.16
2015,Georgia Institute of Technology,USA,80,48,135,60,218+,-,107,152,78,106,36,52.08
2015,University of Rochester,USA,81,49,72,53,113,-,114,118,68,79,64,52.03
2015,Katholieke Universiteit Leuven,Belgium,82,1,367+,202,218+,-,35,92,53,46,74,52.03
2015,Brown University,USA,83,50,64,43,73,-,121,67,76,99,200,52.01
2015,Emory University,USA,84,51,367+,146,116,-,67,60,93,41,55,51.85
2015,Erasmus University Rotterdam,Netherlands,85,1,367+,46,189,-,87,147,53,44,227,51.78
2015,Tel Aviv University,Israel,86,3,77,107,50,-,98,117,136,154,39,51.75
2015,Utrecht University,Netherlands,87,2,84,199,115,-,39,44,59,46,429,51.74
2015,University of Sydney,Australia,88,1,105,198,166,-,45,103,46,84,75,51.61
2015,University of California - Irvine,USA,89,52,227,567+,44,-,78,51,68,54,162,51.51
2015,University of Texas MD Anderson Cancer Center,USA,90,53,367+,567+,80,-,93,72,42,29,71,51.51
2015,Swiss Federal Institute of Technology in Lausanne,Switzerland,91,2,367+,74,116,-,124,114,39,110,58,51.47
2015,University of Geneva,Switzerland,92,3,35,191,42,-,122,77,115,79,321,51.46
2015,University of Melbourne,Australia,93,2,141,113,218+,-,42,68,53,71,223,51.34
2015,King's College London,United Kingdom,94,7,27,190,114,-,76,116,101,74,188,51.31
2015,Tufts University,USA,95,54,60,48,182,-,166,160,93,85,84,51.22
2015,University of Zurich,Switzerland,96,4,115,389,85,-,56,46,68,56,137,51.14
2015,Arizona State University,USA,97,55,367+,455,66,-,143,85,76,140,21,51.13
2015,Yonsei University,South Korea,98,2,367+,45,218+,-,140,326,321,235,23,51.02
2015,University of Oslo,Norway,99,1,53,286,40,-,106,134,101,102,302,50.81
2015,Kyushu University,Japan,100,7,367+,49,218+,-,152,182,264,200,37,50.60
2015,Technical University of Munich,Germany,101,3,37,118,177,-,104,90,128,95,119,50.58
2015,Texas A&M University - College Station,USA,102,56,339,108,46,-,77,98,88,143,201,50.43
2015,University of Queensland,Australia,103,3,269,292,142,-,65,78,101,99,68,50.40
2015,Mines ParisTech,France,104,5,278,23,169,-,977,834,812+,906,871+,50.34
2015,Case Western Reserve University,USA,105,57,50,215,195,-,137,106,59,74,111,50.28
2015,Indiana University - Bloomington,USA,106,58,134,35,178,-,180,143,161,190,178,50.26
2015,University of Alberta,Canada,107,4,169,151,153,-,62,109,82,103,116,50.25
2015,Leiden University,Netherlands,108,3,120,567+,102,-,82,94,53,56,260,50.17
2015,Tokyo Institute of Technology,Japan,109,8,170,50,128,-,169,169,136,190,52,50.13
2015,University of Groningen,Netherlands,110,4,313,193,196,-,64,96,68,67,316,50.10
2015,University of Helsinki,Finland,111,1,56,551,111,-,80,79,88,65,420,50.04
2015,Sapienza University of Rome,Italy,112,1,67,205,45,-,83,166,212,130,312,49.97
2015,Georgetown University,USA,113,59,159,34,218+,-,298,321,321,204,122,49.92
2015,University of Amsterdam,Netherlands,114,5,109,317,212,-,70,88,93,60,282,49.83
2015,Korea University,South Korea,115,3,367+,58,218+,-,172,411,321,273,26,49.79
2015,University of Barcelona,Spain,116,1,367+,226,218+,-,61,108,93,83,215,49.79
2015,Lund University,Sweden,117,2,136,466,169,-,85,135,53,60,871+,49.75
2015,Michigan State University,USA,118,60,112,162,218+,-,88,123,65,111,136,49.74
2015,Ghent University,Belgium,119,2,123,329,147,-,84,149,68,119,90,49.73
2015,Rice University,USA,120,61,52,161,95,-,255,150,59,130,76,49.73
2015,Baylor College of Medicine,USA,121,62,367+,567+,218+,-,113,41,101,44,199,49.70
2015,Aarhus University,Denmark,122,2,310,165,106,-,91,81,101,95,154,49.65
2015,University of Bristol,United Kingdom,123,8,194,196,74,-,92,69,82,106,335,49.59
2015,Uppsala University,Sweden,124,3,73,321,70,-,95,75,93,103,871+,49.57
2015,Nagoya University,Japan,125,9,39,322,53,-,138,140,146,195,78,49.57
2015,Royal Institute of Technology,Sweden,126,4,199,30,105,-,221,300,321,318,797,49.54
2015,University of Colorado Denver,USA,127,63,367+,567+,140,-,135,110,128,66,72,49.48
2015,University of Glasgow,United Kingdom,128,9,234,89,218+,-,123,144,82,87,402,49.45
2015,VU University Amsterdam,Netherlands,129,6,367+,385,218+,-,79,120,68,79,871+,49.44
2015,University of New South Wales,Australia,130,4,177,70,218+,-,90,177,101,164,157,49.33
2015,Paris Diderot University - Paris 7,France,131,6,127,567+,68,-,105,56,115,97,483,49.33
2015,University of São Paulo,Brazil,132,1,297,71,218+,-,59,186,136,164,710,49.31
2015,Western University (The University of Western Ontario),Canada,133,5,367+,41,218+,-,149,208,234,190,261,49.31
2015,Radboud University Nijmegen,Netherlands,134,7,128,274,218+,-,89,119,93,74,410,49.30
2015,Nanyang Technological University,Singapore,135,2,367+,567+,218+,-,102,361,212,204,32,49.29
2015,Technion  -  Israel Institute of Technology,Israel,136,4,45,180,55,-,186,221,161,209,88,49.12
2015,University of Miami,USA,137,64,367+,241,218+,-,159,130,82,112,73,49.09
2015,Stony Brook University,USA,138,65,186,567+,58,-,173,84,93,134,96,49.09
2015,University of Texas at Dallas,USA,139,66,367+,159,218+,-,250,151,59,49,313,49.05
2015,University of Nottingham,United Kingdom,140,10,131,109,84,-,116,176,146,140,138,49.02
2015,University of Iowa,USA,141,67,233,296,167,-,103,83,115,112,121,49.01
2015,Southern Methodist University,USA,142,68,179,28,218+,-,624,655,368,646,824,48.99
2015,Icahn School of Medicine at Mount Sinai,USA,143,69,367+,567+,218+,-,160,71,161,63,101,48.96
2015,Korea Advanced Institute of Science and Technology (KAIST),South Korea,144,4,367+,194,218+,-,183,283,368,289,8,48.95
2015,Monash University,Australia,145,5,277,145,218+,-,86,136,182,161,99,48.91
2015,University of Alabama at Birmingham,USA,146,70,367+,567+,218+,-,141,124,128,71,130,48.79
2015,Free University of Berlin,Germany,147,4,76,548,128,-,109,80,234,90,461,48.78
2015,University of Southampton,United Kingdom,148,11,329,95,218+,-,115,133,101,130,334,48.77
2015,University of the Witwatersrand,South Africa,149,1,61,32,172,-,442,237,321,447,291,48.75
2015,McMaster University,Canada,150,6,222,268,163,-,127,156,101,87,222,48.74
2015,University of Montreal,Canada,151,7,320,376,218+,-,101,111,101,90,540,48.72
2015,University of Birmingham,United Kingdom,152,12,65,158,205,-,117,165,146,138,170,48.70
2015,Humboldt University of Berlin,Germany,153,5,291,567+,108,-,108,82,161,85,471,48.64
2015,University of California - Santa Cruz,USA,154,71,175,567+,100,-,243,49,115,99,183,48.59
2015,Albert Ludwig University of Freiburg,Germany,155,6,148,134,193,-,156,104,182,134,98,48.57
2015,University of Tübingen,Germany,156,7,69,490,103,-,142,122,146,115,226,48.56
2015,University of Cincinnati,USA,157,72,188,86,218+,-,150,171,128,127,263,48.56
2015,University of Bonn,Germany,158,8,58,249,65,-,153,107,146,150,341,48.54
2015,Wake Forest University,USA,159,73,265,83,218+,-,249,244,128,125,124,48.52
2015,University of Basel,Switzerland,160,5,83,363,60,-,167,100,136,130,486,48.48
2015,University of Leeds,United Kingdom,161,13,62,157,218+,-,133,141,136,150,265,48.41
2015,University of Hamburg,Germany,162,9,314,136,135,-,147,126,101,127,677,48.31
2015,Université libre de Bruxelles,Belgium,163,3,173,110,69,-,236,214,101,170,148,48.28
2015,Indiana University - Purdue University Indianapolis,USA,164,74,367+,492,218+,-,187,190,125,122,79,48.28
2015,Pohang University of Science and Technology,South Korea,165,5,367+,567+,218+,-,285,355,212,281,24,48.24
2015,Oregon Health & Science University,USA,166,75,367+,567+,128,-,184,115,125,105,144,48.23
2015,University of Calgary,Canada,167,8,367+,123,218+,-,145,180,101,127,778,48.23
2015,Stockholm University,Sweden,168,5,129,79,187,-,202,89,88,179,839,48.23
2015,University of Padua,Italy,169,2,281,567+,218+,-,99,105,182,119,351,48.17
2015,University of Hong Kong,Hong Kong,170,1,287,128,218+,-,139,204,128,147,205,48.15
2015,Yeshiva University,USA,171,76,200,567+,218+,-,195,91,161,109,128,48.11
2015,University of Milan,Italy,172,3,162,441,182,-,118,189,212,106,438,48.07
2015,University of Sheffield,United Kingdom,173,14,142,209,196,-,129,137,136,147,179,48.07
2015,Technical University of Denmark,Denmark,174,3,351,510,202,-,220,230,161,216,46,48.06
2015,University of Maryland - Baltimore,USA,175,77,367+,567+,218+,-,125,112,197,116,180,48.05
2015,Goethe University Frankfurt,Germany,176,10,111,219,89,-,179,155,212,124,328,48.01
2015,University of Göttingen,Germany,177,11,43,171,176,-,174,146,264,184,299,47.98
2015,Hokkaido University,Japan,178,10,279,277,135,-,148,173,287,251,53,47.97
2015,Australian National University,Australia,179,6,196,379,52,-,130,99,197,188,415,47.97
2015,Shanghai Jiao Tong University,China,180,3,335,143,218+,-,81,267,212,209,198,47.96
2015,University of New Mexico,USA,181,78,367+,567+,218+,-,223,170,82,147,100,47.95
2015,University of Strasbourg,France,182,7,71,567+,49,-,191,145,264,219,269,47.89
2015,University of Massachusetts Medical School,USA,183,79,367+,567+,80,-,296,76,234,122,143,47.85
2015,University of Houston,USA,184,80,367+,42,218+,-,310,257,511,349,156,47.83
2015,Trinity College - Dublin,Ireland,185,1,338,78,200,-,289,233,115,204,153,47.73
2015,University of Lausanne,Switzerland,186,6,102,423,218+,-,235,101,115,117,683,47.73
2015,Iowa State University,USA,187,81,286,186,109,-,151,178,82,184,339,47.71
2015,Joseph Fourier University,France,188,8,195,567+,218+,-,110,93,234,170,160,47.71
2015,Wayne State University,USA,189,82,367+,183,218+,-,189,258,125,176,117,47.67
2015,University of South Florida - Tampa,USA,190,83,367+,418,218+,-,233,251,197,164,70,47.66
2015,Zhejiang University,China,191,4,367+,309,218+,-,71,290,368,265,106,47.66
2015,Hanyang University,South Korea,192,6,367+,168,218+,-,286,471,368,396,31,47.60
2015,University of Ottawa,Canada,193,9,223,163,218+,-,171,194,212,134,496,47.60
2015,University of Missouri - Columbia,USA,194,84,250,88,98,-,222,226,161,242,150,47.59
2015,Fudan University,China,195,5,367+,203,218+,-,112,252,368,204,123,47.56
2015,University of Kansas,USA,196,85,228,91,218+,-,212,161,161,235,127,47.52
2015,University of Cologne,Germany,197,12,367+,132,201,-,204,138,146,161,421,47.52
2015,University of Georgia,USA,198,86,93,188,172,-,181,132,234,256,82,47.50
2015,University of Liverpool,United Kingdom,199,15,176,179,207,-,154,172,128,174,377,47.49
2015,University of Bern,Switzerland,200,7,184,526,213,-,163,128,93,159,433,47.49
2015,Cardiff University,United Kingdom,201,16,321,218,143,-,178,153,146,170,193,47.46
2015,George Washington University,USA,202,87,192,56,218+,-,301,227,264,235,326,47.46
2015,University of Illinois at Chicago,USA,203,88,367+,541,218+,-,126,196,287,179,129,47.39
2015,University of Erlangen - Nuremberg,Germany,204,13,231,554,218+,-,176,202,146,134,361,47.36
2015,University of Münster,Germany,205,14,113,421,174,-,170,192,136,174,192,47.34
2015,Aix - Marseille University,France,206,9,218,451,218+,-,119,87,182,197,230,47.31
2015,Claude Bernard University Lyon 1,France,207,10,367+,567+,218+,-,132,121,234,184,151,47.31
2015,University of Bologna,Italy,208,4,350,348,218+,-,136,281,212,161,354,47.28
2015,Queen Mary University of London,United Kingdom,209,17,147,319,218+,-,226,175,212,138,255,47.25
2015,Dresden University of Technology,Germany,210,15,367+,567+,218+,-,188,212,146,195,102,47.25
2015,Sungkyunkwan University,South Korea,211,7,367+,225,218+,-,194,317,161,270,69,47.19
2015,Newcastle University,United Kingdom,212,18,367+,222,218+,-,192,159,234,159,365,47.17
2015,Karlsruhe Institute of Technology,Germany,213,16,356,208,131,-,193,280,146,247,103,47.15
2015,University of California - Riverside,USA,214,89,247,567+,218+,-,209,113,161,169,194,47.13
2015,University of Kiel,Germany,215,17,193,487,198,-,232,183,161,143,310,47.11
2015,University of Western Australia,Australia,216,7,156,306,145,-,146,181,368,179,399,47.10
2015,Paris Descartes University,France,217,11,203,567+,218+,-,177,142,287,156,455,47.06
2015,University of Connecticut,USA,218,90,296,259,218+,-,168,193,197,190,186,47.06
2015,University of Massachusetts Amherst,USA,219,91,212,141,159,-,198,191,212,200,356,47.05
2015,Chinese University of Hong Kong,Hong Kong,220,2,100,479,116,-,162,356,212,209,168,47.05
2015,University of Turin,Italy,221,5,315,450,163,-,206,278,197,150,613,47.04
2015,University of Manitoba,Canada,222,10,157,93,155,-,261,308,212,256,175,47.04
2015,University of Vienna,Austria,223,1,191,185,101,-,231,154,161,200,671,47.03
2015,University of Montpellier,France,224,12,289,462,169,-,165,129,146,184,511,47.00
2015,Maastricht University,Netherlands,225,8,367+,567+,218+,-,185,354,234,156,281,47.00
2015,National Cheng Kung University,Taiwan,226,2,367+,52,218+,-,164,485,812+,388,436,46.97
2015,University of Tennessee - Knoxville,USA,227,92,319,117,218+,-,196,187,197,219,449,46.96
2015,Complutense University of Madrid,Spain,228,2,86,68,214,-,215,309,368,335,256,46.96
2015,Laval University,Canada,229,11,292,273,218+,-,207,270,182,200,140,46.95
2015,RWTH Aachen University,Germany,230,18,357,238,131,-,197,359,182,219,158,46.90
2015,Université catholique de Louvain,Belgium,231,4,367+,264,97,-,283,325,115,213,236,46.89
2015,North Carolina State University,USA,232,93,251,228,218+,-,157,206,182,242,161,46.89
2015,Johannes Gutenberg University of Mainz,Germany,233,19,367+,567+,194,-,210,185,161,164,523,46.88
2015,University of Texas Health Science Center at San Antonio,USA,234,94,367+,567+,218+,-,314,229,197,140,315,46.88
2015,Julius - Maximilian's University of Würzburg,Germany,235,20,106,391,168,-,216,179,287,179,369,46.85
2015,Paul Sabatier University - Toulouse III,France,236,13,367+,567+,218+,-,158,102,321,188,514,46.81
2015,University of Gothenburg,Sweden,237,6,257,294,116,-,217,197,136,197,871+,46.79
2015,University College Dublin,Ireland,238,2,241,112,218+,-,288,285,128,247,278,46.79
2015,University of Science and Technology of China,China,239,6,367+,192,218+,-,128,269,368,247,452,46.73
2015,University of Leicester,United Kingdom,240,19,367+,567+,218+,-,258,139,197,170,385,46.72
2015,Autonomous University of Barcelona,Spain,241,3,367+,567+,218+,-,144,220,264,213,277,46.72
2015,University of Dundee,United Kingdom,242,20,178,567+,218+,-,354,200,161,176,216,46.68
2015,Norwegian University of Science and Technology,Norway,243,2,252,119,75,-,279,366,212,273,327,46.67
2015,Nanjing University,China,244,7,342,362,218+,-,134,358,234,265,164,46.61
2015,Okayama University,Japan,245,11,367+,288,218+,-,353,335,287,318,60,46.59
2015,London School of Hygiene & Tropical Medicine,United Kingdom,246,21,367+,567+,159,-,300,294,264,164,736,46.59
2015,University of Florence,Italy,247,6,327,326,94,-,218,275,197,227,564,46.58
2015,University of Cape Town,South Africa,248,2,104,126,146,-,319,236,234,265,268,46.58
2015,University of Texas Health Science Center at Houston,USA,249,95,367+,567+,155,-,257,162,212,190,337,46.56
2015,Moscow Institute of Physics and Technology,Russia,250,2,23,339,218+,-,949,605,812+,1000,839,46.55
2015,University of Düsseldorf,Germany,251,21,185,567+,218+,-,297,209,182,178,454,46.54
2015,Florida State University,USA,252,96,367+,334,218+,-,200,184,136,225,411,46.53
2015,University of Sussex,United Kingdom,253,22,151,257,57,-,359,250,161,308,553,46.49
2015,Thomas Jefferson University,USA,254,97,158,567+,218+,-,333,334,161,179,502,46.47
2015,Delft University of Technology,Netherlands,255,9,307,300,218+,-,224,224,264,247,146,46.46
2015,Virginia Polytechnic Institute and State University,USA,256,98,283,152,218+,-,201,264,234,285,181,46.46
2015,University of Lisbon,Portugal,257,1,337,465,152,-,155,296,197,251,495,46.43
2015,Drexel University,USA,258,99,367+,233,218+,-,362,338,287,273,91,46.43
2015,Virginia Commonwealth University,USA,259,100,367+,403,150,-,264,253,321,213,206,46.43
2015,Oregon State University,USA,260,101,189,239,218+,-,263,148,161,235,389,46.42
2015,Durham University,United Kingdom,261,23,132,267,116,-,248,199,197,242,460,46.42
2015,University of Tsukuba,Japan,262,12,202,567+,107,-,230,255,212,242,213,46.41
2015,University of Reading,United Kingdom,263,24,258,63,218+,-,400,347,182,361,666,46.40
2015,Lehigh University,USA,264,102,367+,47,218+,-,615,542,511,511,534,46.40
2015,Medical University of Vienna,Austria,265,2,367+,567+,218+,-,251,228,212,197,366,46.39
2015,University of Auckland,New Zealand,266,1,235,419,218+,-,253,260,234,256,125,46.38
2015,University of Kentucky,USA,267,103,332,290,218+,-,182,216,321,231,447,46.37
2015,University of Naples Federico II,Italy,268,7,331,459,218+,-,175,324,234,227,792,46.36
2015,University of Waterloo,Canada,269,12,367+,124,218+,-,190,333,234,292,626,46.34
2015,Charles University in Prague,Czech Republic,270,1,238,560,116,-,228,238,182,227,636,46.32
2015,Colorado State University - Fort Collins,USA,271,104,211,493,148,-,244,203,234,231,257,46.32
2015,Tulane University,USA,272,105,324,144,218+,-,365,299,264,251,258,46.31
2015,University at Buffalo - The State University of New York,USA,273,106,367+,398,218+,-,203,298,287,235,237,46.30
2015,Brandeis University,USA,274,107,51,342,78,-,549,195,428,330,249,46.29
2015,Northeastern University,USA,275,108,316,125,218+,-,370,312,264,362,86,46.29
2015,Wageningen University and Research Centre,Netherlands,276,10,293,512,175,-,214,168,234,235,477,46.26
2015,Sun Yat - sen University,China,277,8,367+,254,218+,-,161,393,287,285,221,46.25
2015,University of Ulm,Germany,278,22,367+,471,131,-,290,231,321,209,594,46.24
2015,London School of Economics,United Kingdom,279,25,78,65,91,-,503,739,264,590,871+,46.22
2015,Vrije Universiteit Brussel,Belgium,280,5,110,567+,218+,-,294,301,161,231,506,46.21
2015,University of Delaware,USA,281,109,318,337,135,-,272,304,234,292,120,46.21
2015,Rensselaer Polytechnic Institute,USA,282,110,137,142,218+,-,402,346,182,292,210,46.19
2015,University of Bergen,Norway,283,3,367+,567+,218+,-,229,201,212,227,871+,46.18
2015,Queen's University,Canada,284,13,322,155,218+,-,254,274,264,281,275,46.18
2015,University of Aberdeen,United Kingdom,285,26,360,314,199,-,273,207,287,225,422,46.17
2015,Dalhousie University,Canada,286,14,367+,137,218+,-,280,247,264,273,384,46.17
2015,Umeå University,Sweden,287,7,367+,567+,218+,-,275,198,212,219,871+,46.14
2015,University of Duisburg - Essen,Germany,288,23,367+,498,218+,-,287,282,321,216,348,46.13
2015,City College of New York,USA,289,111,31,187,218+,-,680,422,511,590,358,46.12
2015,Hiroshima University,Japan,290,13,367+,567+,218+,-,304,287,428,273,112,46.12
2015,University of Texas at San Antonio,USA,291,112,367+,567+,218+,-,445,376,197,216,254,46.10
2015,Hannover Medical School,Germany,292,24,367+,567+,218+,-,322,245,287,219,308,46.07
2015,University of Warwick,United Kingdom,293,27,210,444,116,-,205,239,161,308,234,46.05
2015,University of Valencia,Spain,294,4,367+,470,218+,-,208,348,264,256,548,46.03
2015,University of Pisa,Italy,295,8,273,473,218+,-,227,360,212,255,528,46.03
2015,Ruhr University Bochum,Germany,296,25,367+,235,218+,-,236,235,368,265,797,46.00
2015,Medical College of Wisconsin,USA,297,113,367+,567+,218+,-,337,284,321,219,659,45.97
2015,University of Louisville,USA,298,114,367+,484,218+,-,338,405,368,300,105,45.97
2015,University of Bordeaux,France,299,14,354,567+,218+,-,291,265,234,251,297,45.96
2015,University of South Carolina - Columbia,USA,300,115,367+,299,185,-,262,367,146,273,649,45.95
2015,National and Kapodistrian University of Athens,Greece,301,1,367+,200,218+,-,245,416,428,273,871+,45.94
2015,Leipzig University,Germany,302,26,326,567+,208,-,281,266,511,242,364,45.94
2015,Medical University of South Carolina,USA,303,116,367+,567+,218+,-,316,364,287,231,508,45.94
2015,Autonomous University of Madrid,Spain,304,5,367+,460,218+,-,225,256,321,262,443,45.92
2015,Dalian University of Technology,China,305,9,367+,104,218+,-,313,667,511,409,131,45.92
2015,Stellenbosch University,South Africa,306,3,367+,66,218+,-,520,503,321,486,219,45.92
2015,Kyungpook National University,South Korea,307,8,367+,412,218+,-,355,625,321,413,66,45.92
2015,University of Porto,Portugal,308,2,94,316,90,-,266,380,264,341,405,45.91
2015,University of St Andrews,United Kingdom,309,28,145,506,218+,-,308,188,321,281,189,45.89
2015,Gwangju Institute of Science and Technology,South Korea,310,9,367+,567+,218+,-,540,538,368,529,54,45.88
2015,Chulalongkorn University,Thailand,311,1,367+,57,218+,-,584,734,511,558,871+,45.86
2015,University of Antwerp,Belgium,312,6,367+,567+,218+,-,265,307,234,265,372,45.84
2015,Xiamen University,China,313,10,367+,80,218+,-,331,493,645,409,467,45.83
2015,University of Nebraska - Lincoln,USA,314,117,165,207,218+,-,278,262,234,311,456,45.80
2015,Nankai University,China,315,11,334,135,218+,-,282,454,321,334,419,45.80
2015,University of Stuttgart,Germany,316,27,82,172,218+,-,399,369,511,335,376,45.79
2015,University of Rome Tor Vergata,Italy,317,9,367+,557,218+,-,267,272,287,262,816,45.79
2015,University of Regensburg,Germany,318,28,367+,303,218+,-,302,241,287,270,522,45.79
2015,Hong Kong University of Science and Technology,Hong Kong,319,3,367+,359,218+,-,256,466,368,300,185,45.77
2015,Kobe University,Japan,320,14,95,240,116,-,368,271,321,335,301,45.74
2015,University of Liège,Belgium,321,7,143,567+,144,-,317,218,234,300,285,45.73
2015,Federal University of Rio de Janeiro,Brazil,322,2,125,116,218+,-,305,330,645,381,295,45.72
2015,Rush University,USA,323,118,367+,567+,218+,-,427,404,197,260,871+,45.71
2015,University of Vermont,USA,324,119,198,256,218+,-,357,288,368,285,397,45.70
2015,University of York,United Kingdom,325,29,367+,567+,218+,-,270,205,161,300,406,45.69
2015,Boston College,USA,326,120,367+,97,218+,-,557,363,197,402,386,45.65
2015,University of Pavia,Italy,327,10,295,380,214,-,330,381,264,273,680,45.64
2015,University of Jena,Germany,328,29,367+,567+,218+,-,260,263,321,289,457,45.64
2015,Vita - Salute San Raffaele University,Italy,329,11,367+,567+,218+,-,478,279,321,260,871+,45.61
2015,University of Genoa,Italy,330,12,367+,567+,218+,-,299,402,234,285,537,45.61
2015,Tianjin University,China,331,12,367+,77,218+,-,348,934,428,606,245,45.61
2015,Louisiana State University - Baton Rouge,USA,332,121,270,177,218+,-,292,215,197,353,458,45.61
2015,University of Exeter,United Kingdom,333,30,264,481,218+,-,293,174,428,295,353,45.59
2015,National Autonomous University of Mexico,Mexico,334,1,282,546,218+,-,199,219,368,330,486,45.58
2015,University of Adelaide,Australia,335,8,219,445,218+,-,234,243,287,318,465,45.58
2015,University of East Anglia,United Kingdom,336,31,206,567+,179,-,349,211,146,313,500,45.58
2015,York University,Canada,337,15,367+,106,218+,-,382,408,264,388,871+,45.56
2015,University of Navarra,Spain,338,6,367+,76,218+,-,578,722,511,503,645,45.56
2015,University of Oregon,USA,339,122,346,567+,218+,-,378,217,161,295,729,45.55
2015,St George's - University of London,United Kingdom,340,32,367+,567+,218+,-,554,476,368,262,648,45.55
2015,Indian Institute of Technology Delhi,India,341,1,367+,59,218+,-,635,943,812+,781,625,45.54
2015,University of Trieste,Italy,342,13,367+,443,218+,-,395,286,287,281,616,45.54
2015,Queen's University Belfast,United Kingdom,343,33,183,387,218+,-,306,276,264,313,377,45.53
2015,University of Perugia,Italy,344,14,367+,567+,116,-,375,332,428,289,642,45.53
2015,Technical University of Berlin,Germany,345,30,85,271,218+,-,360,412,368,388,177,45.52
2015,University of Marburg,Germany,346,31,304,567+,217,-,329,249,428,300,271,45.51
2015,University of Innsbruck,Austria,347,3,197,397,112,-,430,222,287,311,442,45.51
2015,Eindhoven University of Technology,Netherlands,348,11,367+,347,186,-,306,549,321,318,279,45.51
2015,Ben - Gurion University of the Negev,Israel,349,5,367+,567+,218+,-,277,379,428,381,118,45.49
2015,University of Oklahoma - Norman Campus,USA,350,123,367+,150,218+,-,383,240,234,362,474,45.49
2015,Wesleyan University,USA,351,124,154,61,218+,-,983,506,812+,850,871+,45.48
2015,University of Victoria,Canada,352,16,367+,567+,218+,-,321,328,234,300,853,45.48
2015,Kansas State University,USA,353,125,130,229,218+,-,373,320,212,358,294,45.47
2015,Hong Kong Polytechnic University,Hong Kong,354,4,367+,166,218+,-,259,764,511,375,329,45.47
2015,Linköping University,Sweden,355,8,367+,237,218+,-,323,401,368,324,871+,45.47
2015,University of Southern Denmark,Denmark,356,4,367+,567+,218+,-,386,327,321,295,320,45.46
2015,University of Otago,New Zealand,357,2,367+,377,218+,-,312,353,287,313,542,45.44
2015,Justus Liebig University Giessen,Germany,358,32,367+,567+,218+,-,332,357,264,313,309,45.43
2015,University of New Hampshire,USA,359,126,367+,318,79,-,531,273,234,362,596,45.42
2015,College of William and Mary,USA,360,127,367+,85,218+,-,611,459,321,511,809,45.42
2015,San Diego State University,USA,361,128,248,204,218+,-,467,302,264,339,509,45.41
2015,Simon Fraser University,Canada,362,17,367+,567+,218+,-,284,303,368,324,381,45.40
2015,University of Santiago de Compostela,Spain,363,7,367+,489,218+,-,385,600,287,373,126,45.40
2015,Saint Louis University,USA,364,129,367+,261,202,-,458,293,428,330,286,45.39
2015,Colorado School of Mines,USA,365,130,367+,81,218+,-,668,601,321,565,690,45.39
2015,University of Eastern Finland,Finland,366,2,367+,567+,218+,-,374,388,321,300,861,45.37
2015,University of Buenos Aires,Argentina,367,1,126,500,180,-,276,350,321,344,871+,45.37
2015,University of Guelph,Canada,368,18,367+,483,218+,-,325,277,146,344,445,45.36
2015,University of Ferrara,Italy,369,15,367+,567+,218+,-,416,392,287,300,656,45.36
2015,Polytechnic University of Catalonia,Spain,370,8,367+,330,218+,-,371,576,368,540,85,45.36
2015,Versailles Saint - Quentin - en - Yvelines University,France,371,15,367+,567+,218+,-,443,232,264,308,839,45.36
2015,Saarland University,Germany,372,33,367+,375,218+,-,392,434,428,318,367,45.33
2015,City University of Hong Kong,Hong Kong,373,5,367+,567+,218+,-,252,874,511,339,387,45.33
2015,Darmstadt University of Technology,Germany,374,34,66,344,218+,-,376,457,368,413,330,45.32
2015,Pompeu Fabra University,Spain,375,9,367+,567+,218+,-,397,164,428,318,604,45.31
2015,Pontifical Catholic University of Chile,Chile,376,1,343,139,218+,-,446,310,645,388,396,45.31
2015,University of Bari Aldo Moro,Italy,377,16,367+,567+,218+,-,352,322,511,313,527,45.31
2015,University of Texas Medical Branch at Galveston,USA,378,131,367+,567+,218+,-,401,311,321,324,333,45.30
2015,University of Delhi,India,379,2,240,72,218+,-,703,763,812+,796,797,45.30
2015,Washington State University - Pullman,USA,380,132,367+,301,131,-,334,234,428,362,298,45.29
2015,Temple University,USA,381,133,272,553,218+,-,326,349,511,349,211,45.29
2015,University of Milan - Bicocca,Italy,382,17,367+,567+,218+,-,390,305,287,324,468,45.28
2015,University of Turku,Finland,383,3,367+,531,218+,-,320,319,812+,330,568,45.27
2015,Chonnam National University,South Korea,384,10,367+,547,218+,-,405,589,511,437,109,45.27
2015,University of Lorraine,France,385,16,216,213,190,-,311,342,321,437,208,45.25
2015,National Chiao Tung University,Taiwan,386,3,367+,206,218+,-,240,651,428,413,871+,45.24
2015,Catholic University of the Sacred Heart,Italy,387,18,367+,555,218+,-,424,482,321,324,770,45.22
2015,University at Albany - SUNY,USA,388,134,180,567+,165,-,411,374,212,353,531,45.22
2015,Xi'an Jiaotong University,China,389,13,367+,154,218+,-,271,583,812+,606,174,45.21
2015,Ewha Womans University,South Korea,390,11,367+,567+,218+,-,462,509,645,457,107,45.20
2015,Jilin University,China,391,14,220,338,218+,-,239,452,645,375,551,45.20
2015,Tokyo Medical and Dental University,Japan,392,15,367+,567+,218+,-,473,352,645,335,272,45.20
2015,Scuola Normale Superiore di Pisa,Italy,393,19,263,567+,61,-,548,526,321,503,871+,45.20
2015,University of Central Florida,USA,394,135,367+,501,218+,-,381,386,511,381,159,45.18
2015,Innsbruck Medical University,Austria,395,4,367+,567+,218+,-,469,413,812+,324,678,45.18
2015,Beijing Normal University,China,396,15,57,567+,218+,-,363,492,428,480,755,45.17
2015,Polytechnic University of Milan,Italy,397,20,103,181,191,-,358,510,428,503,292,45.17
2015,University of Seville,Spain,398,10,367+,564,218+,-,339,516,428,529,104,45.17
2015,University of Nebraska Medical Center,USA,399,136,367+,567+,218+,-,463,399,368,344,253,45.16
2015,Huazhong University of Science and Technology,China,400,16,367+,282,218+,-,219,626,645,480,242,45.16
2015,Kyung Hee University,South Korea,401,12,245,495,218+,-,380,584,645,558,95,45.16
2015,Chalmers University of Technology,Sweden,402,9,361,311,218+,-,367,426,428,349,871+,45.16
2015,Brigham Young University,USA,403,137,298,361,218+,-,498,424,287,424,134,45.15
2015,University of Campinas,Brazil,404,3,367+,567+,218+,-,295,575,511,388,197,45.14
2015,University of Bath,United Kingdom,405,34,367+,368,218+,-,388,378,287,353,478,45.14
2015,Saint Petersburg State University,Russia,406,3,47,250,218+,-,621,574,645,754,816,45.14
2015,National Tsing Hua University,Taiwan,407,4,262,520,218+,-,238,425,428,375,731,45.14
2015,University of Twente,Netherlands,408,12,367+,511,218+,-,343,511,368,358,288,45.14
2015,University of Alabama - Tuscaloosa,USA,409,138,325,140,218+,-,511,490,368,471,314,45.14
2015,Harbin Institute of Technology,China,410,17,367+,244,218+,-,241,847,645,437,375,45.14
2015,University of Verona,Italy,411,21,367+,567+,218+,-,508,464,212,341,736,45.13
2015,Oklahoma State University - Stillwater,USA,412,139,239,153,218+,-,447,648,428,471,303,45.13
2015,Shandong University,China,413,18,367+,437,218+,-,213,604,511,409,538,45.13
2015,George Mason University,USA,414,140,367+,567+,98,-,450,371,264,388,526,45.13
2015,Wuhan University,China,415,19,367+,258,218+,-,274,612,645,396,576,45.13
2015,Swedish University of Agricultural Sciences,Sweden,416,10,146,567+,218+,-,393,268,428,353,871+,45.12
2015,Concordia University,Canada,417,19,367+,99,218+,-,545,745,645,590,718,45.12
2015,Chiba University,Japan,418,16,367+,567+,218+,-,361,343,368,362,267,45.11
2015,Kumamoto University,Japan,419,17,308,353,218+,-,495,441,428,409,152,45.11
2015,Tongji University,China,420,20,153,115,218+,-,346,480,645,671,373,45.10
2015,Aalto University,Finland,421,4,367+,224,218+,-,336,403,645,424,246,45.10
2015,Chonbuk National University,South Korea,422,13,367+,567+,218+,-,507,774,812+,646,83,45.09
2015,Peking Union Medical College,China,423,21,367+,567+,218+,-,324,297,368,358,797,45.09
2015,Georgia Regents University,USA,424,141,367+,567+,218+,-,482,418,368,341,481,45.09
2015,University of Chile,Chile,425,2,242,173,218+,-,418,351,645,424,489,45.08
2015,Lancaster University,United Kingdom,426,35,367+,360,218+,-,364,398,234,369,673,45.08
2015,Vienna University of Technology,Austria,427,5,363,350,218+,-,377,377,321,424,171,45.08
2015,University of Denver,USA,428,142,312,101,218+,-,901,522,511,590,760,45.08
2015,University of Arkansas for Medical Sciences,USA,429,143,367+,567+,218+,-,501,565,812+,344,340,45.08
2015,Grenoble Institute of Technology,France,430,17,144,567+,188,-,328,520,428,388,345,45.06
2015,University of Granada,Spain,431,11,367+,567+,218+,-,303,449,321,424,190,45.06
2015,University of Modena and Reggio Emilia,Italy,432,22,367+,567+,218+,-,435,474,368,349,709,45.04
2015,Ajou University,South Korea,433,14,367+,426,218+,-,646,729,645,671,89,45.04
2015,Gyeongsang National University,South Korea,434,15,367+,567+,218+,-,633,673,645,606,93,45.04
2015,Technical University of Madrid,Spain,435,12,215,212,218+,-,470,697,645,770,110,45.03
2015,University College Cork,Ireland,436,3,367+,430,218+,-,426,431,368,402,195,45.03
2015,Loyola University Chicago,USA,437,144,367+,366,218+,-,522,438,511,353,713,45.03
2015,Central South University,China,438,22,367+,131,218+,-,366,783,511,558,444,45.02
2015,South China University of Technology,China,439,23,367+,266,218+,-,347,620,511,471,196,45.02
2015,Polytechnic University of Valencia,Spain,440,13,367+,567+,218+,-,386,505,645,437,155,45.02
2015,West Virginia University,USA,441,145,328,178,218+,-,441,409,428,437,617,45.02
2015,University of Tampere,Finland,442,5,367+,297,218+,-,526,439,511,362,679,45.02
2015,Southeast University,China,443,24,168,488,218+,-,369,702,645,480,149,45.01
2015,Miami University,USA,444,146,367+,102,218+,-,715,543,511,659,871+,45.00
2015,University of Dayton,USA,445,147,348,90,218+,-,988,818,511,781,675,44.99
2015,University of Siena,Italy,446,23,367+,482,218+,-,420,365,287,369,712,44.98
2015,University of Oulu,Finland,447,6,275,369,218+,-,432,344,368,375,521,44.96
2015,Indian Institute of Science,India,448,3,367+,332,218+,-,315,537,511,447,239,44.96
2015,Macquarie University,Australia,449,9,367+,304,218+,-,391,292,321,402,530,44.96
2015,University of Rostock,Germany,450,35,364,567+,218+,-,443,591,511,373,325,44.96
2015,Jagiellonian University,Poland,451,1,367+,567+,218+,-,403,465,645,375,355,44.94
2015,Pusan National University,South Korea,452,16,367+,401,218+,-,398,488,428,503,147,44.94
2015,University of Strathclyde,United Kingdom,453,36,367+,216,218+,-,389,467,368,486,305,44.94
2015,University of Nevada - Reno,USA,454,148,367+,364,218+,-,542,382,264,381,708,44.93
2015,University of Saskatchewan,Canada,455,20,336,278,218+,-,335,442,287,457,427,44.92
2015,University of Parma,Italy,456,24,367+,356,218+,-,438,463,368,381,741,44.92
2015,Kanazawa University,Japan,457,18,367+,416,218+,-,474,419,511,381,350,44.92
2015,Eötvös Loránd University,Hungary,458,1,89,567+,116,-,559,444,287,495,724,44.92
2015,Aristotle University of Thessaloniki,Greece,459,2,367+,567+,218+,-,340,683,511,381,756,44.92
2015,Ohio University,USA,460,149,205,174,218+,-,590,472,812+,565,224,44.91
2015,University of Iceland,Iceland,461,1,367+,567+,218+,-,612,295,321,369,839,44.91
2015,University of Warsaw,Poland,462,2,118,562,150,-,409,462,428,437,716,44.91
2015,Syracuse University,USA,463,150,138,221,218+,-,453,494,428,495,392,44.91
2015,Bielefeld University,Germany,464,36,367+,567+,218+,-,480,375,511,369,774,44.91
2015,Juntendo University,Japan,465,19,367+,567+,218+,-,653,498,428,362,853,44.90
2015,University of Wyoming,USA,466,151,367+,230,218+,-,534,316,321,457,380,44.89
2015,University of Wollongong,Australia,467,10,367+,269,218+,-,431,433,428,424,493,44.88
2015,Niigata University,Japan,468,20,367+,285,218+,-,527,514,511,447,238,44.88
2015,Texas Tech University (TTU),USA,469,152,367+,184,218+,-,455,618,287,511,809,44.87
2015,Middle East Technical University,Turkey,470,1,367+,120,218+,-,550,879,511,659,871+,44.87
2015,École normale supérieure de Lyon,France,471,18,367+,567+,135,-,481,210,511,413,589,44.87
2015,Brunel University,United Kingdom,472,37,367+,236,218+,-,497,676,511,437,667,44.86
2015,Nihon University,Japan,473,21,301,565,218+,-,599,588,812+,637,113,44.86
2015,Osaka City University,Japan,474,22,108,414,218+,-,484,536,321,471,374,44.86
2015,University of Rennes 1,France,475,19,367+,567+,218+,-,351,341,428,420,344,44.86
2015,University of Oklahoma Health Sciences Center,USA,476,153,367+,567+,218+,-,580,461,511,375,482,44.86
2015,East China University of Science and Technology,China,477,25,367+,567+,218+,-,423,828,645,471,184,44.86
2015,University of KwaZulu - Natal,South Africa,478,4,367+,148,218+,-,562,397,368,579,539,44.85
2015,Sichuan University,China,479,26,367+,563,218+,-,269,478,645,447,597,44.85
2015,Illinois Institute of Technology,USA,480,154,274,114,218+,-,784,713,511,715,861,44.85
2015,Tokyo University of Science,Japan,481,23,367+,567+,218+,-,530,530,428,457,191,44.84
2015,University of Science - Malaysia,Malaysia,482,1,367+,567+,218+,-,669,888,428,809,94,44.84
2015,Clemson University,USA,483,155,367+,535,218+,-,433,497,645,396,510,44.83
2015,University of Zaragoza,Spain,484,14,366,408,218+,-,342,675,428,471,276,44.83
2015,University of the Basque Country,Spain,485,15,367+,567+,218+,-,318,387,511,480,266,44.83
2015,Nagasaki University,Japan,486,24,299,214,218+,-,614,607,645,529,233,44.82
2015,Technical University of Dortmund,Germany,487,37,367+,567+,218+,-,459,528,368,420,284,44.82
2015,University of Hawaii at Manoa,USA,488,156,367+,435,153,-,448,213,368,457,490,44.82
2015,University of Nebraska Omaha,USA,489,157,367+,365,218+,-,704,606,428,396,871+,44.81
2015,University of Konstanz,Germany,490,38,367+,567+,218+,-,475,337,368,402,614,44.81
2015,Panjab University,India,491,4,333,167,218+,-,720,786,368,540,824,44.80
2015,University of Hanover,Germany,492,39,367+,485,218+,-,434,507,368,457,250,44.80
2015,University of Maryland - Baltimore County,USA,493,158,367+,567+,218+,-,587,391,428,402,423,44.80
2015,University of Newcastle,Australia,494,11,367+,567+,218+,-,408,496,812+,424,322,44.79
2015,University of Ulsan,South Korea,495,17,367+,436,218+,-,421,599,645,424,370,44.79
2015,Renmin University of China,China,496,27,367+,100,218+,-,965,936,812+,896,715,44.79
2015,Martin Luther University of Halle - Wittenberg,Germany,497,40,358,567+,210,-,394,345,812+,413,706,44.79
2015,University of Malaya,Malaysia,498,2,367+,138,218+,-,572,877,428,741,274,44.79
2015,University of Savoy,France,499,20,367+,567+,218+,-,490,435,428,402,731,44.79
2015,University of Udine,Italy,500,25,367+,567+,218+,-,600,390,511,396,634,44.78
2015,Tokyo Metropolitan University,Japan,501,25,367+,415,218+,-,593,460,321,413,574,44.78
2015,University of Sherbrooke,Canada,502,21,367+,567+,218+,-,454,421,321,413,853,44.77
2015,University of Brescia,Italy,503,26,367+,567+,218+,-,585,614,645,396,816,44.77
2015,University of Ljubljana,Slovenia,504,1,367+,567+,218+,-,341,415,321,457,507,44.77
2015,University of Nice Sophia Antipolis,France,505,21,266,567+,218+,-,451,259,511,424,513,44.75
2015,University of Hull,United Kingdom,506,38,305,253,162,-,602,557,511,511,524,44.75
2015,University of Coimbra,Portugal,507,3,359,567+,218+,-,415,423,645,424,459,44.75
2015,Creighton University,USA,508,159,367+,567+,218+,-,824,724,368,402,615,44.75
2015,Georgia State University,USA,509,160,367+,405,218+,-,449,484,511,457,360,44.74
2015,University of Wisconsin - Milwaukee,USA,510,161,229,248,218+,-,516,491,511,503,871+,44.74
2015,Catholic University of Korea,South Korea,511,18,367+,567+,218+,-,576,792,645,590,139,44.74
2015,University of Tokushima,Japan,512,26,107,567+,218+,-,643,453,645,529,247,44.73
2015,Yokohama City University,Japan,513,27,367+,231,218+,-,685,370,645,520,359,44.73
2015,Lanzhou University,China,514,28,367+,567+,218+,-,350,689,645,457,624,44.72
2015,University of Crete,Greece,515,3,367+,567+,218+,-,491,518,511,420,871+,44.72
2015,SUNY Downstate Medical Center,USA,516,162,367+,567+,155,-,756,446,511,437,660,44.72
2015,University of Potsdam,Germany,517,41,367+,567+,218+,-,485,313,511,424,584,44.72
2015,Yokohama National University,Japan,518,28,88,217,135,-,909,865,645,809,440,44.72
2015,New Mexico State University,USA,519,163,367+,432,218+,-,711,585,321,424,871+,44.71
2015,University of Bayreuth,Germany,520,42,367+,567+,218+,-,457,331,321,447,603,44.71
2015,Bar - Ilan University,Israel,521,6,280,392,218+,-,404,410,645,495,338,44.71
2015,University of Mississippi - Oxford Campus,USA,522,164,367+,567+,218+,-,508,851,428,424,611,44.70
2015,University of Tasmania,Australia,523,12,367+,567+,218+,-,429,261,645,447,727,44.70
2015,Graduate University for Advanced Studies,Japan,524,29,367+,567+,218+,-,613,291,645,420,871+,44.70
2015,University of Surrey,United Kingdom,525,39,217,295,218+,-,419,553,428,549,300,44.70
2015,Federal University of Minas Gerais,Brazil,526,4,367+,425,218+,-,417,521,428,549,207,44.70
2015,University of Tromsø - The Arctic University of Norway,Norway,527,4,367+,567+,218+,-,493,407,287,447,824,44.70
2015,University of Palermo,Italy,528,27,367+,567+,218+,-,452,545,812+,437,559,44.70
2015,Shinshu University,Japan,529,30,367+,517,218+,-,594,602,368,486,244,44.70
2015,University of Science and Technology Beijing,China,530,29,367+,121,218+,-,542,937,511,886,408,44.70
2015,University of Catania,Italy,531,28,213,567+,218+,-,438,693,428,457,853,44.69
2015,Mahidol University,Thailand,532,2,367+,567+,218+,-,476,372,368,447,861,44.69
2015,University of Canterbury,New Zealand,533,3,190,195,218+,-,569,437,428,606,871+,44.68
2015,Indian Institute of Technology Madras,India,534,5,367+,147,218+,-,523,943,812+,796,317,44.68
2015,University of Bremen,Germany,535,43,367+,567+,218+,-,466,289,321,471,515,44.68
2015,Otto - von - Guericke University Magdeburg,Germany,536,44,367+,567+,218+,-,486,629,511,457,388,44.68
2015,University of Tartu,Estonia,537,1,365,567+,218+,-,586,318,368,457,426,44.68
2015,University of Windsor,Canada,538,22,367+,133,218+,-,764,912,812+,754,658,44.68
2015,University of Nantes,France,539,22,367+,567+,218+,-,483,420,511,447,579,44.67
2015,Royal Holloway - University of London,United Kingdom,540,40,367+,567+,218+,-,564,306,428,447,556,44.67
2015,James Cook University,Australia,541,13,367+,567+,218+,-,505,248,428,457,665,44.67
2015,National Yang - Ming University,Taiwan,542,5,367+,567+,218+,-,345,517,511,495,824,44.65
2015,University of Akron,USA,543,165,367+,400,218+,-,656,653,645,606,166,44.65
2015,National Chung Hsing University,Taiwan,544,6,367+,211,218+,-,412,682,511,606,871+,44.65
2015,City University London,United Kingdom,545,41,367+,122,218+,-,785,861,812+,880,601,44.64
2015,New York Medical College,USA,546,166,367+,567+,218+,-,752,622,812+,437,719,44.64
2015,Nara Institute of Science and Technology,Japan,547,31,367+,567+,218+,-,773,329,645,495,270,44.63
2015,École Centrale Paris,France,548,23,367+,111,218+,-,995,827,812+,958,839,44.63
2015,Auburn University,USA,549,167,367+,232,218+,-,472,569,368,606,425,44.63
2015,University of Arkansas - Fayetteville,USA,550,168,204,345,218+,-,517,571,645,520,409,44.62
2015,University of Zagreb,Croatia,551,1,367+,567+,218+,-,553,541,428,471,650,44.62
2015,University of Lübeck,Germany,552,45,367+,567+,218+,-,649,394,812+,457,629,44.62
2015,Hunan University,China,553,30,367+,291,218+,-,464,906,645,529,816,44.62
2015,University of Missouri - Kansas City,USA,554,169,311,480,218+,-,634,447,645,471,687,44.61
2015,Tokyo Women's Medical University,Japan,555,32,367+,567+,218+,-,787,594,511,480,362,44.61
2015,Montana State University - Bozeman,USA,556,170,367+,477,218+,-,575,323,287,495,744,44.61
2015,University of Aveiro,Portugal,557,4,367+,567+,218+,-,413,680,511,590,212,44.61
2015,National University of Ireland - Galway,Ireland,558,4,367+,567+,218+,-,588,546,645,503,293,44.61
2015,University of Oviedo,Spain,559,16,367+,539,218+,-,440,445,428,495,579,44.61
2015,Dongguk University,South Korea,560,19,367+,305,218+,-,927,917,812+,997,108,44.61
2015,University of Trento,Italy,561,29,367+,567+,218+,-,488,556,368,486,861,44.61
2015,University Lille 1: Sciences and Technologies,France,562,24,367+,567+,218+,-,414,400,368,511,546,44.60
2015,Chang Gung University,Taiwan,563,7,367+,567+,218+,-,344,598,812+,520,824,44.60
2015,National Central University,Taiwan,564,8,225,567+,218+,-,384,468,511,520,839,44.60
2015,Aalborg University,Denmark,565,5,367+,439,218+,-,596,660,287,520,401,44.59
2015,Utah State University,USA,566,171,166,352,218+,-,564,414,368,565,371,44.59
2015,Baylor University,USA,567,172,367+,293,218+,-,682,681,321,540,630,44.59
2015,Bangor University,United Kingdom,568,42,260,370,218+,-,622,568,511,529,342,44.59
2015,King Saud University,Saudi Arabia,569,1,367+,182,218+,-,560,539,645,837,232,44.59
2015,University of Cagliari,Italy,570,30,367+,567+,218+,-,518,567,511,486,623,44.59
2015,Kent State University,USA,571,173,367+,567+,218+,-,610,436,511,486,498,44.58
2015,Central China Normal University,China,572,31,367+,567+,218+,-,631,855,511,480,778,44.58
2015,University of Fribourg,Switzerland,573,8,232,252,218+,-,734,428,428,579,787,44.58
2015,Medical University of Graz,Austria,574,6,367+,567+,218+,-,573,628,812+,486,576,44.58
2015,Second University of Naples,Italy,575,31,367+,567+,218+,-,556,641,645,486,824,44.57
2015,International School for Advanced Studies,Italy,576,32,367+,567+,218+,-,623,406,812+,486,768,44.57
2015,Tampere University of Technology,Finland,577,7,367+,156,218+,-,816,646,645,796,746,44.56
2015,Inha University,South Korea,578,20,367+,381,218+,-,568,780,511,565,273,44.56
2015,Deakin University,Australia,579,14,367+,424,218+,-,502,647,321,529,636,44.56
2015,National Polytechnic Institute of Toulouse,France,580,25,367+,242,218+,-,486,672,812+,646,413,44.56
2015,Sogang University,South Korea,581,21,367+,567+,218+,-,806,798,812+,921,115,44.56
2015,University of Ioannina,Greece,582,4,367+,567+,218+,-,597,836,645,495,871+,44.55
2015,Federal University of Rio Grande do Sul,Brazil,583,5,367+,567+,218+,-,410,578,428,529,787,44.55
2015,University of Graz,Austria,584,7,349,453,204,-,571,547,812+,511,600,44.54
2015,University of Montana - Missoula,USA,585,174,353,567+,218+,-,713,315,428,503,702,44.54
2015,East China Normal University,China,586,32,367+,272,218+,-,436,645,812+,622,576,44.54
2015,Plymouth University,United Kingdom,587,43,367+,544,218+,-,532,429,511,511,651,44.54
2015,Victoria University of Wellington,New Zealand,588,4,317,223,218+,-,606,469,645,646,809,44.54
2015,Federal University of São Paulo,Brazil,589,6,367+,567+,218+,-,504,638,368,520,839,44.53
2015,Southern Illinois University Carbondale,USA,590,175,208,533,218+,-,591,512,812+,520,588,44.53
2015,University of Alaska Fairbanks,USA,591,176,367+,420,218+,-,642,373,511,520,792,44.53
2015,University of Toledo,USA,592,177,367+,567+,218+,-,618,555,812+,606,220,44.53
2015,Carleton University,Canada,593,23,367+,538,218+,-,479,739,264,549,871+,44.53
2015,Cranfield University,United Kingdom,594,44,367+,176,218+,-,763,762,812+,770,549,44.52
2015,Curtin University,Australia,595,15,367+,559,218+,-,425,384,511,549,518,44.52
2015,Indian Institute of Technology Bombay,India,596,6,367+,507,218+,-,521,815,645,699,176,44.52
2015,University of Portsmouth,United Kingdom,597,45,367+,567+,218+,-,768,719,234,540,765,44.52
2015,Osaka Prefecture University,Japan,598,33,367+,411,218+,-,688,671,812+,686,187,44.52
2015,Nagoya City University,Japan,599,34,367+,333,218+,-,785,525,368,565,400,44.52
2015,LSU Health Sciences Center New Orleans,USA,600,178,367+,567+,218+,-,823,544,645,503,661,44.52
2015,Tata Institute of Fundamental Research,India,601,7,367+,567+,218+,-,468,450,368,540,792,44.51
2015,Konkuk University,South Korea,602,22,367+,388,218+,-,533,748,812+,686,204,44.51
2015,University of La Laguna,Spain,603,17,367+,567+,218+,-,514,336,645,529,661,44.51
2015,University of Hertfordshire,United Kingdom,604,46,367+,567+,218+,-,792,396,511,511,839,44.51
2015,Florida International University,USA,605,179,367+,567+,218+,-,496,508,428,540,585,44.50
2015,University of Rhode Island,USA,606,180,367+,265,218+,-,664,385,511,637,472,44.50
2015,Mississippi State University,USA,607,181,155,220,218+,-,605,608,645,754,566,44.50
2015,Gunma University,Japan,608,35,367+,567+,218+,-,627,531,511,590,252,44.50
2015,University of New Orleans,USA,609,182,367+,567+,218+,-,944,840,428,511,871+,44.50
2015,Putra University - Malaysia,Malaysia,610,3,367+,567+,218+,-,860,900,812+,989,114,44.49
2015,Memorial University of Newfoundland,Canada,611,24,367+,567+,218+,-,552,577,645,529,653,44.49
2015,Universidade Nova de Lisboa,Portugal,612,5,367+,567+,218+,-,506,477,645,540,590,44.49
2015,Griffith University,Australia,613,16,367+,567+,218+,-,436,500,368,565,556,44.49
2015,Indian Institute of Technology Kharagpur,India,614,8,367+,242,218+,-,500,974,812+,686,644,44.49
2015,Soochow University (Suzhou),China,615,33,367+,567+,218+,-,396,773,812+,565,871+,44.49
2015,Texas A&M Health Science Center,USA,616,183,367+,567+,218+,-,672,440,645,558,336,44.49
2015,Semmelweis University,Hungary,617,2,367+,567+,218+,-,650,481,511,529,670,44.48
2015,Lille 2 University of Health and Law,France,618,26,367+,567+,218+,-,821,631,645,520,630,44.48
2015,Kagoshima University,Japan,619,36,367+,281,218+,-,733,706,511,715,251,44.48
2015,Flinders University,Australia,620,17,122,567+,218+,-,518,581,812+,622,686,44.48
2015,Queensland University of Technology,Australia,621,18,367+,567+,218+,-,477,750,511,558,492,44.48
2015,Tokai University,Japan,622,37,367+,567+,218+,-,721,644,645,540,448,44.48
2015,Istanbul University,Turkey,623,2,253,386,218+,-,684,560,645,558,871+,44.48
2015,Tokyo University of Agriculture and Technology,Japan,624,38,367+,567+,218+,-,641,756,511,606,264,44.47
2015,Louisiana Tech University,USA,625,184,367+,197,218+,-,969,871,428,754,792,44.47
2015,University of Texas at Arlington,USA,626,185,367+,567+,218+,-,492,532,511,565,462,44.47
2015,China Agricultural University,China,627,34,367+,534,218+,-,407,362,645,590,572,44.47
2015,Chungnam National University,South Korea,628,23,367+,567+,218+,-,470,563,645,622,290,44.47
2015,University of Minho,Portugal,629,6,367+,567+,218+,-,588,652,287,606,363,44.46
2015,"University of Eastern Piedmont ""Amedeo Avogadro""",Italy,630,33,367+,567+,218+,-,693,623,645,540,739,44.46
2015,Open University (UK),United Kingdom,631,47,367+,567+,218+,-,616,340,645,549,809,44.46
2015,University of Essex,United Kingdom,632,48,119,358,218+,-,694,695,511,671,871+,44.45
2015,Paris - Est Créteil Val - de - Marne University,France,633,27,367+,406,218+,-,732,611,812+,558,824,44.45
2015,Hacettepe University,Turkey,634,3,367+,567+,218+,-,658,630,428,549,871+,44.45
2015,State University of New York Upstate Medical University,USA,635,186,367+,567+,218+,-,774,632,428,549,598,44.45
2015,Braunschweig University of Technology,Germany,636,46,226,567+,218+,-,551,383,645,622,343,44.44
2015,University of Salamanca,Spain,637,18,367+,491,218+,-,544,483,511,565,736,44.44
2015,Indian Institute of Technology Roorkee,India,638,9,367+,395,218+,-,839,931,428,565,871+,44.44
2015,Örebro University,Sweden,639,11,367+,529,218+,-,816,747,428,549,871+,44.44
2015,Northeast Normal University,China,640,35,367+,567+,218+,-,678,765,645,549,871+,44.44
2015,University of Patras,Greece,641,5,367+,567+,218+,-,510,704,511,565,731,44.44
2015,Beijing University of Chemical Technology,China,642,36,367+,536,218+,-,558,984,812+,715,214,44.44
2015,Northern Illinois University,USA,643,187,367+,284,218+,-,669,661,321,671,621,44.44
2015,Rovira i Virgili University,Spain,644,19,367+,567+,218+,-,555,573,428,579,485,44.44
2015,La Trobe University,Australia,645,19,367+,457,218+,-,536,455,812+,579,803,44.44
2015,Warsaw University of Technology,Poland,646,3,344,545,218+,-,696,757,287,579,824,44.43
2015,Binghamton University,USA,647,188,367+,263,218+,-,710,593,812+,671,853,44.43
2015,Shizuoka University,Japan,648,39,367+,476,218+,-,834,708,645,826,163,44.43
2015,Hong Kong Baptist University,Hong Kong,649,6,367+,516,218+,-,592,937,511,565,691,44.43
2015,Albany Medical College,USA,650,189,171,567+,218+,-,893,771,645,579,720,44.43
2015,Ehime University,Japan,651,40,367+,514,218+,-,619,582,511,590,418,44.43
2015,University of Los Andes (Colombia),Colombia,652,1,367+,189,218+,-,898,561,428,837,749,44.43
2015,Polytechnic University of Turin,Italy,653,34,367+,567+,218+,-,465,798,645,659,283,44.43
2015,University of Burgundy,France,654,28,224,567+,218+,-,513,527,812+,590,774,44.42
2015,University of Idaho,USA,655,190,367+,567+,218+,-,664,417,511,579,469,44.42
2015,Old Dominion University,USA,656,191,367+,567+,218+,-,719,590,511,590,379,44.42
2015,Yamaguchi University,Japan,657,41,367+,567+,218+,-,753,787,645,732,202,44.42
2015,Massey University,New Zealand,658,5,367+,496,218+,-,570,554,812+,579,723,44.42
2015,Donghua University,China,659,37,367+,567+,218+,-,805,962,234,622,726,44.41
2015,University of the Balearic Islands,Spain,660,20,367+,567+,218+,-,629,558,428,590,503,44.41
2015,Portland State University,USA,661,192,367+,245,218+,-,800,548,812+,741,484,44.41
2015,Marche Polytechnic University,Italy,662,35,367+,567+,218+,-,688,649,812+,565,748,44.41
2015,University of Québec at Montreal,Canada,663,25,367+,422,218+,-,537,534,428,622,871+,44.41
2015,UNESP - São Paulo State University,Brazil,664,7,367+,567+,218+,-,356,613,511,671,627,44.41
2015,Loma Linda University,USA,665,193,367+,567+,218+,-,848,755,645,565,555,44.41
2015,University of Toyama,Japan,666,42,367+,307,218+,-,685,760,645,646,871+,44.41
2015,University of Debrecen,Hungary,667,3,367+,567+,218+,-,687,621,428,590,499,44.40
2015,University of Maine - Orono,USA,668,194,345,567+,218+,-,788,427,368,637,346,44.40
2015,Graz University of Technology,Austria,669,8,367+,567+,218+,-,677,715,368,622,404,44.40
2015,Gifu University,Japan,670,43,367+,567+,218+,-,701,658,645,606,403,44.40
2015,University of Jyväskylä,Finland,671,8,367+,525,218+,-,456,443,812+,622,805,44.40
2015,University of Paris 13,France,672,29,367+,567+,218+,-,669,744,645,579,700,44.40
2015,University of Girona,Spain,673,21,367+,567+,218+,-,662,843,645,579,756,44.40
2015,Keele University,United Kingdom,674,49,367+,567+,218+,-,659,533,321,606,853,44.40
2015,University of Poitiers,France,675,30,255,567+,148,-,636,470,645,671,754,44.39
2015,University of Insubria,Italy,676,36,367+,567+,218+,-,705,564,645,579,871+,44.39
2015,Wuhan University of Technology,China,677,38,367+,499,218+,-,738,931,428,590,763,44.39
2015,University of Pretoria,South Africa,678,5,367+,262,218+,-,620,513,511,741,604,44.39
2015,Banaras Hindu University,India,679,10,243,260,218+,-,754,904,511,741,871+,44.39
2015,University of L'Aquila,Italy,680,37,367+,567+,218+,-,655,678,645,590,871+,44.38
2015,University of Alicante,Spain,681,22,367+,567+,218+,-,666,779,812+,686,262,44.38
2015,American University of Beirut,Lebanon,682,1,114,247,218+,-,915,892,812+,880,871+,44.38
2015,University of Ulster,United Kingdom,683,50,367+,567+,218+,-,747,808,321,732,240,44.38
2015,Shanghai University,China,684,39,367+,567+,218+,-,494,929,812+,622,782,44.38
2015,Comenius University in Bratislava,Slovak Republic,685,1,367+,567+,218+,-,707,624,645,590,871+,44.38
2015,University of Vigo,Spain,686,23,367+,567+,218+,-,577,822,428,622,621,44.38
2015,University of Nevada - Las Vegas,USA,687,195,367+,448,218+,-,640,473,812+,622,861,44.38
2015,Swinburne University of Technology,Australia,688,20,367+,567+,218+,-,654,456,511,606,772,44.38
2015,Tilburg University,Netherlands,689,13,367+,289,218+,-,566,878,428,732,871+,44.37
2015,University of Messina,Italy,690,38,367+,567+,218+,-,608,803,812+,606,871+,44.37
2015,Kaiserslautern University of Technology,Germany,691,47,367+,522,218+,-,679,523,812+,606,668,44.37
2015,University of Kent,United Kingdom,692,51,367+,433,218+,-,625,458,511,637,861,44.37
2015,University of Málaga,Spain,693,24,367+,567+,218+,-,660,830,645,781,203,44.37
2015,Loughborough University,United Kingdom,694,52,367+,567+,218+,-,512,806,511,646,480,44.37
2015,National Technical University of Athens,Greece,695,6,187,567+,218+,-,514,950,511,659,871+,44.37
2015,Liverpool John Moores University,United Kingdom,696,53,367+,567+,218+,-,723,395,511,606,871+,44.37
2015,Sharif University of Technology,Iran,697,1,116,567+,218+,-,563,950,511,732,871+,44.37
2015,Birkbeck - University of London,United Kingdom,698,54,300,567+,218+,-,724,339,428,622,871+,44.37
2015,University François Rabelais - Tours,France,699,31,201,567+,218+,-,667,499,812+,637,703,44.37
2015,University of Haifa,Israel,700,7,367+,372,218+,-,535,479,812+,686,503,44.36
2015,Roma Tre University,Italy,701,39,367+,567+,218+,-,639,637,511,622,756,44.36
2015,Masaryk University,Czech Republic,702,2,367+,567+,218+,-,645,519,645,622,705,44.36
2015,University of Salerno,Italy,703,40,367+,567+,218+,-,537,835,511,646,525,44.36
2015,King Abdullah University of Science and Technology,Saudi Arabia,704,2,367+,567+,126,-,691,529,812+,946,182,44.36
2015,Beihang University,China,705,40,367+,383,218+,-,460,865,645,770,307,44.35
2015,Fuzhou University,China,706,41,367+,399,218+,-,727,984,428,671,463,44.35
2015,Heriot - Watt University,United Kingdom,707,55,367+,335,218+,-,601,597,812+,715,439,44.35
2015,China Medical University (Taiwan),Taiwan,708,9,367+,567+,218+,-,428,686,812+,671,871+,44.35
2015,University of Cantabria,Spain,709,25,367+,523,218+,-,603,587,428,646,571,44.35
2015,Rochester Institute of Technology,USA,710,196,367+,431,218+,-,905,643,287,671,587,44.35
2015,Royal College of Surgeons in Ireland,Ireland,711,5,367+,567+,218+,-,888,714,368,646,446,44.35
2015,San Francisco State University,USA,712,197,271,567+,218+,-,864,572,511,622,871+,44.35
2015,Sapporo Medical University,Japan,713,44,367+,567+,218+,-,975,837,645,637,441,44.35
2015,Indian Institute of Technology Kanpur,India,714,11,174,503,218+,-,561,848,645,715,450,44.34
2015,Johannes Kepler University of Linz,Austria,715,9,367+,378,218+,-,742,659,645,671,560,44.34
2015,Czech Technical University in Prague,Czech Republic,716,3,347,567+,218+,-,673,816,428,646,582,44.34
2015,Marquette University,USA,717,198,367+,201,218+,-,912,785,812+,896,682,44.34
2015,Missouri University of Science and Technology,USA,718,199,367+,246,218+,-,718,923,645,826,592,44.34
2015,Howard University,USA,719,200,294,567+,218+,-,934,665,511,699,296,44.33
2015,Aston University,United Kingdom,720,56,367+,355,218+,-,827,895,645,754,306,44.33
2015,École normale supérieure de Cachan,France,721,32,121,323,218+,-,895,776,428,826,871+,44.33
2015,Jichi Medical University,Japan,722,45,367+,567+,218+,-,930,633,511,637,641,44.33
2015,Rutgers - The State University of New Jersey - Newark,USA,723,201,367+,567+,218+,-,832,515,645,637,871+,44.33
2015,Palacký University - Olomouc,Czech Republic,724,4,367+,567+,218+,-,739,562,511,659,475,44.33
2015,Ankara University,Turkey,725,4,367+,341,218+,-,743,728,511,699,871+,44.33
2015,University of Belgrade,Serbia,726,1,276,567+,218+,-,422,694,511,715,824,44.33
2015,Toho University,Japan,727,46,367+,567+,159,-,836,824,812+,699,787,44.33
2015,Kyoto Prefectural University of Medicine,Japan,728,47,367+,567+,218+,-,852,752,645,637,871+,44.33
2015,Swansea University,United Kingdom,729,57,367+,428,218+,-,523,566,645,699,595,44.32
2015,Université de Namur,Belgium,730,8,164,464,218+,-,881,700,645,699,716,44.32
2015,University of Szeged,Hungary,731,4,367+,567+,205,-,657,720,812+,659,532,44.32
2015,Kitasato University,Japan,732,48,367+,567+,218+,-,725,595,812+,646,871+,44.32
2015,Hasselt University,Belgium,733,9,367+,340,218+,-,829,904,645,699,761,44.32
2015,University of Córdoba (Spain),Spain,734,26,367+,567+,218+,-,632,725,812+,659,633,44.32
2015,Åbo Akademi University,Finland,735,9,367+,567+,218+,-,765,679,645,646,731,44.32
2015,Tottori University,Japan,736,49,367+,343,218+,-,908,721,511,741,390,44.32
2015,Kindai University,Japan,737,50,367+,567+,218+,-,680,712,428,686,437,44.32
2015,University of Castilla - La Mancha,Spain,738,27,367+,567+,218+,-,627,751,812+,671,519,44.31
2015,University of Augsburg,Germany,739,48,367+,567+,218+,-,816,684,812+,646,792,44.31
2015,Paul Valéry University - Montpellier III,France,740,33,367+,567+,218+,-,837,502,287,686,871+,44.31
2015,University of Mons,Belgium,741,10,367+,567+,218+,-,812,793,645,659,517,44.31
2015,Istanbul Technical University,Turkey,742,5,367+,440,218+,-,646,875,368,699,839,44.31
2015,University of Natural Resources and Life Sciences - Vienna,Austria,743,10,367+,567+,218+,-,778,627,511,659,611,44.31
2015,National University of La Plata,Argentina,744,2,367+,513,218+,-,546,559,511,686,871+,44.31
2015,University of Calabria,Italy,745,41,367+,567+,218+,-,583,890,428,686,700,44.31
2015,University of Memphis,USA,746,202,367+,382,218+,-,782,640,511,741,394,44.30
2015,G. d'Annunzio University - Chieti - Pescara,Italy,747,42,367+,567+,218+,-,750,615,812+,659,871+,44.30
2015,University of Missouri - St. Louis,USA,748,203,367+,371,218+,-,897,524,428,715,634,44.30
2015,Beijing Institute of Technology,China,749,42,367+,567+,218+,-,528,969,511,699,569,44.30
2015,University of Évry Val d'Essonne,France,750,34,367+,567+,218+,-,996,368,645,659,871+,44.30
2015,University of South Australia,Australia,751,21,367+,324,218+,-,604,746,812+,781,431,44.30
2015,University of Alabama in Huntsville,USA,752,204,367+,567+,218+,-,921,432,645,659,805,44.30
2015,University of Salzburg,Austria,753,11,367+,270,218+,-,933,738,812+,796,871+,44.30
2015,University of Mississippi Medical Center,USA,754,205,367+,567+,218+,-,775,504,511,671,871+,44.29
2015,National Research Nuclear University MEPhI,Russia,755,4,306,567+,218+,-,957,699,428,671,871+,44.29
2015,Chung - Ang University,South Korea,756,24,367+,461,218+,-,637,781,511,886,218,44.29
2015,Kaohsiung Medical University,Taiwan,757,10,367+,567+,218+,-,539,854,812+,699,661,44.29
2015,University of Neuchâtel,Switzerland,758,9,352,567+,218+,-,863,635,812+,671,640,44.29
2015,University of Yamanashi,Japan,759,51,367+,567+,218+,-,869,862,645,715,382,44.29
2015,Yamagata University,Japan,760,52,367+,567+,218+,-,775,736,812+,686,535,44.29
2015,New Jersey Institute of Technology,USA,761,206,259,472,218+,-,791,670,812+,741,391,44.28
2015,East Carolina University,USA,762,207,367+,394,218+,-,699,685,812+,732,639,44.28
2015,University of Hyogo,Japan,763,53,367+,567+,218+,-,813,475,511,686,787,44.28
2015,University of Picardie Jules Verne,France,764,35,367+,567+,218+,-,826,782,428,699,543,44.28
2015,University of Salento,Italy,765,43,367+,567+,218+,-,661,743,511,699,654,44.28
2015,Northern Arizona University,USA,766,208,367+,537,218+,-,939,489,645,686,609,44.28
2015,Miguel Hernández University of Elche,Spain,767,28,367+,567+,218+,-,757,617,812+,699,497,44.28
2015,University of Tehran,Iran,768,2,181,567+,218+,-,489,984,812+,770,871+,44.28
2015,Blaise Pascal University,France,769,36,367+,567+,192,-,735,701,645,699,619,44.28
2015,Yeungnam University,South Korea,770,25,367+,417,218+,-,761,974,812+,867,231,44.27
2015,Kurume University,Japan,771,54,367+,567+,218+,-,986,770,812+,699,473,44.27
2015,Institut national des sciences Appliquées de Lyon,France,772,37,367+,567+,218+,-,547,674,645,732,558,44.27
2015,Saga University,Japan,773,55,367+,567+,218+,-,808,791,812+,715,435,44.27
2015,Chongqing University,China,774,43,367+,283,218+,-,630,892,645,837,809,44.27
2015,Jikei University School of Medicine,Japan,775,56,367+,567+,218+,-,959,711,645,686,797,44.27
2015,Second Military Medical University,China,776,44,367+,567+,218+,-,579,664,645,754,395,44.27
2015,Jawaharlal Nehru Centre for Advanced Scientific Research,India,777,12,367+,567+,218+,-,868,650,645,715,453,44.27
2015,University of North Texas - Denton,USA,778,209,367+,567+,218+,-,675,636,645,715,554,44.27
2015,Ege University,Turkey,779,6,367+,567+,218+,-,761,839,511,699,871+,44.27
2015,Mie University,Japan,780,57,367+,567+,218+,-,835,860,645,741,368,44.27
2015,École Polytechnique de Montréal,Canada,781,26,367+,507,218+,-,716,921,511,741,412,44.27
2015,AGH University of Science and Technology,Poland,782,4,267,279,218+,-,708,891,511,896,398,44.26
2015,University of Electronic Science and Technology of China,China,783,45,367+,308,218+,-,529,912,812+,837,552,44.26
2015,University of Stirling,United Kingdom,784,58,367+,357,218+,-,772,707,812+,754,871+,44.26
2015,University of Greifswald,Germany,785,49,367+,567+,211,-,714,487,812+,732,476,44.26
2015,National Polytechnic Institute,Mexico,786,2,330,567+,218+,-,573,579,428,741,620,44.26
2015,Jacobs University Bremen,Germany,787,50,367+,567+,218+,-,894,666,511,715,533,44.26
2015,Capital Medical University,China,788,46,367+,567+,218+,-,525,754,511,741,871+,44.26
2015,Norwegian University of Life Sciences,Norway,789,5,367+,567+,218+,-,769,570,511,715,782,44.26
2015,Michigan Technological University,USA,790,210,341,467,218+,-,794,769,428,741,581,44.25
2015,Vilnius University,Lithuania,791,1,340,567+,218+,-,799,642,645,715,684,44.25
2015,North Dakota State University - Main Campus,USA,792,211,172,567+,218+,-,702,790,812+,770,871+,44.25
2015,University of Hohenheim,Germany,793,51,367+,567+,218+,-,767,691,645,715,782,44.25
2015,University of North Carolina at Charlotte,USA,794,212,367+,310,218+,-,741,662,511,826,593,44.25
2015,Zhengzhou University,China,795,47,367+,427,218+,-,663,806,812+,754,749,44.25
2015,Cairo University,Egypt,796,1,285,469,180,-,697,730,511,781,871+,44.25
2015,University of Caen Lower Normandy,France,797,38,207,567+,218+,-,637,768,812+,754,787,44.25
2015,Saitama Medical University,Japan,798,58,367+,567+,218+,-,993,586,645,732,488,44.25
2015,University of Murcia,Spain,799,29,367+,567+,218+,-,541,703,428,781,479,44.24
2015,Showa University,Japan,800,59,367+,567+,218+,-,985,759,645,715,727,44.24
2015,University of Oldenburg,Germany,801,52,367+,567+,218+,-,729,619,645,732,816,44.24
2015,Magna Græcia University of Catanzaro,Italy,802,44,367+,567+,218+,-,948,813,812+,715,766,44.24
2015,National Sun Yat - sen University,Taiwan,803,11,367+,567+,218+,-,461,950,511,781,871+,44.24
2015,Nanjing University of Science and Technology,China,804,48,367+,331,218+,-,796,943,368,826,694,44.24
2015,University of Concepción,Chile,805,3,367+,567+,218+,-,712,451,812+,754,505,44.23
2015,Chungbuk National University,South Korea,806,26,367+,567+,218+,-,745,859,812+,809,319,44.23
2015,Taipei Medical University,Taiwan,807,12,367+,567+,218+,-,499,883,645,781,661,44.23
2015,Jaume I University,Spain,808,30,367+,567+,218+,-,794,958,645,741,643,44.23
2015,Bowling Green State University,USA,809,213,367+,373,218+,-,910,705,645,781,824,44.23
2015,Nanjing University of Technology,China,810,49,367+,567+,218+,-,748,984,812+,932,217,44.22
2015,University of New England (Australia),Australia,811,22,367+,251,218+,-,938,634,511,932,797,44.22
2015,Kangwon National University,South Korea,812,27,367+,567+,218+,-,706,819,645,781,428,44.22
2015,Inje University,South Korea,813,28,367+,567+,218+,-,838,928,812+,809,331,44.22
2015,Aberystwyth University,United Kingdom,814,59,367+,567+,218+,-,842,552,511,754,607,44.22
2015,University of Technology - Sydney,Australia,815,23,367+,543,218+,-,580,668,511,796,520,44.22
2015,University of Franche - Comté,France,816,39,302,567+,218+,-,743,814,511,770,583,44.22
2015,University of Sassari,Italy,817,45,367+,567+,218+,-,758,592,812+,754,805,44.21
2015,Chiang Mai University,Thailand,818,3,367+,550,218+,-,847,753,511,754,871+,44.21
2015,Budapest University of Technology and Economics,Hungary,819,5,256,567+,218+,-,740,761,645,781,529,44.21
2015,University of Maribor,Slovenia,820,2,367+,567+,218+,-,853,820,511,754,752,44.21
2015,University of Bradford,United Kingdom,821,60,367+,287,218+,-,859,772,812+,886,567,44.21
2015,University of Perpignan Via Domitia,France,822,40,160,567+,218+,-,974,580,428,826,871+,44.21
2015,Florida Institute of Technology,USA,823,214,367+,567+,218+,-,973,793,368,770,871+,44.21
2015,University of Brighton,United Kingdom,824,61,367+,567+,218+,-,854,829,812+,754,766,44.21
2015,University of Massachusetts Boston,USA,825,215,367+,429,218+,-,846,698,428,796,824,44.21
2015,Rio de Janeiro State University,Brazil,826,8,367+,567+,218+,-,760,910,511,770,739,44.21
2015,Nagoya Institute of Technology,Japan,827,60,367+,504,218+,-,825,958,645,921,229,44.20
2015,Jiangnan University,China,828,50,367+,567+,218+,-,783,912,812+,770,628,44.20
2015,Murdoch University,Australia,829,24,367+,527,218+,-,827,501,645,770,770,44.20
2015,University of Wales - Trinity Saint David,United Kingdom,830,62,367+,567+,218+,-,1000,927,645,754,871+,44.20
2015,University of Rouen,France,831,41,362,567+,218+,-,700,722,812+,809,414,44.20
2015,The Catholic University of America,USA,832,216,367+,407,218+,-,947,596,511,809,674,44.20
2015,Wright State University - Dayton,USA,833,217,367+,567+,218+,-,810,805,812+,770,824,44.20
2015,Dankook University,South Korea,834,29,367+,567+,218+,-,888,948,645,896,241,44.20
2015,Clarkson University,USA,835,218,367+,390,218+,-,981,974,812+,809,685,44.19
2015,University of Regina,Canada,836,27,367+,567+,218+,-,851,737,645,781,573,44.19
2015,Boğaziçi University,Turkey,837,7,367+,519,218+,-,843,766,511,781,824,44.19
2015,Kōchi University,Japan,838,61,367+,567+,218+,-,942,788,812+,781,536,44.19
2015,University of Miyazaki,Japan,839,62,290,567+,218+,-,952,692,645,826,393,44.19
2015,University of Electro - Communications,Japan,840,63,161,567+,218+,-,857,833,645,906,332,44.19
2015,University of Valladolid,Spain,841,31,367+,454,218+,-,691,888,812+,850,407,44.19
2015,Bilkent University,Turkey,842,8,367+,475,218+,-,781,789,812+,796,871+,44.19
2015,Dublin City University,Ireland,843,6,367+,567+,218+,-,803,933,511,850,347,44.19
2015,University of South Alabama,USA,844,219,367+,567+,218+,-,979,784,812+,796,464,44.19
2015,Sofia University,Bulgaria,845,1,254,567+,218+,-,814,881,645,796,871+,44.19
2015,Ocean University of China,China,846,51,367+,567+,218+,-,648,735,812+,809,541,44.19
2015,King Fahd University of Petroleum and Minerals,Saudi Arabia,847,3,367+,234,218+,-,934,950,812+,984,871+,44.19
2015,University of Veterinary Medicine Vienna,Austria,848,12,367+,567+,184,-,872,687,511,809,654,44.19
2015,University of Alcalá,Spain,849,32,367+,567+,218+,-,746,657,812+,796,608,44.18
2015,Hunter College,USA,850,220,261,438,218+,-,822,610,812+,826,805,44.18
2015,All India Institute of Medical Sciences - New Delhi,India,851,13,367+,567+,218+,-,887,886,645,781,839,44.18
2015,Gazi University,Turkey,852,9,367+,468,218+,-,750,942,645,809,871+,44.18
2015,National University of Ireland - Maynooth,Ireland,853,7,244,567+,218+,-,992,710,812+,809,561,44.18
2015,Tehran University of Medical Sciences,Iran,854,3,367+,567+,218+,-,771,899,812+,796,871+,44.18
2015,University of the Ryukyus,Japan,855,64,367+,567+,218+,-,922,663,645,796,618,44.18
2015,Florida Atlantic University,USA,856,221,367+,567+,218+,-,855,741,812+,796,714,44.17
2015,University of Siegen,Germany,857,53,367+,532,218+,-,870,732,428,809,769,44.17
2015,Huazhong Agricultural University,China,858,52,367+,567+,218+,-,651,535,645,837,494,44.17
2015,University of Angers,France,859,42,367+,567+,218+,-,840,801,812+,809,550,44.17
2015,University of Seoul,South Korea,860,30,367+,567+,218+,-,989,907,645,921,259,44.17
2015,Brock University,Canada,861,28,367+,567+,218+,-,877,727,511,809,638,44.17
2015,Fukuoka University,Japan,862,65,367+,567+,218+,-,971,876,812+,837,416,44.17
2015,Hamamatsu University School of Medicine,Japan,863,66,367+,567+,218+,-,990,917,645,826,470,44.17
2015,Nanjing Normal University,China,864,53,367+,456,218+,-,729,709,428,850,742,44.17
2015,National Chung Cheng University,Taiwan,865,13,367+,567+,218+,-,796,991+,645,809,871+,44.17
2015,Nanjing Agricultural University,China,866,54,367+,567+,218+,-,617,726,812+,837,601,44.16
2015,University of the Republic (Uruguay),Uruguay,867,1,367+,567+,218+,-,814,669,812+,809,871+,44.16
2015,Sejong University,South Korea,868,31,367+,567+,218+,-,788,845,812+,837,466,44.16
2015,Makerere University,Uganda,869,1,367+,567+,218+,-,882,656,645,809,871+,44.16
2015,University of New Brunswick,Canada,870,29,367+,354,218+,-,777,802,812+,886,591,44.16
2015,Northeastern University (China),China,871,55,367+,315,218+,-,759,974,812+,906,698,44.16
2015,University of Extremadura,Spain,872,33,367+,567+,218+,-,766,958,812+,826,630,44.16
2015,RMIT University,Australia,873,25,367+,561,218+,-,690,929,812+,837,585,44.16
2015,Royal Veterinary College - University of London,United Kingdom,874,63,246,567+,218+,-,896,550,511,837,746,44.16
2015,Chung Yuan Christian University,Taiwan,875,14,249,320,218+,-,779,962,812+,921,871+,44.16
2015,University of Osnabrück,Germany,876,54,367+,567+,218+,-,844,654,511,826,871+,44.15
2015,Northwest University (China),China,877,56,367+,567+,218+,-,904,848,368,837,871+,44.15
2015,Chosun University,South Korea,878,32,367+,567+,218+,-,942,984,812+,991,209,44.15
2015,University of Orléans,France,879,43,367+,524,218+,-,754,495,645,837,839,44.15
2015,Jean Monnet University,France,880,44,367+,567+,218+,-,626,486,812+,850,710,44.15
2015,École centrale de Lyon,France,881,45,367+,255,218+,-,856,841,812+,991,570,44.15
2015,University of Western Sydney,Australia,882,26,367+,567+,218+,-,651,551,645,850,647,44.15
2015,Hefei University of Technology,China,883,57,367+,302,218+,-,914,974,812+,932,871+,44.15
2015,University of Massachusetts Lowell,USA,884,222,367+,528,218+,-,936,943,321,946,304,44.15
2015,Manchester Metropolitan University,United Kingdom,885,64,367+,458,218+,-,941,677,812+,850,721,44.14
2015,Nanjing Medical University,China,886,58,367+,567+,218+,-,582,696,812+,867,761,44.14
2015,Kyoto Institute of Technology,Japan,887,67,367+,567+,218+,-,982,868,812+,921,287,44.14
2015,Shanghai Normal University,China,888,59,367+,463,218+,-,919,950,812+,850,871+,44.14
2015,Southwest University,China,889,60,268,567+,218+,-,695,897,645,867,669,44.14
2015,Adam Mickiewicz University in Poznań,Poland,890,5,150,567+,218+,-,675,775,812+,932,657,44.14
2015,University of Calcutta,India,891,14,140,346,209,-,964,900,645,994,424,44.14
2015,University of Pécs,Hungary,892,6,367+,567+,218+,-,962,812,812+,850,501,44.14
2015,Queens College - City University of New York,USA,893,223,323,374,218+,-,977,690,812+,886,729,44.14
2015,University of Lleida,Spain,894,34,367+,567+,218+,-,883,850,812+,837,809,44.14
2015,Nanjing University of Aeronautics and Astronautics,China,895,61,367+,486,218+,-,709,974,812+,867,853,44.14
2015,University of Western Brittany,France,896,46,367+,567+,218+,-,840,616,812+,850,599,44.13
2015,University of North Carolina at Greensboro,USA,897,224,367+,567+,218+,-,899,825,645,850,575,44.13
2015,Pukyong National University,South Korea,898,33,367+,567+,218+,-,906,962,812+,896,356,44.13
2015,Fourth Military Medical University,China,899,62,367+,567+,218+,-,609,716,645,880,692,44.13
2015,University of Fukui,Japan,900,68,367+,567+,218+,-,950,797,812+,850,610,44.13
2015,University of Southern Mississippi,USA,901,225,367+,567+,218+,-,913,853,812+,850,676,44.13
2015,University of Mannheim,Germany,902,55,367+,518,218+,-,916,903,428,867,871+,44.13
2015,Shimane University,Japan,903,69,367+,567+,218+,-,956,717,645,850,695,44.13
2015,China University of Geosciences (Wuhan),China,904,63,367+,558,218+,-,928,639,428,867,752,44.13
2015,University of Thessaly,Greece,905,7,367+,567+,218+,-,875,984,812+,850,871+,44.13
2015,Oakland University,USA,906,226,367+,567+,218+,-,888,810,812+,850,871+,44.13
2015,Wilfrid Laurier University,Canada,907,30,367+,298,218+,-,952,921,812+,969,871+,44.13
2015,Teikyo University,Japan,908,70,367+,567+,218+,-,966,767,812+,850,803,44.12
2015,Saitama University,Japan,909,71,367+,349,218+,-,959,609,511,932,545,44.12
2015,Trent University,Canada,910,31,367+,509,218+,-,923,777,511,867,782,44.12
2015,Nicolaus Copernicus University in Toruń,Poland,911,6,367+,567+,218+,-,873,821,511,867,698,44.12
2015,Tarbiat Modares University,Iran,912,4,367+,567+,218+,-,769,991+,812+,867,871+,44.12
2015,University of North Dakota,USA,913,227,367+,567+,218+,-,917,731,812+,867,606,44.12
2015,Isfahan University of Technology,Iran,914,5,367+,567+,218+,-,682,923,645,880,871+,44.12
2015,Fluminense Federal University,Brazil,915,9,367+,313,218+,-,802,892,645,958,871+,44.12
2015,National Taiwan University of Science and Technology,Taiwan,916,15,367+,567+,218+,-,598,991+,812+,886,823,44.12
2015,University of Lethbridge,Canada,917,32,367+,567+,218+,-,957,718,511,867,853,44.12
2015,Federal University of Santa Catarina,Brazil,918,10,367+,567+,218+,-,606,941,812+,886,763,44.12
2015,University of Camerino,Italy,919,46,367+,567+,218+,-,903,826,812+,867,724,44.12
2015,University of Brasília,Brazil,920,11,367+,367,218+,-,807,688,812+,921,871+,44.12
2015,University of Wrocław,Poland,921,7,355,567+,218+,-,736,842,645,880,871+,44.12
2015,University of Basilicata,Italy,922,47,367+,567+,218+,-,940,900,645,867,871+,44.12
2015,Jadavpur University,India,923,15,367+,515,218+,-,849,991+,428,886,735,44.11
2015,South China Normal University,China,924,64,367+,452,218+,-,674,912,645,906,744,44.11
2015,University of Hyderabad,India,925,16,367+,567+,218+,-,879,910,812+,880,871+,44.11
2015,Ritsumeikan University,Japan,926,72,367+,325,218+,-,906,882,511,984,430,44.10
2015,Carlos III University of Madrid,Spain,927,35,367+,567+,218+,-,643,958,812+,946,383,44.10
2015,University of Cyprus,Cyprus,928,1,367+,567+,218+,-,820,896,645,886,816,44.10
2015,University of Texas at El Paso,USA,929,228,367+,442,218+,-,910,838,812+,906,706,44.10
2015,University of Cádiz,Spain,930,36,367+,567+,218+,-,850,816,812+,969,311,44.10
2015,Shahid Beheshti University of Medical Sciences,Iran,931,6,367+,567+,218+,-,833,920,812+,886,871+,44.10
2015,National Taiwan Normal University,Taiwan,932,16,367+,478,218+,-,731,939,645,906,871+,44.10
2015,National University of Córdoba,Argentina,933,3,367+,567+,218+,-,717,796,645,896,871+,44.10
2015,Federal University of Paraná,Brazil,934,12,367+,497,218+,-,697,800,812+,906,772,44.10
2015,University of Jaén,Spain,935,37,367+,567+,218+,-,920,871,645,896,563,44.09
2015,University of California - Merced,USA,936,229,367+,567+,218+,-,899,540,812+,906,491,44.09
2015,University of Waikato,New Zealand,937,6,367+,474,218+,-,945,870,511,906,703,44.09
2015,University of Central Lancashire,United Kingdom,938,65,367+,494,218+,-,946,603,511,906,749,44.09
2015,Federal University of Pernambuco,Brazil,939,13,367+,552,218+,-,749,884,812+,946,417,44.09
2015,University of Almería,Spain,940,38,367+,567+,218+,-,967,974,812+,896,681,44.09
2015,Federal University of São Carlos,Brazil,941,14,367+,567+,218+,-,722,948,812+,906,774,44.09
2015,Charles Darwin University,Australia,942,27,367+,567+,218+,-,931,742,645,896,871+,44.09
2015,Yangzhou University,China,943,65,367+,567+,218+,-,891,873,812+,896,871+,44.09
2015,Wrocław University of Technology,Poland,944,8,367+,409,218+,-,798,947,645,946,861,44.09
2015,Hirosaki University,Japan,945,73,367+,505,218+,-,951,844,511,906,693,44.08
2015,National Taiwan Ocean University,Taiwan,946,17,367+,413,218+,-,790,940,812+,946,871+,44.08
2015,Jiangsu University,China,947,66,367+,556,218+,-,808,969,812+,981,323,44.08
2015,Northwestern Polytechnical University,China,948,67,367+,351,218+,-,566,962,812+,989,871+,44.08
2015,Xiangtan University,China,949,68,367+,384,218+,-,862,935,812+,958,778,44.08
2015,United Arab Emirates University,United Arab Emirates,950,1,367+,521,218+,-,994,851,812+,906,689,44.08
2015,Gachon University,South Korea,951,34,367+,567+,218+,-,918,880,812+,932,451,44.08
2015,Hallym University,South Korea,952,35,367+,567+,218+,-,884,908,812+,921,565,44.08
2015,Harbin Engineering University,China,953,69,367+,567+,218+,-,970,991+,645,906,839,44.07
2015,Dokuz Eylül University,Turkey,954,10,367+,567+,218+,-,931,957,812+,906,871+,44.07
2015,Jinan University,China,955,70,367+,336,218+,-,793,897,812+,984,688,44.07
2015,Shiraz University,Iran,956,7,367+,567+,218+,-,865,962,645,921,871+,44.07
2015,Third Military Medical University,China,957,71,367+,567+,218+,-,737,809,645,932,721,44.07
2015,Amirkabir University of Technology,Iran,958,8,367+,567+,218+,-,725,962,645,932,871+,44.07
2015,Public University of Navarre,Spain,959,39,367+,567+,218+,-,972,831,812+,921,697,44.07
2015,Federico Santa María Technical University,Chile,960,4,367+,567+,218+,-,955,923,368,946,645,44.07
2015,Federal University of ABC,Brazil,961,15,367+,567+,218+,-,929,923,645,921,871+,44.07
2015,University of Puerto Rico at Mayagüez,Puerto Rico,962,1,367+,567+,218+,-,998,793,645,921,871+,44.06
2015,Southern Medical University,China,963,72,367+,567+,218+,-,801,758,812+,932,782,44.06
2015,University of Silesia,Poland,964,9,367+,567+,218+,-,867,864,511,932,871+,44.06
2015,Ain Shams University,Egypt,965,2,367+,567+,218+,-,875,832,511,932,871+,44.06
2015,University of Valenciennes and Hainaut - Cambresis,France,966,47,367+,567+,218+,-,866,950,645,932,871+,44.06
2015,Chung Shan Medical University,Taiwan,967,18,367+,567+,218+,-,727,973,645,946,871+,44.06
2015,National University of Colombia,Colombia,968,2,367+,312,218+,-,871,732,812+,994,861,44.06
2015,South China Agricultural University,China,969,73,367+,567+,218+,-,877,811,812+,932,871+,44.06
2015,Ibaraki University,Japan,970,74,367+,567+,218+,-,999,448,645,946,562,44.06
2015,Fu Jen Catholic University,Taiwan,971,19,367+,446,218+,-,984,887,812+,958,824,44.06
2015,Hunan Normal University,China,972,74,367+,567+,218+,-,923,917,812+,932,871+,44.06
2015,Ulsan National Institute of Science and Technology,South Korea,973,36,367+,567+,218+,-,880,912,645,984,349,44.06
2015,Federal University of Santa Maria,Brazil,974,16,367+,396,218+,-,954,974,812+,975,871+,44.05
2015,Shenzhen University,China,975,75,367+,410,218+,-,976,778,645,999,318,44.05
2015,Tianjin Medical University,China,976,76,367+,567+,218+,-,885,857,812+,946,839,44.05
2015,Beijing University of Technology,China,977,77,367+,567+,218+,-,780,950,812+,969,512,44.05
2015,University of Reims Champagne - Ardenne,France,978,48,367+,567+,218+,-,967,884,645,958,544,44.05
2015,Yuan Ze University,Taiwan,979,20,367+,567+,218+,-,923,984,812+,946,871+,44.05
2015,University of Chemistry and Technology - Prague,Czech Republic,980,5,367+,567+,218+,-,991,868,812+,946,778,44.05
2015,University of Limerick,Ireland,981,8,367+,529,218+,-,892,863,812+,969,516,44.05
2015,China Medical University (PRC),China,982,78,367+,567+,218+,-,804,749,645,958,871+,44.04
2015,Feng Chia University,Taiwan,983,21,367+,434,218+,-,902,991+,812+,975,871+,44.04
2015,Zhejiang University of Technology,China,984,79,367+,567+,218+,-,858,991+,812+,958,672,44.04
2015,Novosibirsk State University,Russia,985,5,167,567+,218+,-,819,858,645,991,871+,44.04
2015,University of Bucharest,Romania,986,1,237,567+,218+,-,845,804,645,975,871+,44.04
2015,Babeș - Bolyai University,Romania,987,2,367+,567+,218+,-,874,855,812+,958,871+,44.04
2015,Mansoura University,Egypt,988,3,367+,567+,218+,-,987,969,645,958,871+,44.04
2015,University of Pau and Pays de l'Adour,France,989,49,367+,567+,218+,-,980,991+,812+,958,809,44.04
2015,Henan Normal University,China,990,80,367+,567+,218+,-,959,991+,812+,958,871+,44.04
2015,Xidian University,China,991,81,367+,542,218+,-,830,974,812+,984,434,44.03
2015,Federal University of Bahia,Brazil,992,17,367+,540,218+,-,962,865,645,969,774,44.03
2015,Southwest Jiaotong University,China,993,82,367+,327,218+,-,937,962,812+,998,861,44.03
2015,Ryerson University,Canada,994,33,367+,567+,218+,-,811,969,511,975,756,44.03
2015,King Abdulaziz University,Saudi Arabia,995,4,367+,449,218+,-,595,430,645,994,839,44.03
2015,University of the Algarve,Portugal,996,7,367+,567+,218+,-,926,845,812+,969,816,44.03
2015,Alexandria University,Egypt,997,4,236,566,218+,-,997,908,645,981,871+,44.03
2015,Federal University of Ceará,Brazil,998,18,367+,549,218+,-,830,823,812+,975,824,44.03
2015,University of A Coruña,Spain,999,40,367+,567+,218+,-,886,974,812+,975,651,44.02
2015,China Pharmaceutical University,China,1000,83,367+,567+,218+,-,861,991+,812+,981,547,44.02