the_Rank,the_institution,the_Overall,the_Teaching,the_Reseach,the_Citations,the_Industry Income,the_International Outlook,the_Country,   the_No. Of FTTE Students,   the_No. Of Studets per staff,   the_International Students,   the_Female,Male,year,cwur_year,cwur_institution,cwur_location,cwur_world_rank,cwur_national_rank,cwur_quality_of_education,cwur_alumni_employment,cwur_quality_of_faculty,cwur_research_performance,cwur_publications,cwur_influence,cwur_citations,cwur_broad_impact,cwur_patents,cwur_score,sha_World Rank,sha_institution,sha_Location,sha_National Rank,sha_Score, sha_Score on Alumni,sha_Score on Award,sha_Score on HiCi,sha_Score on N&S,sha_Score on PUB,sha_Score on PCP,sha_year,institution,latitude,longitude
1,California Institute of Technology,95.5,96.3,99.4,99.7,95.6,59.8,United States,-,-,-,-,-,2013,2013.0,California Institute of Technology,USA,11.0,9.0,5,101+,7,-,38,24,25,-,17,77.59,6,California Institute of Technology,-,5,62.9,47.8,67.2,57.4,62.0,45.2,100.0,2013.0,California Institute of Technology,34.1371019,-118.12527490000001
2,Stanford University,93.7,95.0,98.8,99.3,62.4,56.6,United States,-,-,-,-,-,2013,2013.0,Stanford University,USA,2.0,2.0,11,2,4,-,6,2,2,-,11,93.94,2,Stanford University,-,2,72.6,40.0,80.7,88.9,68.7,69.4,50.4,2013.0,Stanford University,37.4313139,-122.1693654
2,University of Oxford,93.7,89.7,98.1,95.6,79.8,88.7,United Kingdom,-,-,-,-,-,2013,2013.0,University of Oxford,United Kingdom,3.0,1.0,7,12,10,-,11,7,13,-,15,92.54,10,University of Oxford,-,2,55.9,51.8,55.3,48.9,51.3,69.9,41.2,2013.0,University of Oxford,51.750690000000006,1.2474815000000001
4,Harvard University,93.6,94.9,98.6,99.2,39.9,63.7,United States,-,-,-,-,-,2013,2013.0,Harvard University,USA,1.0,1.0,1,1,1,-,1,1,1,-,7,100.0,1,Harvard University,-,1,100,100.0,100.0,100.0,100.0,100.0,72.5,2013.0,Harvard University,42.3770029,-71.11666009999999
5,Massachusetts Institute of Technology,93.1,92.9,89.2,99.9,92.9,81.6,United States,-,-,-,-,-,2013,2013.0,Massachusetts Institute of Technology,USA,4.0,3.0,2,16,2,-,16,3,3,-,1,91.45,4,Massachusetts Institute of Technology,-,4,71.1,68.0,81.3,68.2,69.7,60.1,65.0,2013.0,Massachusetts Institute of Technology,42.3583961,-71.09567790000001
6,Princeton University,92.7,89.5,99.4,99.8,79.5,54.5,United States,-,-,-,-,-,2013,2013.0,Princeton University,USA,8.0,6.0,4,14,3,-,58,35,27,-,101+,82.17,7,Princeton University,-,6,61.9,52.9,89.2,62.2,45.8,44.0,66.9,2013.0,Princeton University,40.338675200000004,-74.6583655
7,University of Cambridge,92.6,91.2,95.6,96.2,59.1,83.6,United Kingdom,-,-,-,-,-,2013,2013.0,University of Cambridge,United Kingdom,5.0,2.0,3,15,5,-,9,11,10,-,39,90.24,5,University of Cambridge,-,1,69.6,79.1,97.3,54.6,54.0,66.2,53.3,2013.0,University of Cambridge,52.1763896,0.1430888
8,Imperial College London,90.6,88.0,90.9,93.0,87.5,91.4,United Kingdom,-,-,-,-,-,2013,2013.0,Imperial College London,United Kingdom,27.0,3.0,101+,92,35,-,17,22,19,-,48,56.75,,,,,,,,,,,,,Imperial College London,51.4988884,-0.17615799999999998
9,University of California  Berkeley,90.5,85.1,99.3,99.3,65.4,49.7,United States,-,-,-,-,-,2013,,,,,,,,,,,,,,,,,,,,,,,,,,,,University of California  Berkeley,37.8718992,-122.2585399
10,University of Chicago,90.4,89.6,92.9,98.7,-,55.3,United States,-,-,-,-,-,2013,2013.0,University of Chicago,USA,9.0,7.0,9,19,8,-,37,21,30,-,101+,79.16,9,University of Chicago,-,8,57.1,60.9,83.4,52.2,41.9,49.8,39.5,2013.0,University of Chicago,41.7846874,-87.6007493
11,Yale University,89.2,93.2,92.5,94.8,38.2,54.7,United States,-,-,-,-,-,2013,2013.0,Yale University,USA,10.0,8.0,10,25,13,-,20,12,22,-,42,78.83,11,Yale University,-,9,55.4,47.5,44.5,59.7,60.7,62.4,36.3,2013.0,Yale University,41.2571305,-72.9896696
12,ETH Zurich,87.8,82.5,92.7,86.6,-,95.7,Switzerland,-,-,-,-,-,2013,,,,,,,,,,,,,,,,,,,,,,,,,,,,ETH Zurich,47.376313,8.5476699
13,University of California  Los Angeles,87.7,87.3,93.8,95.9,-,42.3,United States,-,-,-,-,-,2013,,,,,,,,,,,,,,,,,,,,,,,,,,,,University of California  Los Angeles,34.068921,-118.4451811
14,Columbia University,87.0,89.7,82.0,96.1,-,66.1,United States,-,-,-,-,-,2013,2013.0,Columbia University,USA,6.0,4.0,13,8,9,-,13,9,11,-,10,88.21,8,Columbia University,-,7,59.8,66.1,66.4,57.4,49.8,68.0,31.9,2013.0,Columbia University,40.814856,-73.9610162
15,University of Pennsylvania,86.6,90.0,89.4,96.2,43.7,38.1,United States,-,-,-,-,-,2013,2013.0,University of Pennsylvania,USA,12.0,10.0,22,5,25,-,10,10,9,-,14,77.24,15,University of Pennsylvania,-,13,49.6,33.0,34.1,57.9,47.4,66.7,37.7,2013.0,University of Pennsylvania,39.9492344,-75.19198990000001
16,Johns Hopkins University,85.6,81.8,85.5,95.3,100.0,57.3,United States,-,-,-,-,-,2013,2013.0,Johns Hopkins University,USA,17.0,13.0,23,96,21,-,4,5,7,-,2,65.64,17,Johns Hopkins University,-,15,46.9,39.3,33.9,42.2,49.7,68.8,27.4,2013.0,Johns Hopkins University,39.2964392,-76.592394
17,UCL,85.5,83.5,88.8,86.8,45.1,89.0,United Kingdom,-,-,-,-,-,2013,,,,,,,,,,,,,,,,,,,,,,,,,,,,UCL,25.7898293,-80.3379743
18,Cornell University,83.3,77.0,92.1,91.8,39.5,53.8,United States,-,-,-,-,-,2013,2013.0,Cornell University,USA,13.0,11.0,12,23,18,-,21,19,15,-,7,76.99,13,Cornell University,-,11,50,38.2,50.2,54.9,45.0,55.2,37.6,2013.0,Cornell University,42.4505507,-76.47835129999999
19,Northwestern University,83.1,77.6,87.3,98.2,64.4,33.8,United States,-,-,-,-,-,2013,2013.0,Northwestern University,USA,28.0,21.0,101+,21,101+,-,27,26,24,-,30,56.12,30,Northwestern University,-,22,38.9,16.0,22.2,48.5,39.1,57.5,27.1,2013.0,Northwestern University,42.055116399999996,-87.67581109999999
20,University of Michigan-Ann Arbor,82.6,76.1,91.4,91.6,53.9,47.6,United States,-,-,-,-,-,2013,,,,,,,,,,,,,,,,,,,,,,,,,,,,University of Michigan-Ann Arbor,42.2780436,-83.7382241
21,University of Toronto,82.2,79.6,89.4,85.1,42.9,65.1,Canada,-,-,-,-,-,2013,2013.0,University of Toronto,Canada,29.0,1.0,91,81,34,-,2,13,12,-,101+,56.11,28,University of Toronto,-,1,40.3,20.7,17.3,39.0,38.2,77.6,27.4,2013.0,University of Toronto,43.6633335,-79.3976997
22,Carnegie Mellon University,81.5,71.8,87.0,95.5,55.9,51.4,United States,-,-,-,-,-,2013,2013.0,Carnegie Mellon University,USA,51.0,35.0,30,101+,27,-,101+,101+,74,-,101+,49.56,52,Carnegie Mellon University,-,36,30.4,33.0,31.8,30.7,18.1,34.0,33.6,2013.0,Carnegie Mellon University,40.4441619,-79.9427283
23,Duke University,81.2,72.3,81.5,97.0,100.0,45.8,United States,-,-,-,-,-,2013,2013.0,Duke University,USA,25.0,19.0,89,42,46,-,22,17,17,-,24,57.72,31,Duke University,-,23,38.1,16.0,15.0,46.5,42.8,61.6,22.5,2013.0,Duke University,36.0001557,-78.94422970000001
24,University of Washington - Seattle,79.9,74.7,81.3,97.0,41.3,39.1,United States,-,-,-,-,-,2013,2013.0,University of Washington - Seattle,USA,31.0,22.0,101+,101+,41,-,7,8,5,-,51,55.79,,,,,,,,,,,,,University of Washington - Seattle,47.6553351,-122.3035199
25,Georgia Institute of Technology,78.8,70.2,79.5,90.3,74.9,66.3,United States,-,-,-,-,-,2013,2013.0,Georgia Institute of Technology,USA,100.0,57.0,101+,85,101+,-,97,101+,43,-,32,44.26,101-150,Georgia Institute of Technology,-,53-67,-,13.1,0.0,26.0,19.3,43.4,25.1,2013.0,Georgia Institute of Technology,33.776033,-84.39884090000001
25,University of Texas at Austin,78.8,75.5,80.7,91.0,57.9,42.1,United States,-,-,-,-,-,2013,2013.0,University of Texas at Austin,USA,26.0,20.0,101+,56,24,-,46,84,37,-,20,57.71,36,University of Texas at Austin,-,28,35.4,16.9,16.4,45.7,34.9,54.2,25.5,2013.0,University of Texas at Austin,30.2849,-97.7341
27,The University of Tokyo,78.3,87.9,89.9,71.3,59.0,27.6,Japan,-,-,-,-,-,2013,,,,,,,,,,,,,,,,,,,,,,,,,,,,The University of Tokyo,35.712677500000005,139.761989
27,The University of Tokyo,78.3,87.9,89.9,71.3,59.0,27.6,Japan,-,-,-,-,-,2013,,,,,,,,,,,,,,,,,,,,,,,,,,,,The University of Tokyo,35.712677500000005,139.761989
28,University of Melbourne,77.9,68.4,82.5,83.7,67.6,77.2,Australia,-,-,-,-,-,2013,,,,,,,,,,,,,,,,54,University of Melbourne,-,1,30.2,17.7,13.4,24.0,24.4,62.5,27.1,2013.0,University of Melbourne,-37.797258299999996,144.9584501
29,National University of Singapore,77.5,74.4,87.2,67.2,77.4,92.3,Singapore,-,-,-,-,-,2013,2013.0,National University of Singapore,Singapore,87.0,1.0,101+,101+,101+,-,44,101+,50,-,27,45.2,101-150,National University of Singapore,-,1,-,0.0,0.0,10.2,17.1,59.5,28.8,2013.0,National University of Singapore,1.2962018,103.7768994
30,University of British Columbia,77.3,69.1,80.4,84.0,42.4,82.1,Canada,-,-,-,-,-,2013,2013.0,University of British Columbia,Canada,58.0,3.0,101+,101+,95,-,25,39,39,-,100,48.51,40,University of British Columbia,-,2,34.2,16.0,19.0,32.4,31.9,63.6,22.9,2013.0,University of British Columbia,49.25839379999999,-123.24658159999998
31,University of Wisconsin-Madison,76.9,76.1,80.1,88.2,54.8,29.8,United States,-,-,-,-,-,2013,,,,,,,,,,,,,,,,,,,,,,,,,,,,University of Wisconsin-Madison,43.076592,-89.4124875
32,University of Edinburgh,76.1,68.4,71.3,90.8,43.8,78.9,United Kingdom,-,-,-,-,-,2013,2013.0,University of Edinburgh,United Kingdom,45.0,5.0,47,101+,45,-,52,36,63,-,101+,50.98,51,University of Edinburgh,-,6,30.5,21.4,13.4,27.1,33.6,50.9,25.3,2013.0,University of Edinburgh,55.9450449,-3.1902312999999998
33,University of Illinois at Urbana–Champaign,75.8,74.2,84.9,80.8,-,36.0,United States,-,-,-,-,-,2013,,,,,,,,,,,,,,,,,,,,,,,,,,,,University of Illinois at Urbana–Champaign,40.1019523,-88.2271615
34,McGill University,75.7,74.4,80.4,75.2,40.3,75.9,Canada,-,-,-,-,-,2013,2013.0,McGill University,Canada,47.0,2.0,54,62,59,-,34,42,48,-,101+,50.77,58,McGill University,-,3,29.9,31.6,0.0,31.5,26.1,58.8,25.9,2013.0,McGill University,45.5069177,-73.5791163
35,University of California  Santa Barbara,75.6,56.1,73.5,99.4,100.0,58.3,United States,-,-,-,-,-,2013,,,,,,,,,,,,,,,,,,,,,,,,,,,,University of California  Santa Barbara,34.413962899999994,-119.848947
35,University of Hong Kong,75.6,78.4,85.9,62.1,62.5,81.7,Hong Kong,-,-,-,-,-,2013,,,,,,,,,,,,,,,,201-300,University of Hong Kong,-,02-mar,-,0.0,0.0,12.7,14.3,43.0,20.2,2013.0,University of Hong Kong,22.2832633,114.1367447
37,Australian National University,75.4,68.6,83.5,73.5,39.6,90.0,Australia,-,-,-,-,-,2013,2013.0,Australian National University,Australia,96.0,2.0,101+,101+,43,-,101+,101+,101+,-,101+,44.5,66,Australian National University,-,2,28.9,14.1,19.4,32.3,24.0,43.0,29.3,2013.0,Australian National University,-35.2812134,149.1166533
38,University of California  San Diego,75.2,63.4,79.0,96.2,43.9,34.2,United States,-,-,-,-,-,2013,,,,,,,,,,,,,,,,,,,,,,,,,,,,University of California  San Diego,32.8800604,-117.2340135
39,London School of Economics and Political Science,73.1,70.8,80.8,66.5,42.9,87.2,United Kingdom,-,-,-,-,-,2013,,,,,,,,,,,,,,,,101-150,London School of Economics and Political Science,-,ott-14,-,20.7,16.4,16.2,28.9,26.8,2013.0,,London School of Economics and Political Science,51.514429,-0.1165884
40,École Polytechnique Fédérale de Lausanne,73.0,62.4,57.0,95.0,49.8,98.8,Switzerland,-,-,-,-,-,2013,,,,,,,,,,,,,,,,,,,,,,,,,,,,École Polytechnique Fédérale de Lausanne,46.5190557,6.5667576
41,New York University,72.8,73.8,67.4,89.2,29.5,38.7,United States,-,-,-,-,-,2013,2013.0,New York University,USA,19.0,14.0,37,31,16,-,41,25,33,-,51,63.99,27,New York University,-,20,40.5,29.3,32.2,42.2,40.8,55.5,22.8,2013.0,New York University,40.7292532,-73.99625390000001
42,Karolinska Institute,72.4,66.3,75.7,77.3,71.4,64.5,Sweden,-,-,-,-,-,2013,2013.0,Karolinska Institute,Sweden,60.0,1.0,101+,101+,47,-,64,38,62,-,101+,47.98,44,Karolinska Institute,-,1,32.7,23.3,26.8,32.4,20.9,49.2,35.9,2013.0,Karolinska Institute,59.3481,18.0237
42,University of North Carolina at Chapel Hill,72.4,70.4,69.3,90.1,40.0,32.9,United States,-,-,-,-,-,2013,2013.0,University of North Carolina at Chapel Hill,USA,34.0,24.0,101+,101+,60,-,30,27,26,-,42,52.87,43,University of North Carolina at Chapel Hill,-,30,33.7,9.3,16.4,39.6,32.8,58.6,23.5,2013.0,University of North Carolina at Chapel Hill,35.914671500000004,-79.04875600000001
44,University of California  Davis,71.8,67.9,71.6,82.7,52.5,51.7,United States,-,-,-,-,-,2013,,,,,,,,,,,,,,,,,,,,,,,,,,,,University of California  Davis,38.5382322,-121.7617125
44,Washington University in St. Louis,71.8,66.0,62.8,95.2,-,44.3,United States,-,-,-,-,-,2013,2013.0,Washington University in St. Louis,USA,63.0,42.0,101+,101+,101+,-,36,20,32,-,101+,47.72,32,Washington University in St. Louis,-,24,37.5,19.3,25.1,39.0,44.2,52.1,24.9,2013.0,Washington University in St. Louis,38.6487895,-90.31079620000001
46,Peking University,70.7,81.5,67.9,64.3,99.9,54.1,China,-,-,-,-,-,2013,,,,,,,,,,,,,,,,151-200,Peking University,-,01-mag,-,0.0,0.0,0.0,17.2,60.1,17.2,2013.0,Peking University,39.9922379,116.3039382
47,University of Minnesota,70.5,66.1,74.0,84.7,-,28.7,United States,-,-,-,-,-,2013,,,,,,,,,,,,,,,,,,,,,,,,,,,,University of Minnesota,44.973086,-93.2370881
48,LMU Munich,70.4,65.4,66.5,85.5,42.0,54.7,Germany,-,-,-,-,-,2013,,,,,,,,,,,,,,,,,,,,,,,,,,,,LMU Munich,48.1517251,11.5859138
49,University of Manchester,70.1,65.9,67.7,76.9,43.2,77.9,United Kingdom,-,-,-,-,-,2013,2013.0,University of Manchester,United Kingdom,72.0,6.0,101+,101+,76,-,47,63,57,-,101+,46.85,41,University of Manchester,-,5,34,19.3,32.8,27.7,26.0,57.0,24.4,2013.0,University of Manchester,53.4739625,-2.2351187
50,Pohang University of Science and Technology,69.4,63.9,63.9,88.2,100.0,28.8,South Korea,-,-,-,-,-,2013,,,,,,,,,,,,,,,,301-400,Pohang University of Science and Technology,-,05-lug,-,0.0,0.0,0.0,11.8,30.5,30.1,2013.0,Pohang University of Science and Technology,36.017731,129.3210751
51,Brown University,68.9,63.7,60.3,94.1,29.9,36.9,United States,-,-,-,-,-,2013,2013.0,Brown University,USA,77.0,48.0,59,52,67,-,101+,89,96,-,101+,46.43,67,Brown University,-,42,28.8,15.1,13.4,32.4,27.7,42.6,32.6,2013.0,Brown University,41.8268682,-71.4012315
52,Tsinghua University,67.1,74.5,76.4,55.2,99.2,37.2,China,-,-,-,-,-,2013,,,,,,,,,,,,,,,,151-200,Tsinghua University,-,01-mag,-,10.7,0.0,0.0,21.6,58.1,17.0,2013.0,Tsinghua University,40.0022904,116.32098909999998
53,Ohio State University,67.0,66.7,60.9,80.1,49.5,46.3,United States,-,-,-,-,-,2013,,,,,,,,,,,,,,,,,,,,,,,,,,,,Ohio State University,40.005709100000004,-83.02866259999999
54,Boston University,66.8,65.4,50.9,94.2,30.6,39.2,United States,-,-,-,-,-,2013,2013.0,Boston University,USA,54.0,38.0,101+,69,88,-,54,37,41,-,100,48.96,75,Boston University,-,44,27.4,12.0,11.6,29.8,24.7,50.8,20.9,2013.0,Boston University,42.3504253,-71.1005611
54,Kyoto University,66.8,77.1,74.8,57.8,76.4,26.3,Japan,-,-,-,-,-,2013,2013.0,Kyoto University,Japan,15.0,2.0,32,17,14,-,28,46,58,-,13,69.46,26,Kyoto University,-,2,40.8,30.7,37.5,38.9,35.1,60.2,23.2,2013.0,Kyoto University,35.027499600000006,135.7815451
56,University of Southern California,66.3,68.4,57.1,81.9,33.5,43.4,United States,-,-,-,-,-,2013,2013.0,University of Southern California,USA,39.0,27.0,101+,99,56,-,56,52,36,-,40,51.56,47,University of Southern California,-,33,31.3,0.0,26.8,39.6,25.1,51.3,19.1,2013.0,University of Southern California,34.0224149,-118.2863441
57,King's College London,66.2,53.5,59.3,82.8,42.4,86.0,United Kingdom,-,-,-,-,-,2013,2013.0,King's College London,United Kingdom,75.0,7.0,41,101+,101+,-,45,45,44,-,101+,46.53,67,King's College London,-,8,28.8,13.1,21.2,30.7,17.4,52.5,23.2,2013.0,King's College London,51.5114864,-0.115997
58,KU Leuven,66.1,59.7,71.0,67.2,99.7,56.6,Belgium,-,-,-,-,-,2013,,,,,,,,,,,,,,,,,,,,,,,,,,,,KU Leuven,50.874855200000006,4.707931299999999
59,Seoul National University,65.9,76.7,81.4,48.0,81.7,27.0,South Korea,-,-,-,-,-,2013,2013.0,Seoul National University,South Korea,40.0,1.0,101+,13,101+,-,48,101+,76,-,4,51.31,101-150,Seoul National University,-,1,-,0.0,0.0,7.2,18.0,68.0,22.2,2013.0,Seoul National University,37.46685,126.94892
59,École Normale Supérieure,65.9,61.6,46.9,90.3,47.2,67.3,France,-,-,-,-,-,2013,,,,,,,,,,,,,,,,,,,,,,,,,,,,École Normale Supérieure,48.842205799999995,2.3451689
61,Penn State (Main campus),65.8,55.0,69.2,81.4,59.7,34.9,United States,-,-,-,-,-,2013,,,,,,,,,,,,,,,,,,,,,,,,,,,,Penn State (Main campus),40.7982133,-77.85990840000001
62,University of Sydney,65.7,59.5,70.1,62.9,69.2,83.0,Australia,-,-,-,-,-,2013,2013.0,University of Sydney,Australia,92.0,1.0,101+,101+,101+,-,61,101+,101+,-,48,44.77,97,University of Sydney,-,5,24.7,15.1,0.0,19.1,19.2,62.5,23.9,2013.0,University of Sydney,-33.888906899999995,151.1894337
62,École Polytechnique,65.7,56.5,54.7,80.7,75.8,83.0,France,-,-,-,-,-,2013,2013.0,École Polytechnique,France,86.0,4.0,101+,4,101+,-,101+,101+,101+,-,101+,45.38,201-300,École Polytechnique,-,set-16,-,17.7,0.0,10.2,8.9,27.2,21.0,2013.0,École Polytechnique,48.7142971,2.2112917000000003
64,Leiden University,65.1,54.0,67.1,78.4,46.1,54.8,Netherlands,-,-,-,-,-,2013,,,,,,,,,,,,,,,,74,Leiden University,-,2,27.8,18.5,9.5,28.9,23.0,47.9,33.1,2013.0,Leiden University,52.1548467,4.4838765
65,The Hong Kong University of Science and Technology,64.4,56.9,64.6,68.9,55.6,78.1,Hong Kong,-,-,-,-,-,2013,,,,,,,,,,,,,,,,,,,,,,,,,,,,The Hong Kong University of Science and Technology,22.336399800000002,114.2654655
65,The University of Queensland,64.4,54.4,66.1,69.6,64.0,77.8,Australia,-,-,-,-,-,2013,,,,,,,,,,,,,,,,,,,,,,,,,,,,The University of Queensland,-27.4975028,153.0136905
67,Utrecht University,64.1,48.0,64.7,82.4,82.6,47.3,Netherlands,-,-,-,-,-,2013,2013.0,Utrecht University,Netherlands,84.0,1.0,101+,101+,101+,-,39,44,47,-,101+,45.73,52,Utrecht University,-,1,30.4,23.9,20.1,29.9,25.9,47.1,25.1,2013.0,Utrecht University,52.08516229999999,5.1741064
68,KAIST,64.0,69.9,68.9,58.4,100.0,31.1,South Korea,-,-,-,-,-,2013,,,,,,,,,,,,,,,,,,,,,,,,,,,,KAIST,36.372142700000005,127.36039
69,Purdue University West Lafayette,63.8,59.8,71.9,63.1,-,54.8,United States,-,-,-,-,-,2013,,,,,,,,,,,,,,,,,,,,,,,,,,,,Purdue University West Lafayette,40.4237054,-86.92119459999999
70,University of Göttingen,63.2,50.0,52.5,92.5,34.4,51.0,Germany,-,-,-,-,-,2013,,,,,,,,,,,,,,,,,,,,,,,,,,,,University of Göttingen,51.540811600000005,9.9374005
70,Wageningen University and Research,63.2,54.9,53.7,73.8,100.0,79.2,Netherlands,-,-,-,-,-,2013,,,,,,,,,,,,,,,,,,,,,,,,,,,,Wageningen University and Research,51.984555799999995,5.6657696
72,Erasmus University Rotterdam,62.9,44.5,64.1,80.2,62.0,62.8,Netherlands,-,-,-,-,-,2013,,,,,,,,,,,,,,,,151-200,Erasmus University Rotterdam,-,8,-,0.0,15.0,21.7,6.4,34.4,25.1,2013.0,Erasmus University Rotterdam,51.9228696,4.4874985999999994
72,University of Massachusetts,62.9,57.1,62.6,77.8,52.8,31.7,United States,-,-,-,-,-,2013,,,,,,,,,,,,,,,,,,,,,,,,,,,,University of Massachusetts,42.36565,-71.10831999999999
74,University of Bristol,62.5,50.1,51.7,85.4,38.7,71.9,United Kingdom,-,-,-,-,-,2013,,,,,,,,,,,,,,,,64,University of Bristol,-,7,29.2,7.6,16.4,28.9,32.8,45.7,28.8,2013.0,University of Bristol,51.45848370000001,-2.6097752
75,Rice University,62.0,49.5,39.3,100.0,36.5,59.0,United States,-,-,-,-,-,2013,2013.0,Rice University,USA,94.0,56.0,51,101+,97,-,101+,101+,64,-,81,44.53,92,Rice University,-,50,24.9,16.9,21.9,21.5,24.1,29.5,30.9,2013.0,Rice University,29.716791399999998,-95.4047811
76,University of Pittsburgh - Pittsburgh Campus,61.7,54.6,55.1,85.2,39.3,29.4,United States,-,-,-,-,-,2013,2013.0,University of Pittsburgh - Pittsburgh Campus,USA,69.0,44.0,80,101+,101+,-,24,33,28,-,44,47.08,,,,,,,,,,,,,University of Pittsburgh - Pittsburgh Campus,40.4443533,-79.960835
77,Delft University of Technology,61.6,59.9,75.1,45.1,99.9,67.7,Netherlands,-,-,-,-,-,2013,,,,,,,,,,,,,,,,201-300,Delft University of Technology,-,09-ott,-,12.0,0.0,7.2,16.9,38.0,19.7,2013.0,Delft University of Technology,51.9958959,4.3720411
78,Heidelberg University,61.4,61.4,49.0,75.5,40.7,61.3,Germany,-,-,-,-,-,2013,,,,,,,,,,,,,,,,,,,,,,,,,,,,Heidelberg University,49.4191,8.6702
79,Emory University,61.3,56.7,44.4,90.9,38.3,36.6,United States,-,-,-,-,-,2013,2013.0,Emory University,USA,93.0,55.0,101+,101+,101+,-,66,41,53,-,81,44.53,101-150,Emory University,-,53-67,-,0.0,0.0,32.4,23.0,50.0,17.3,2013.0,Emory University,33.7915703,-84.31837259999999
80,Durham University,60.7,42.3,44.5,93.3,34.3,77.7,United Kingdom,-,-,-,-,-,2013,,,,,,,,,,,,,,,,,,,,,,,,,,,,Durham University,54.758955099999994,-1.5813322
81,Pierre-and-Marie-Curie University,60.5,59.2,43.5,80.6,28.6,64.4,France,-,-,-,-,-,2013,,,,,,,,,,,,,,,,,,,,,,,,,,,,Pierre-and-Marie-Curie University,48.847103600000004,2.3574990000000002
82,Lund University,60.3,43.6,61.3,77.1,34.2,64.4,Sweden,-,-,-,-,-,2013,,,,,,,,,,,,,,,,101-150,Lund University,-,4,-,22.0,0.0,25.1,14.9,49.7,20.3,2013.0,Lund University,55.7039571,13.1902011
83,University of Amsterdam,60.1,45.6,61.3,75.1,49.0,57.0,Netherlands,-,-,-,-,-,2013,,,,,,,,,,,,,,,,101-150,University of Amsterdam,-,04-lug,-,5.3,0.0,19.1,17.7,52.4,26.2,2013.0,University of Amsterdam,52.3550532,4.950978299999999
84,University of Montreal,59.8,54.0,57.9,60.9,95.0,74.6,Canada,-,-,-,-,-,2013,,,,,,,,,,,,,,,,101-150,University of Montreal,-,05-giu,-,12.0,0.0,14.5,18.2,49.8,20.1,2013.0,University of Montreal,45.492754,-73.580477
85,UNSW Sydney,59.6,52.6,63.8,56.7,50.5,84.8,Australia,-,-,-,-,-,2013,,,,,,,,,,,,,,,,,,,,,,,,,,,,UNSW Sydney,-33.917347,151.2312675
86,Nanyang Technological University  Singapore,59.4,45.7,66.9,54.5,99.5,90.5,Singapore,-,-,-,-,-,2013,,,,,,,,,,,,,,,,,,,,,,,,,,,,Nanyang Technological University  Singapore,1.3483098999999998,103.68313470000001
87,Tufts University,59.1,52.6,36.4,94.8,39.4,39.6,United States,-,-,-,-,-,2013,,,,,,,,,,,,,,,,101-150,Tufts University,-,53-67,-,15.1,16.4,22.9,15.8,34.9,24.7,2013.0,Tufts University,42.406291700000004,-71.1197505
88,McMaster University,59.0,42.3,47.9,81.7,98.0,66.9,Canada,-,-,-,-,-,2013,,,,,,,,,,,,,,,,92,McMaster University,-,4,24.9,13.1,19.0,24.0,16.0,44.7,21.6,2013.0,McMaster University,43.263369399999995,-80.2781152
89,University of Groningen,58.8,43.8,61.0,71.6,85.2,49.8,Netherlands,-,-,-,-,-,2013,,,,,,,,,,,,,,,,92,University of Groningen,-,3,24.9,0.0,19.0,17.7,18.7,51.4,28.8,2013.0,University of Groningen,53.21967829999999,6.5625148
89,University of Zurich,58.8,50.0,41.6,80.0,38.3,84.1,Switzerland,-,-,-,-,-,2013,2013.0,University of Zurich,Switzerland,74.0,3.0,101+,101+,82,-,59,48,52,-,101+,46.54,60,University of Zurich,-,2,29.7,5.3,24.2,25.9,28.1,50.9,25.3,2013.0,University of Zurich,47.4968476,8.7298177
91,University of Colorado Boulder,58.7,42.3,44.4,97.1,-,34.7,United States,-,-,-,-,-,2013,2013.0,University of Colorado Boulder,USA,41.0,28.0,82,84,38,-,75,68,54,-,101+,51.16,,,,,,,,,,,,,University of Colorado Boulder,40.0068781,-105.27277600000001
92,Paris-Sud University,58.6,48.0,45.9,82.9,28.4,63.9,France,-,-,-,-,-,2013,,,,,,,,,,,,,,,,,,,,,,,,,,,,Paris-Sud University,48.6977,2.1765
93,Ghent University,58.4,46.4,56.7,71.3,95.9,49.1,Belgium,-,-,-,-,-,2013,,,,,,,,,,,,,,,,85,Ghent University,-,1,25.5,5.3,13.4,17.7,19.6,55.3,30.2,2013.0,Ghent University,51.0079474,3.7108811
94,Michigan State University,58.3,51.8,56.8,73.8,32.6,36.8,United States,-,-,-,-,-,2013,,,,,,,,,,,,,,,,92,Michigan State University,-,50,24.9,9.3,0.0,36.9,18.7,51.5,18.6,2013.0,Michigan State University,42.718568,-84.4779157
94,University of Notre Dame,58.3,48.3,39.6,93.5,29.8,41.6,United States,-,-,-,-,-,2013,,,,,,,,,,,,,,,,201-300,University of Notre Dame,-,86-108,-,13.1,0.0,17.7,13.5,31.3,18.8,2013.0,University of Notre Dame,41.70456779999999,-86.2382203
96,University of California  Irvine,58.2,44.0,47.2,90.3,42.1,35.2,United States,-,-,-,-,-,2013,,,,,,,,,,,,,,,,,,,,,,,,,,,,University of California  Irvine,33.640495200000004,-117.8442962
97,University of Maryland  College Park,57.9,44.9,51.4,83.9,32.1,40.4,United States,-,-,-,-,-,2013,,,,,,,,,,,,,,,,,,,,,,,,,,,,University of Maryland  College Park,38.9869183,-76.9425543
98,University of Arizona,57.7,47.0,53.7,76.9,83.9,31.3,United States,-,-,-,-,-,2013,2013.0,University of Arizona,USA,78.0,49.0,101+,101+,90,-,60,57,49,-,101+,46.39,78,University of Arizona,-,45,26.5,15.1,0.0,29.8,32.4,49.0,20.4,2013.0,University of Arizona,32.228775,-110.9768841
99,Humboldt University of Berlin,57.5,55.4,58.7,59.5,-,57.5,Germany,-,-,-,-,-,2013,,,,,,,,,,,,,,,,,,,,,,,,,,,,Humboldt University of Berlin,52.5184093,13.392907999999998
99,Monash University,57.5,47.8,60.6,60.9,70.0,66.4,Australia,-,-,-,-,-,2013,,,,,,,,,,,,,,,,101-150,Monash University,-,06-lug,-,0.0,0.0,14.5,19.6,55.0,22.1,2013.0,Monash University,-37.78397460000001,144.9586743
99,Rutgers  the State University of New Jersey,57.5,50.9,61.3,69.5,35.8,27.9,United States,-,-,-,-,-,2013,,,,,,,,,,,,,,,,,,,,,,,,,,,,Rutgers  the State University of New Jersey,40.500818599999995,-74.4473991
102,University of Rochester,57.2,46.0,37.8,92.3,39.6,45.9,United States,-,-,-,-,-,2013,2013.0,University of Rochester,USA,76.0,47.0,63,80,101+,-,101+,86,66,-,51,46.44,90,University of Rochester,-,49,25.4,25.6,7.7,28.0,22.6,41.8,21.2,2013.0,University of Rochester,43.1306,-77.626
103,University of York,57.1,41.9,43.9,83.4,38.4,71.9,United Kingdom,-,-,-,-,-,2013,,,,,,,,,,,,,,,,201-300,University of York,-,20-29,-,0.0,0.0,17.7,15.6,31.1,21.0,2013.0,University of York,53.9454037,-1.0313888
104,Case Western Reserve University,56.9,56.5,42.0,80.4,-,34.2,United States,-,-,-,-,-,2013,,,,,,,,,,,,,,,,99,Case Western Reserve University,-,52,24.6,31.6,10.9,21.7,20.6,39.2,22.6,2013.0,Case Western Reserve University,41.5013869,-81.6007022
105,Technical University of Munich,56.8,51.2,42.4,76.5,49.7,61.5,Germany,-,-,-,-,-,2013,,,,,,,,,,,,,,,,,,,,,,,,,,,,Technical University of Munich,48.1497,11.5679
106,Uppsala University,56.6,48.6,63.9,58.2,44.1,56.3,Sweden,-,-,-,-,-,2013,,,,,,,,,,,,,,,,73,Uppsala University,-,2,28,18.5,27.6,14.5,24.7,47.9,24.7,2013.0,Uppsala University,59.85519,17.63149
106,Vanderbilt University,56.6,51.5,40.9,85.0,53.0,27.5,United States,-,-,-,-,-,2013,2013.0,Vanderbilt University,USA,61.0,41.0,101+,101+,101+,-,53,40,60,-,40,47.8,49,Vanderbilt University,-,35,31,16.0,29.2,32.4,21.0,50.9,18.4,2013.0,Vanderbilt University,36.1442215,-86.8027573
108,University of St Andrews,56.5,43.2,43.8,76.6,38.9,86.3,United Kingdom,-,-,-,-,-,2013,,,,,,,,,,,,,,,,201-300,University of St Andrews,-,20-29,-,10.7,0.0,7.6,19.0,27.8,22.0,2013.0,University of St Andrews,56.341198399999996,-2.7930938
109,University of Helsinki,56.4,42.8,53.0,77.7,31.1,48.3,Finland,-,-,-,-,-,2013,2013.0,University of Helsinki,Finland,98.0,1.0,69,101+,81,-,74,79,71,-,101+,44.39,76,University of Helsinki,-,1,27.2,13.1,16.4,24.0,19.9,51.1,28.8,2013.0,University of Helsinki,60.1710377,24.949150600000003
110,Trinity College Dublin,56.2,41.9,33.5,88.1,32.8,84.5,Ireland,-,-,-,-,-,2013,,,,,,,,,,,,,,,,201-300,Trinity College Dublin,-,1,-,10.7,13.4,7.2,11.3,31.3,17.1,2013.0,Trinity College Dublin,53.34384059999999,-6.2543801
110,University of Sheffield,56.2,49.5,46.2,71.0,41.5,68.1,United Kingdom,-,-,-,-,-,2013,,,,,,,,,,,,,,,,101-150,University of Sheffield,-,ott-14,-,18.5,13.4,19.5,19.0,43.4,22.2,2013.0,University of Sheffield,53.3815248,-1.4806814
110,University of Sussex,56.2,34.9,39.5,91.1,32.1,76.7,United Kingdom,-,-,-,-,-,2013,,,,,,,,,,,,,,,,101-150,University of Sussex,-,ott-14,-,0.0,22.6,20.5,11.6,28.1,26.2,2013.0,University of Sussex,50.867943700000005,-0.0878561
113,University of Cape Town,55.8,34.7,45.5,79.7,87.3,75.1,South Africa,-,-,-,-,-,2013,,,,,,,,,,,,,,,,201-300,University of Cape Town,-,1,-,19.3,0.0,10.2,11.0,34.9,18.5,2013.0,University of Cape Town,-33.9582875,18.4599735
114,Eindhoven University of Technology,55.6,44.1,51.8,63.8,100.0,69.8,Netherlands,-,-,-,-,-,2013,,,,,,,,,,,,,,,,301-400,Eindhoven University of Technology,-,11-dic,-,0.0,0.0,7.2,8.1,32.1,20.4,2013.0,Eindhoven University of Technology,51.4486602,5.4903996
115,Maastricht University,55.5,39.7,53.2,62.5,99.1,85.2,Netherlands,-,-,-,-,-,2013,,,,,,,,,,,,,,,,,,,,,,,,,,,,Maastricht University,50.8471,5.6864
116,Aarhus University,55.3,35.7,54.6,71.6,69.7,66.4,Denmark,-,-,-,-,-,2013,,,,,,,,,,,,,,,,81,Aarhus University,-,2,26,12.0,22.2,7.2,25.6,50.9,28.5,2013.0,Aarhus University,56.167205200000005,10.202608900000001
117,Stockholm University,55.2,31.3,43.8,93.0,32.0,52.2,Sweden,-,-,-,-,-,2013,,,,,,,,,,,,,,,,82,Stockholm University,-,3,25.8,25.1,27.6,16.2,19.1,38.3,23.5,2013.0,Stockholm University,59.363333600000004,18.0587943
118,University of Virginia (Main campus),55.0,55.9,43.0,73.5,48.6,27.9,United States,-,-,-,-,-,2013,,,,,,,,,,,,,,,,,,,,,,,,,,,,University of Virginia (Main campus),38.0335529,-78.5079772
119,Royal Holloway  University of London,54.9,30.5,27.7,99.0,31.9,92.5,United Kingdom,-,-,-,-,-,2013,,,,,,,,,,,,,,,,,,,,,,,,,,,,Royal Holloway  University of London,51.425672999999996,-0.5630625
120,University of Nottingham,54.8,48.1,50.8,62.8,38.3,70.1,United Kingdom,-,-,-,-,-,2013,,,,,,,,,,,,,,,,83,University of Nottingham,-,9,25.6,12.0,20.1,24.0,17.9,46.1,20.5,2013.0,University of Nottingham,52.93874279999999,-1.2002957
121,University of Alberta,54.7,50.9,53.9,56.6,50.6,67.6,Canada,-,-,-,-,-,2013,2013.0,University of Alberta,Canada,97.0,4.0,101+,101+,101+,-,68,101+,92,-,81,44.5,101-150,University of Alberta,-,05-giu,-,12.0,0.0,21.4,20.1,54.1,21.1,2013.0,University of Alberta,53.5238572,-113.5228267
122,University of California  Santa Cruz,54.5,32.1,39.6,99.9,-,32.5,United States,-,-,-,-,-,2013,,,,,,,,,,,,,,,,,,,,,,,,,,,,University of California  Santa Cruz,36.9880503,-122.05820929999999
122,University of Florida,54.5,52.0,62.9,56.0,-,31.2,United States,-,-,-,-,-,2013,2013.0,University of Florida,USA,55.0,39.0,101+,101+,98,-,35,92,42,-,9,48.93,71,University of Florida,-,43,28.5,17.7,0.0,37.4,22.5,61.0,17.6,2013.0,University of Florida,29.6436,-82.3549
124,Chinese University of Hong Kong,54.4,53.7,63.1,45.1,44.5,62.6,Hong Kong,-,-,-,-,-,2013,,,,,,,,,,,,,,,,,,,,,,,,,,,,Chinese University of Hong Kong,22.4163,114.2109
124,Dartmouth College,54.4,47.5,35.9,87.0,38.6,31.5,United States,-,-,-,-,-,2013,2013.0,Dartmouth College,USA,82.0,51.0,45,20,101+,-,101+,101+,101+,-,78,46.04,151-200,Dartmouth College,-,68-85,-,18.5,0.0,24.0,15.0,28.3,21.6,2013.0,Dartmouth College,43.704792700000006,-72.29259090000001
124,University of Warwick,54.4,48.9,50.5,58.8,35.3,80.9,United Kingdom,-,-,-,-,-,2013,,,,,,,,,,,,,,,,151-200,University of Warwick,-,15-19,-,0.0,0.0,25.1,13.1,37.2,21.0,2013.0,University of Warwick,52.3793,-1.5615
127,Radboud University Nijmegen,54.0,35.7,54.3,73.3,41.7,53.4,Netherlands,-,-,-,-,-,2013,,,,,,,,,,,,,,,,101-150,Radboud University Nijmegen,-,04-lug,-,16.9,0.0,7.2,17.3,50.0,31.0,2013.0,Radboud University Nijmegen,51.8167,5.8653
128,Free University of Berlin,53.7,53.1,56.5,51.5,32.8,60.9,Germany,-,-,-,-,-,2013,,,,,,,,,,,,,,,,,,,,,,,,,,,,Free University of Berlin,52.4525,13.2897
128,Tokyo Institute of Technology,53.7,58.0,56.1,52.0,65.3,29.6,Japan,-,-,-,-,-,2013,,,,,,,,,,,,,,,,101-150,Tokyo Institute of Technology,-,04-lug,-,13.1,0.0,21.7,18.9,38.6,24.8,2013.0,Tokyo Institute of Technology,35.605038,139.68275490000002
130,University of Copenhagen,53.6,42.2,40.4,74.3,39.7,73.5,Denmark,-,-,-,-,-,2013,2013.0,University of Copenhagen,Denmark,68.0,1.0,101+,101+,63,-,42,43,51,-,101+,47.12,42,University of Copenhagen,-,1,33.8,22.7,19.0,25.9,30.3,60.2,35.0,2013.0,University of Copenhagen,55.6801502,12.572327
130,University of Lausanne,53.6,33.0,44.8,76.2,45.8,82.7,Switzerland,-,-,-,-,-,2013,,,,,,,,,,,,,,,,201-300,University of Lausanne,-,7,-,0.0,0.0,12.4,22.0,32.4,19.3,2013.0,University of Lausanne,46.5225695,6.5809505
130,University of Southampton,53.6,37.9,38.9,79.2,41.8,77.4,United Kingdom,-,-,-,-,-,2013,,,,,,,,,,,,,,,,151-200,University of Southampton,-,15-19,-,0.0,0.0,19.3,21.3,43.9,22.4,2013.0,University of Southampton,50.892736299999996,-1.3946428999999998
133,University of Geneva,53.5,36.2,42.5,73.1,32.4,95.3,Switzerland,-,-,-,-,-,2013,2013.0,University of Geneva,Switzerland,56.0,2.0,52,101+,30,-,101+,78,101+,-,101+,48.83,69,University of Geneva,-,3,28.7,22.7,28.4,20.5,27.9,37.7,27.5,2013.0,University of Geneva,46.1994,6.1451
134,Indiana University,53.2,48.3,44.2,72.5,-,36.0,United States,-,-,-,-,-,2013,,,,,,,,,,,,,,,,,,,,,,,,,,,,Indiana University,39.1691002,-86.5197898
134,National Taiwan University of Science and Technology,53.2,56.4,65.7,45.5,44.0,24.6,Taiwan,-,-,-,-,-,2013,,,,,,,,,,,,,,,,,,,,,,,,,,,,National Taiwan University of Science and Technology,25.0132583,121.54056090000002
134,University of Utah,53.2,43.3,41.3,81.0,63.3,25.2,United States,-,-,-,-,-,2013,2013.0,University of Utah,USA,42.0,29.0,101+,101+,42,-,93,61,85,-,27,51.14,85,University of Utah,-,47,25.5,0.0,11.6,30.7,26.9,45.6,18.1,2013.0,University of Utah,40.7628137,-111.8368719
137,Hebrew University of Jerusalem,53.1,48.8,55.8,57.0,33.6,50.3,Israel,-,-,-,-,-,2013,2013.0,Hebrew University of Jerusalem,Israel,21.0,1.0,15,101+,15,-,101+,96,101+,-,24,59.98,59,Hebrew University of Jerusalem,-,1,29.8,33.4,28.4,25.1,21.5,38.7,28.8,2013.0,Hebrew University of Jerusalem,31.7946,35.2414
137,Tohoku University,53.1,57.7,55.6,48.9,80.7,32.0,Japan,-,-,-,-,-,2013,2013.0,Tohoku University,Japan,95.0,6.0,43,101+,101+,-,65,101+,91,-,26,44.52,101-150,Tohoku University,-,04-lug,-,15.1,0.0,21.4,22.3,53.0,20.5,2013.0,Tohoku University,38.2530945,140.8736593
139,University of Glasgow,53.0,37.3,40.2,78.1,44.1,69.7,United Kingdom,-,-,-,-,-,2013,,,,,,,,,,,,,,,,151-200,University of Glasgow,-,15-19,-,7.6,0.0,21.5,18.1,41.2,20.7,2013.0,University of Glasgow,55.8723154,-4.2892178
140,KTH Royal Institute of Technology,52.9,47.5,49.7,49.1,100.0,86.1,Sweden,-,-,-,-,-,2013,,,,,,,,,,,,,,,,,,,,,,,,,,,,KTH Royal Institute of Technology,59.20167579999999,17.6203201
140,Vrije Universiteit Amsterdam,52.9,40.5,45.1,74.2,58.5,47.1,Netherlands,-,-,-,-,-,2013,,,,,,,,,,,,,,,,,,,,,,,,,,,,Vrije Universiteit Amsterdam,52.333756799999996,4.8657199
142,University of Basel,52.8,37.1,23.2,87.8,64.2,89.8,Switzerland,-,-,-,-,-,2013,,,,,,,,,,,,,,,,83,University of Basel,-,4,25.6,20.0,16.4,24.9,18.6,37.5,34.1,2013.0,University of Basel,47.5612651,7.575296099999999
142,University of Leeds,52.8,41.5,48.6,65.8,41.3,66.6,United Kingdom,-,-,-,-,-,2013,,,,,,,,,,,,,,,,151-200,University of Leeds,-,15-19,-,17.7,0.0,14.5,19.8,42.1,18.8,2013.0,University of Leeds,53.803871900000004,-1.5524571000000003
144,University of Freiburg,52.3,48.3,33.0,72.4,81.1,54.9,Germany,-,-,-,-,-,2013,,,,,,,,,,,,,,,,100,University of Freiburg,-,4,24.3,19.3,19.0,15.9,24.4,37.2,24.2,2013.0,University of Freiburg,47.9959,7.85222
145,Lancaster University,52.1,37.7,40.9,73.2,31.8,76.2,United Kingdom,-,-,-,-,-,2013,,,,,,,,,,,,,,,,301-400,Lancaster University,-,30-33,-,0.0,0.0,17.7,8.4,29.5,19.2,2013.0,Lancaster University,54.009753700000005,-2.7875749
145,Queen Mary University of London,52.1,33.1,30.0,85.4,42.7,87.0,United Kingdom,-,-,-,-,-,2013,,,,,,,,,,,,,,,,,,,,,,,,,,,,Queen Mary University of London,51.52472720000001,-0.0393103
147,Osaka University,52.0,59.5,55.7,46.4,69.6,23.6,Japan,-,-,-,-,-,2013,2013.0,Osaka University,Japan,35.0,3.0,77,91,44,-,55,56,72,-,17,52.79,85,Osaka University,-,3,25.5,9.3,0.0,27.1,29.0,53.3,20.6,2013.0,Osaka University,34.8080904,135.4578522
148,Arizona State University,51.9,38.4,45.2,79.9,31.8,27.4,United States,-,-,-,-,-,2013,2013.0,Arizona State University,USA,73.0,46.0,101+,101+,73,-,101+,101+,89,-,20,46.72,,,,,,,,,,,,,Arizona State University,32.2287642,-110.95742320000001
149,Technical University of Denmark,51.7,37.9,30.0,76.9,98.7,77.0,Denmark,-,-,-,-,-,2013,,,,,,,,,,,,,,,,151-200,Technical University of Denmark,-,3,-,5.3,11.6,17.6,14.0,37.4,20.8,2013.0,Technical University of Denmark,55.7854144,12.5202151
150,Boston College,51.6,34.5,33.2,88.7,-,52.4,United States,-,-,-,-,-,2013,,,,,,,,,,,,,,,,401-500,Boston College,-,132-149,-,0.0,0.0,7.2,12.4,22.2,13.6,2013.0,Boston College,42.3354481,-71.16813859999999
151,Karlsruhe Institute of Technology,51.5,46.3,38.9,63.4,82.9,64.5,Germany,-,-,-,-,-,2013,,,,,,,,,,,,,,,,201-300,Karlsruhe Institute of Technology,-,15-23,-,0.0,0.0,9.8,14.6,34.3,17.7,2013.0,Karlsruhe Institute of Technology,49.1018438,8.433125599999999
151,University of Bern,51.5,43.0,36.0,69.7,42.0,77.3,Switzerland,-,-,-,-,-,2013,,,,,,,,,,,,,,,,151-200,University of Bern,-,6,-,13.1,0.0,12.5,22.7,39.8,25.6,2013.0,University of Bern,46.9505,7.4381
153,University of Exeter,51.3,33.2,38.1,78.1,37.1,74.1,United Kingdom,-,-,-,-,-,2013,,,,,,,,,,,,,,,,201-300,University of Exeter,-,20-29,-,0.0,0.0,7.2,17.9,31.9,19.9,2013.0,University of Exeter,50.7369302,-3.5364767
154,RWTH Aachen University,51.1,45.3,32.4,73.8,63.1,53.9,Germany,-,-,-,-,-,2013,,,,,,,,,,,,,,,,201-300,RWTH Aachen University,-,15-23,-,0.0,0.0,10.2,7.1,40.7,19.5,2013.0,RWTH Aachen University,50.7791703,6.0672873
154,University of California  Riverside,51.1,29.1,32.5,90.3,33.5,62.8,United States,-,-,-,-,-,2013,,,,,,,,,,,,,,,,,,,,,,,,,,,,University of California  Riverside,33.9737055,-117.3280644
156,Texas A&M University,50.9,46.4,58.3,49.3,45.5,47.2,United States,-,-,-,-,-,2013,,,,,,,,,,,,,,,,,,,,,,,,,,,,Texas A&M University,30.6185,-96.3365
156,Yeshiva University,50.9,51.7,30.1,78.8,-,28.4,United States,-,-,-,-,-,2013,,,,,,,,,,,,,,,,201-300,Yeshiva University,-,86-108,-,0.0,0.0,12.5,17.3,32.6,20.3,2013.0,Yeshiva University,40.8507,-73.9295
158,Tel Aviv University,50.5,50.7,59.8,43.7,49.2,39.5,Israel,-,-,-,-,-,2013,2013.0,Tel Aviv University,Israel,57.0,3.0,84,101+,54,-,83,101+,101+,-,32,48.72,101-150,Tel Aviv University,-,4,-,0.0,0.0,24.0,14.0,48.2,25.5,2013.0,Tel Aviv University,32.1133,34.8044
158,University of Birmingham,50.5,44.8,46.7,56.3,38.4,69.7,United Kingdom,-,-,-,-,-,2013,,,,,,,,,,,,,,,,101-150,University of Birmingham,-,ott-14,-,19.3,9.5,21.6,14.8,44.9,21.0,2013.0,University of Birmingham,52.4510426,-1.9367798999999999
158,University of São Paulo,50.5,63.0,65.7,30.2,40.0,24.5,Brazil,-,-,-,-,-,2013,,,,,,,,,,,,,,,,101-150,University of São Paulo,-,1,-,0.0,0.0,10.2,11.6,72.7,14.7,2013.0,University of São Paulo,-23.5613991,-46.7307891
161,University of Auckland,50.3,34.0,40.9,64.2,76.6,88.0,New Zealand,-,-,-,-,-,2013,,,,,,,,,,,,,,,,201-300,University of Auckland,-,01-feb,-,14.1,0.0,10.2,12.7,39.9,19.9,2013.0,University of Auckland,-36.8484794,174.77172769999999
162,Stony Brook University,50.2,38.8,29.9,82.9,31.6,52.8,United States,-,-,-,-,-,2013,2013.0,Stony Brook University,USA,89.0,54.0,101+,101+,68,-,101+,101+,98,-,90,45.01,,,,,,,,,,,,,Stony Brook University,40.9098347,-73.1211991
162,University of Vienna,50.2,44.3,46.7,52.4,29.1,86.3,Austria,-,-,-,-,-,2013,,,,,,,,,,,,,,,,151-200,University of Vienna,-,1,-,14.1,0.0,14.5,22.0,36.5,22.4,2013.0,University of Vienna,48.2131302,16.3606865
164,Université catholique de Louvain,50.0,38.6,40.5,68.8,34.5,64.3,Belgium,-,-,-,-,-,2013,,,,,,,,,,,,,,,,,,,,,,,,,,,,Université catholique de Louvain,50.6696875,4.615590900000001
165,University of Delaware,49.7,30.0,41.6,76.6,97.7,37.3,United States,-,-,-,-,-,2013,,,,,,,,,,,,,,,,151-200,University of Delaware,-,68-85,-,10.7,16.4,22.9,9.8,31.5,18.8,2013.0,University of Delaware,39.6810328,-75.7540184
166,Paris Diderot University - Paris 7 ,49.6,31.9,27.1,87.9,-,66.8,France,-,-,-,-,-,2013,,,,,,,,,,,,,,,,,,,,,,,,,,,,,,
167,University of Texas at Dallas,49.5,32.6,32.2,85.2,40.0,46.8,United States,-,-,-,-,-,2013,,,,,,,,,,,,,,,,301-400,University of Texas at Dallas,-,109-131,-,0.0,0.0,10.2,14.7,27.2,21.4,2013.0,University of Texas at Dallas,32.9875855,-96.7497693
168,George Washington University,49.4,48.1,28.0,77.1,30.0,36.6,United States,-,-,-,-,-,2013,,,,,,,,,,,,,,,,201-300,George Washington University,-,86-108,-,12.0,0.0,12.5,11.3,32.7,16.2,2013.0,George Washington University,38.9044038,-77.0478034
169,University of Iowa,49.3,49.0,40.9,65.7,-,26.4,United States,-,-,-,-,-,2013,,,,,,,,,,,,,,,,101-150,University of Iowa,-,53-67,-,0.0,0.0,30.7,21.8,43.9,17.9,2013.0,University of Iowa,41.665901,-91.5731884
170,École Normale Supérieure de Lyon,49.2,40.8,25.9,79.6,28.9,61.0,France,-,-,-,-,-,2013,,,,,,,,,,,,,,,,,,,,,,,,,,,,École Normale Supérieure de Lyon,45.7297657,4.826806400000001
171,University of Bonn,49.0,40.9,26.1,80.4,-,54.0,Germany,-,-,-,-,-,2013,,,,,,,,,,,,,,,,101-150,University of Bonn,-,05-ago,-,16.0,19.9,14.7,19.9,40.7,24.2,2013.0,University of Bonn,50.7338124,7.1022465
171,University of Liverpool,49.0,38.7,37.5,64.8,46.4,73.7,United Kingdom,-,-,-,-,-,2013,,,,,,,,,,,,,,,,101-150,University of Liverpool,-,ott-14,-,17.7,13.4,12.5,17.0,40.7,21.0,2013.0,University of Liverpool,53.404585700000005,-2.9645607999999997
171,University of Ottawa,49.0,40.8,41.4,63.1,43.0,58.1,Canada,-,-,-,-,-,2013,,,,,,,,,,,,,,,,201-300,University of Ottawa,-,ago-16,-,0.0,0.0,7.2,12.2,41.9,17.3,2013.0,University of Ottawa,45.4231,-75.6831
174,Georgetown University,48.9,56.4,35.6,59.8,-,32.9,United States,-,-,-,-,-,2013,,,,,,,,,,,,,,,,301-400,Georgetown University,-,109-131,-,0.0,0.0,12.2,8.4,31.8,17.3,2013.0,Georgetown University,38.9089393,-77.07457959999999
174,Rensselaer Polytechnic Institute,48.9,36.2,40.2,73.0,66.8,32.9,United States,-,-,-,-,-,2013,,,,,,,,,,,,,,,,201-300,Rensselaer Polytechnic Institute,-,86-108,-,13.1,0.0,17.7,10.3,21.5,22.8,2013.0,Rensselaer Polytechnic Institute,42.7298459,-73.6795022
176,University of Aberdeen,48.8,31.9,34.3,71.5,48.9,84.1,United Kingdom,-,-,-,-,-,2013,,,,,,,,,,,,,,,,201-300,University of Aberdeen,-,20-29,-,0.0,13.4,10.2,12.0,32.0,19.6,2013.0,University of Aberdeen,57.164588,-2.1018535
176,University of Adelaide,48.8,37.3,43.7,55.9,63.2,82.2,Australia,-,-,-,-,-,2013,,,,,,,,,,,,,,,,201-300,University of Adelaide,-,08-set,-,15.1,0.0,10.2,9.8,39.8,22.4,2013.0,University of Adelaide,-34.9189226,138.60423669999997
176,University of Adelaide,48.8,37.3,43.7,55.9,63.2,82.2,Australia,-,-,-,-,-,2013,,,,,,,,,,,,,,,,201-300,University of Adelaide,-,08-set,-,15.1,0.0,10.2,9.8,39.8,22.4,2013.0,University of Adelaide,-34.9189226,138.60423669999997
176,University of East Anglia,48.8,29.6,27.7,85.5,30.7,68.9,United Kingdom,-,-,-,-,-,2013,,,,,,,,,,,,,,,,201-300,University of East Anglia,-,20-29,-,14.1,0.0,16.0,13.5,28.9,21.2,2013.0,University of East Anglia,52.6221571,1.2409136
176,University of Reading,48.8,39.3,41.1,61.3,35.2,72.4,United Kingdom,-,-,-,-,-,2013,,,,,,,,,,,,,,,,301-400,University of Reading,-,30-33,-,0.0,0.0,14.5,12.0,26.9,17.4,2013.0,University of Reading,51.4414,-0.9418
180,Joseph Fourier University,48.6,36.6,26.5,81.8,36.3,56.3,France,-,-,-,-,-,2013,,,,,,,,,,,,,,,,,,,,,,,,,,,,Joseph Fourier University,45.16667,5.71667
180,Newcastle University,48.6,37.9,30.5,72.1,37.4,74.4,United Kingdom,-,-,-,-,-,2013,,,,,,,,,,,,,,,,201-300,Newcastle University,-,20-29,-,0.0,0.0,14.5,19.4,37.5,18.5,2013.0,Newcastle University,54.980232400000006,-1.6145263
182,City University of Hong Kong,48.5,35.2,41.8,64.1,53.6,64.0,Hong Kong,-,-,-,-,-,2013,,,,,,,,,,,,,,,,301-400,City University of Hong Kong,-,04-mag,-,0.0,0.0,16.2,0.0,38.1,20.4,2013.0,City University of Hong Kong,22.3376,114.1714
183,Yonsei University,48.2,48.3,50.6,48.6,56.1,33.4,South Korea,-,-,-,-,-,2013,,,,,,,,,,,,,,,,201-300,Yonsei University,-,02-apr,-,0.0,0.0,7.2,6.9,50.7,19.8,2013.0,Yonsei University,37.5600406,126.93692479999999
183,Yonsei University,48.2,48.3,50.6,48.6,56.1,33.4,South Korea,-,-,-,-,-,2013,,,,,,,,,,,,,,,,201-300,Yonsei University,-,02-apr,-,0.0,0.0,7.2,6.9,50.7,19.8,2013.0,Yonsei University,37.5600406,126.93692479999999
184,Colorado School of Mines,48.0,24.9,22.5,94.3,66.0,51.2,United States,-,-,-,-,-,2013,,,,,,,,,,,,,,,,,,,,,,,,,,,,Colorado School of Mines,39.7496495,-105.2271982
184,University of Illinois at Chicago,48.0,53.9,42.6,52.9,40.4,29.1,United States,-,-,-,-,-,2013,,,,,,,,,,,,,,,,151-200,University of Illinois at Chicago,-,68-85,-,0.0,0.0,27.8,13.0,43.9,17.7,2013.0,University of Illinois at Chicago,41.8689891,-87.64856259999999
184,École centrale de Lyon,48.0,41.3,22.6,87.1,29.9,25.8,United States,-,-,-,-,-,2013,,,,,,,,,,,,,,,,,,,,,,,,,,,,École centrale de Lyon,45.7825983,4.7664999
187,University College Dublin,47.9,31.1,31.8,74.9,35.3,76.5,Ireland,-,-,-,-,-,2013,,,,,,,,,,,,,,,,301-400,University College Dublin,-,02-mar,-,0.0,0.0,7.2,12.5,33.3,16.6,2013.0,University College Dublin,53.3002031,-6.5330075999999995
187,University of Twente,47.9,35.8,46.4,55.6,79.7,61.5,Netherlands,-,-,-,-,-,2013,,,,,,,,,,,,,,,,301-400,University of Twente,-,11-dic,-,0.0,0.0,10.2,8.7,31.5,19.3,2013.0,University of Twente,52.2380139,6.8566761
189,Medical University of South Carolina,47.7,46.2,39.6,59.7,77.1,27.7,United States,-,-,-,-,-,2013,,,,,,,,,,,,,,,,301-400,Medical University of South Carolina,-,109-131,-,0.0,0.0,14.5,5.8,29.8,19.9,2013.0,Medical University of South Carolina,32.7845,-79.9467
190,University of Western Australia,47.3,35.0,39.9,55.7,60.0,88.4,Australia,-,-,-,-,-,2013,,,,,,,,,,,,,,,,91,University of Western Australia,-,4,25,14.1,14.2,25.8,14.8,45.8,27.3,2013.0,University of Western Australia,-31.9801,115.8179
190,Wake Forest University,47.3,37.5,22.4,89.1,48.0,19.0,United States,-,-,-,-,-,2013,,,,,,,,,,,,,,,,301-400,Wake Forest University,-,109-131,-,0.0,0.0,12.5,8.4,28.6,12.1,2013.0,Wake Forest University,36.134335,-80.2781152
192,University of Antwerp,47.1,33.8,35.5,64.8,100.0,58.5,Belgium,-,-,-,-,-,2013,,,,,,,,,,,,,,,,201-300,University of Antwerp,-,05-giu,-,0.0,0.0,10.2,10.8,35.0,25.5,2013.0,University of Antwerp,51.2228,4.4102
193,Iowa State University,46.9,35.7,34.3,74.9,44.0,30.5,United States,-,-,-,-,-,2013,,,,,,,,,,,,,,,,151-200,Iowa State University,-,68-85,-,0.0,0.0,22.9,19.6,40.2,19.8,2013.0,Iowa State University,42.0279101,-93.6446441
193,Technion – Israel Institute of Technolog,46.9,44.8,50.2,44.0,40.8,55.9,Israel,-,-,-,-,-,2013,,,,,,,,,,,,,,,,,,,,,,,,,,,,Technion – Israel Institute of Technolog,32.7767783,35.0231271
193,University of Miami,46.9,48.7,27.0,69.7,-,33.1,United States,-,-,-,-,-,2013,,,,,,,,,,,,,,,,151-200,University of Miami,-,68-85,-,0.0,0.0,24.0,19.6,42.5,15.4,2013.0,University of Miami,25.7192,-80.2771
196,University of Leicester,46.7,33.0,32.5,66.5,34.9,83.7,United Kingdom,-,-,-,-,-,2013,,,,,,,,,,,,,,,,201-300,University of Leicester,-,20-29,-,0.0,0.0,19.1,18.9,32.7,20.3,2013.0,University of Leicester,52.6211,-1.1246
196,University of Victoria,46.7,20.2,33.7,82.7,30.6,65.9,Canada,-,-,-,-,-,2013,,,,,,,,,,,,,,,,301-400,University of Victoria,-,17-18,-,0.0,0.0,14.5,8.2,29.9,17.7,2013.0,University of Victoria,48.4620599,-123.31141979999998
198,University at Buffalo,46.6,46.3,40.6,52.1,42.4,50.7,United States,-,-,-,-,-,2013,,,,,,,,,,,,,,,,,,,,,,,,,,,,University at Buffalo,42.901646,-78.8683495
199,Goethe University Frankfurt,46.4,33.3,29.7,73.9,41.4,57.6,Germany,-,-,-,-,-,2013,,,,,,,,,,,,,,,,,,,,,,,,,,,,Goethe University Frankfurt,50.115520000000004,8.68417
200,Birkbeck  University of London,46.2,27.6,30.5,72.8,29.4,83.2,United Kingdom,-,-,-,-,-,2013,,,,,,,,,,,,,,,,,,,,,,,,,,,,Birkbeck  University of London,51.5220032,-0.129919
201-225,Autonomous University of Barcelona,-,39.0,35.7,62.8,37.3,47.1,Spain,-,-,-,-,-,2013,,,,,,,,,,,,,,,,201-300,Autonomous University of Barcelona,-,01-apr,-,0.0,0.0,0.0,13.8,45.0,19.1,2013.0,Autonomous University of Barcelona,41.5019,2.1049
201-225,Brandeis University,-,27.3,27.9,83.1,37.4,45.3,United States,-,-,-,-,-,2013,,,,,,,,,,,,,,,,201-300,Brandeis University,-,86-108,-,20.0,0.0,7.2,20.1,19.8,24.6,2013.0,Brandeis University,42.3655,-71.2587
201-225,Cardiff University,-,32.5,38.2,60.2,39.8,68.1,United Kingdom,-,-,-,-,-,2013,,,,,,,,,,,,,,,,151-200,Cardiff University,-,15-19,-,0.0,16.4,7.2,19.6,40.3,18.2,2013.0,Cardiff University,51.487996100000004,-3.1796975
201-225,Fudan University,-,45.3,39.5,51.3,46.3,38.6,China,-,-,-,-,-,2013,,,,,,,,,,,,,,,,151-200,Fudan University,-,01-mag,-,0.0,0.0,7.1,13.6,52.5,19.1,2013.0,Fudan University,31.301044,121.500455
201-225,Johannes Gutenberg University of Mainz,-,33.5,18.4,85.2,-,57.0,Germany,-,-,-,-,-,2013,,,,,,,,,,,,,,,,,,,,,,,,,,,,Johannes Gutenberg University of Mainz,49.9926,8.2416
201-225,Lomonosov Moscow State University,-,63.5,48.1,19.7,70.1,50.3,Russian Federation,-,-,-,-,-,2013,2013.0,Lomonosov Moscow State University,Russia,90.0,1.0,14,101+,51,-,101+,101+,101+,-,101+,44.93,,,,,,,,,,,,,Lomonosov Moscow State University,55.7022971,37.53179779999999
201-225,Middle East Technical University,-,50.8,46.0,44.6,50.6,28.0,Turkey,-,-,-,-,-,2013,,,,,,,,,,,,,,,,,,,,,,,,,,,,Middle East Technical University,39.8754968,32.785535100000004
201-225,Nagoya University,-,44.2,39.2,53.3,35.5,25.3,Japan,-,-,-,-,-,2013,2013.0,Nagoya University,Japan,91.0,5.0,72,101+,71,-,101+,101+,101+,-,58,44.78,101-150,Nagoya University,-,04-lug,-,22.7,14.2,16.2,21.6,44.1,20.3,2013.0,Nagoya University,43.5375098,143.60768230000002
201-225,Northeastern University,-,40.1,21.2,76.4,33.8,41.0,United States,-,-,-,-,-,2013,,,,,,,,,,,,,,,,301-400,Northeastern University,-,109-131,-,0.0,0.0,7.2,15.9,28.5,16.9,2013.0,Northeastern University,47.6230201,-122.33735459999998
201-225,Pompeu Fabra University,-,27.3,23.2,77.5,34.2,49.9,Spain,-,-,-,-,-,2013,,,,,,,,,,,,,,,,,,,,,,,,,,,,Pompeu Fabra University,41.379,2.1798
201-225,Queen's University,-,39.5,35.4,51.2,77.3,58.0,Canada,-,-,-,-,-,2013,,,,,,,,,,,,,,,,201-300,Queen's University,-,ago-16,-,0.0,0.0,16.2,12.4,34.3,19.2,2013.0,Queen's University,44.2252795,-76.4951412
201-225,St George's,-,20.0,22.6,89.7,44.1,57.9,United Kingdom,-,-,-,-,-,2013,,,,,,,,,,,,,,,,,,,,,,,,,,,,St George's,37.17979570000001,-93.22023670000002
201-225,Sungkyunkwan University (SKKU),-,47.1,48.7,39.3,98.7,30.9,South Korea,-,-,-,-,-,2013,,,,,,,,,,,,,,,,,,,,,,,,,,,,Sungkyunkwan University (SKKU),37.5870453,126.9907693
201-225,Tilburg University,-,38.2,54.5,33.7,54.8,56.6,Netherlands,-,-,-,-,-,2013,,,,,,,,,,,,,,,,,,,,,,,,,,,,Tilburg University,51.563060799999995,5.0435985
201-225,University of Barcelona,-,32.5,33.4,71.4,30.9,46.0,Spain,-,-,-,-,-,2013,,,,,,,,,,,,,,,,201-300,University of Barcelona,-,01-apr,-,0.0,0.0,10.2,11.1,50.5,16.8,2013.0,University of Barcelona,41.386891299999995,2.1635237999999997
201-225,University of Barcelona,-,32.5,33.4,71.4,30.9,46.0,Spain,-,-,-,-,-,2013,,,,,,,,,,,,,,,,201-300,University of Barcelona,-,01-apr,-,0.0,0.0,10.2,11.1,50.5,16.8,2013.0,University of Barcelona,41.386891299999995,2.1635237999999997
201-225,University of Dundee,-,24.8,23.2,81.1,49.9,66.6,United Kingdom,-,-,-,-,-,2013,,,,,,,,,,,,,,,,201-300,University of Dundee,-,20-29,-,0.0,0.0,16.2,15.0,25.5,18.3,2013.0,University of Dundee,56.4579675,-2.9821482999999995
201-225,University of Erlangen–Nuremberg,-,35.0,18.7,74.6,45.2,49.0,Germany,-,-,-,-,-,2013,,,,,,,,,,,,,,,,,,,,,,,,,,,,University of Erlangen–Nuremberg,49.5978804,11.0045507
201-225,University of Georgia,-,45.4,40.1,46.8,31.3,36.2,United States,-,-,-,-,-,2013,,,,,,,,,,,,,,,,101-150,University of Georgia,-,53-67,-,0.0,0.0,27.0,20.8,40.8,18.1,2013.0,University of Georgia,33.948,-83.3773
201-225,University of Gothenburg,-,28.3,41.9,63.8,38.6,48.4,Sweden,-,-,-,-,-,2013,,,,,,,,,,,,,,,,151-200,University of Gothenburg,-,5,-,0.0,15.5,7.2,12.0,39.8,17.3,2013.0,University of Gothenburg,57.6985351,11.9712482
201-225,University of Innsbruck,-,36.6,17.9,71.6,38.2,88.7,Austria,-,-,-,-,-,2013,,,,,,,,,,,,,,,,201-300,University of Innsbruck,-,02-mar,-,0.0,9.5,7.2,16.3,24.3,21.2,2013.0,University of Innsbruck,47.2633159,11.384473300000002
201-225,University of Innsbruck,-,36.6,17.9,71.6,38.2,88.7,Austria,-,-,-,-,-,2013,,,,,,,,,,,,,,,,201-300,University of Innsbruck,-,02-mar,-,0.0,9.5,7.2,16.3,24.3,21.2,2013.0,University of Innsbruck,47.2633159,11.384473300000002
201-225,University of Konstanz,-,32.6,35.6,64.5,51.9,58.5,Germany,-,-,-,-,-,2013,,,,,,,,,,,,,,,,301-400,University of Konstanz,-,24-30,-,0.0,0.0,14.2,11.6,22.9,13.4,2013.0,University of Konstanz,47.66033,9.17582
201-225,University of Oslo,-,33.5,39.8,62.3,31.4,59.0,Norway,-,-,-,-,-,2013,2013.0,University of Oslo,Norway,81.0,1.0,101+,101+,40,-,101+,101+,101+,-,101+,46.1,69,University of Oslo,-,1,28.7,18.5,32.8,17.7,16.5,50.6,25.6,2013.0,University of Oslo,59.94,10.7217
201-225,University of Science and Technology of China,-,39.2,27.7,72.7,50.1,22.0,China,-,-,-,-,-,2013,,,,,,,,,,,,,,,,201-300,University of Science and Technology of China,-,06-ago,-,0.0,0.0,7.2,14.5,45.4,21.2,2013.0,University of Science and Technology of China,31.839071999999998,117.2642075
201-225,University of Strasbourg,-,29.7,29.2,72.0,34.8,68.3,France,-,-,-,-,-,2013,,,,,,,,,,,,,,,,97,University of Strasbourg,-,4,24.7,26.2,26.3,17.7,18.5,34.6,20.3,2013.0,University of Strasbourg,48.523070700000005,7.736952799999999
201-225,University of Tübingen,-,36.3,25.1,73.8,31.6,56.3,Germany,-,-,-,-,-,2013,,,,,,,,,,,,,,,,,,,,,,,,,,,,University of Tübingen,48.5294782,9.043774
226-250,Bilkent University,-,34.7,30.5,60.1,39.9,42.0,Turkey,-,-,-,-,-,2013,,,,,,,,,,,,,,,,,,,,,,,,,,,,Bilkent University,39.8708829,32.7539187
226-250,Bilkent University,-,34.7,30.5,60.1,39.9,42.0,Turkey,-,-,-,-,-,2013,,,,,,,,,,,,,,,,,,,,,,,,,,,,Bilkent University,39.8708829,32.7539187
226-250,Carleton University,-,18.3,26.7,75.1,-,56.8,Canada,-,-,-,-,-,2013,,,,,,,,,,,,,,,,401-500,Carleton University,-,19-23,-,0.0,0.0,14.5,5.2,26.5,15.4,2013.0,Carleton University,45.3860843,-75.6953927
226-250,Chalmers University of Technology,-,29.9,41.5,47.7,78.5,65.3,Sweden,-,-,-,-,-,2013,,,,,,,,,,,,,,,,301-400,Chalmers University of Technology,-,09-ott,-,0.0,0.0,17.7,9.6,28.0,19.2,2013.0,Chalmers University of Technology,57.68965229999999,11.9766811
226-250,Florida Institute of Technology,-,16.2,11.9,92.5,28.7,58.4,United States,-,-,-,-,-,2013,,,,,,,,,,,,,,,,,,,,,,,,,,,,Florida Institute of Technology,28.0647,-80.623
226-250,Georgia Health Sciences University,-,49.4,17.5,62.0,43.6,32.6,United States,-,-,-,-,-,2013,,,,,,,,,,,,,,,,,,,,,,,,,,,,Georgia Health Sciences University,34.36594,-89.52535999999999
226-250,Indian Institute of Technology Kharagpur,-,44.2,45.3,39.0,72.4,16.1,India,-,-,-,-,-,2013,,,,,,,,,,,,,,,,,,,,,,,,,,,,Indian Institute of Technology Kharagpur,22.31849373,87.30597711
226-250,Korea University,-,44.7,43.7,39.4,52.1,27.3,South Korea,-,-,-,-,-,2013,,,,,,,,,,,,,,,,301-400,Korea University,-,05-lug,-,0.0,0.0,0.0,5.6,48.3,19.2,2013.0,Korea University,37.590141100000004,127.0362318
226-250,Koç University,-,20.4,22.3,79.2,37.9,52.8,Turkey,-,-,-,-,-,2013,,,,,,,,,,,,,,,,,,,,,,,,,,,,Koç University,41.20543,29.072411499999998
226-250,Laval University,-,36.4,27.3,57.5,56.6,54.4,Canada,-,-,-,-,-,2013,,,,,,,,,,,,,,,,201-300,Laval University,-,ago-16,-,0.0,0.0,15.9,7.7,36.9,15.4,2013.0,Laval University,46.7817,-71.2747
226-250,Mines ParisTech,-,39.5,25.6,51.7,99.4,62.4,France,-,-,-,-,-,2013,,,,,,,,,,,,,,,,,,,,,,,,,,,,Mines ParisTech,48.845,2.3396
226-250,National Research Nuclear University MEPhI,-,20.9,10.6,100.0,59.6,18.8,Russian Federation,-,-,-,-,-,2013,,,,,,,,,,,,,,,,,,,,,,,,,,,,National Research Nuclear University MEPhI,55.6502051,37.6643098
226-250,National Tsing Hua University,-,45.5,44.1,44.4,44.0,20.1,Taiwan,-,-,-,-,-,2013,,,,,,,,,,,,,,,,201-300,National Tsing Hua University,-,2,-,13.1,0.0,10.2,11.3,33.1,20.5,2013.0,National Tsing Hua University,24.7925484,120.9951183
226-250,National Tsing Hua University,-,45.5,44.1,44.4,44.0,20.1,Taiwan,-,-,-,-,-,2013,,,,,,,,,,,,,,,,201-300,National Tsing Hua University,-,2,-,13.1,0.0,10.2,11.3,33.1,20.5,2013.0,National Tsing Hua University,24.7925484,120.9951183
226-250,Simon Fraser University,-,24.0,35.3,61.0,41.6,55.6,Canada,-,-,-,-,-,2013,,,,,,,,,,,,,,,,201-300,Simon Fraser University,-,ago-16,-,0.0,0.0,14.5,12.8,33.9,18.6,2013.0,Simon Fraser University,49.276745399999996,-122.9177737
226-250,Simon Fraser University,-,24.0,35.3,61.0,41.6,55.6,Canada,-,-,-,-,-,2013,,,,,,,,,,,,,,,,201-300,Simon Fraser University,-,ago-16,-,0.0,0.0,14.5,12.8,33.9,18.6,2013.0,Simon Fraser University,49.276745399999996,-122.9177737
226-250,Technical University of Darmstadt,-,37.8,31.8,44.4,84.4,64.4,Germany,-,-,-,-,-,2013,,,,,,,,,,,,,,,,,,,,,,,,,,,,Technical University of Darmstadt,49.8748,8.6563
226-250,Tulane University,-,42.8,22.6,66.8,-,31.2,United States,-,-,-,-,-,2013,,,,,,,,,,,,,,,,301-400,Tulane University,-,109-131,-,0.0,0.0,14.5,8.0,26.8,14.8,2013.0,Tulane University,29.9412195,-90.12010090000001
226-250,University of Bergen,-,28.3,26.8,66.2,41.1,71.0,Norway,-,-,-,-,-,2013,,,,,,,,,,,,,,,,201-300,University of Bergen,-,02-mar,-,0.0,0.0,7.2,14.6,36.8,18.4,2013.0,University of Bergen,60.368955500000006,5.3501637
226-250,University of Calgary,-,37.3,35.8,47.1,42.8,62.2,Canada,-,-,-,-,-,2013,,,,,,,,,,,,,,,,201-300,University of Calgary,-,ago-16,-,0.0,0.0,10.2,17.8,43.7,16.9,2013.0,University of Calgary,51.0783651,-114.1283072
226-250,University of Cincinnati,-,34.9,26.5,69.5,35.8,23.9,United States,-,-,-,-,-,2013,,,,,,,,,,,,,,,,201-300,University of Cincinnati,-,86-108,-,0.0,0.0,22.9,8.4,38.9,14.5,2013.0,University of Cincinnati,39.1318525,-84.51576209999999
226-250,University of Missouri–Columbia,-,40.4,45.8,45.2,31.1,30.8,United States,-,-,-,-,-,2013,,,,,,,,,,,,,,,,,,,,,,,,,,,,University of Missouri–Columbia,38.94038079999999,-92.3277375
226-250,University of Otago,-,28.8,30.9,54.8,37.2,85.4,New Zealand,-,-,-,-,-,2013,,,,,,,,,,,,,,,,201-300,University of Otago,-,01-feb,-,0.0,0.0,14.5,10.5,34.7,26.6,2013.0,University of Otago,-45.864979299999995,170.5146133
226-250,University of South Florida - Tampa,-,32.6,42.0,48.4,98.9,19.7,United States,-,-,-,-,-,2013,,,,,,,,,,,,,,,,,,,,,,,,,,,,University of South Florida - Tampa,28.058703100000002,-82.4138539
226-250,University of the Witwatersrand,-,28.6,38.3,49.8,98.4,65.1,South Africa,-,-,-,-,-,2013,,,,,,,,,,,,,,,,301-400,University of the Witwatersrand,-,2,-,19.3,0.0,0.0,14.4,31.3,17.0,2013.0,University of the Witwatersrand,-26.1888813,28.0247919
226-250,University of Waterloo,-,34.7,42.1,41.8,39.4,58.3,Canada,-,-,-,-,-,2013,,,,,,,,,,,,,,,,151-200,University of Waterloo,-,7,-,0.0,0.0,19.1,12.3,40.6,20.7,2013.0,University of Waterloo,43.470613,-80.544958
226-250,University of Würzburg,-,33.0,19.4,70.9,30.4,44.8,Germany,-,-,-,-,-,2013,,,,,,,,,,,,,,,,,,,,,,,,,,,,University of Würzburg,49.79391,9.951210000000001
226-250,Université libre de Bruxelles,-,25.6,30.6,59.3,54.9,78.2,Belgium,-,-,-,-,-,2013,,,,,,,,,,,,,,,,,,,,,,,,,,,,Université libre de Bruxelles,50.813206799999996,4.3822222
226-250,Western University,-,39.4,37.2,44.8,44.6,51.3,Canada,-,-,-,-,-,2013,,,,,,,,,,,,,,,,201-300,Western University,-,ago-16,-,0.0,0.0,10.2,14.9,41.6,17.5,2013.0,Western University,43.0095971,-81.27373359999999
251-275,Aalto University,-,34.4,26.8,50.1,73.7,52.0,Finland,-,-,-,-,-,2013,,,,,,,,,,,,,,,,,,,,,,,,,,,,Aalto University,60.185587600000005,24.8242733
251-275,Dalhousie University,-,30.2,29.8,54.3,65.0,59.1,Canada,-,-,-,-,-,2013,,,,,,,,,,,,,,,,201-300,Dalhousie University,-,ago-16,-,0.0,0.0,14.5,14.8,34.0,17.4,2013.0,Dalhousie University,44.639259499999994,-63.5842348
251-275,Dalhousie University,-,30.2,29.8,54.3,65.0,59.1,Canada,-,-,-,-,-,2013,,,,,,,,,,,,,,,,201-300,Dalhousie University,-,ago-16,-,0.0,0.0,14.5,14.8,34.0,17.4,2013.0,Dalhousie University,44.639259499999994,-63.5842348
251-275,Hong Kong Polytechnic University,-,34.6,41.2,39.8,42.2,65.4,Hong Kong,-,-,-,-,-,2013,,,,,,,,,,,,,,,,301-400,Hong Kong Polytechnic University,-,04-mag,-,0.0,0.0,12.5,3.3,38.6,18.0,2013.0,Hong Kong Polytechnic University,22.304572,114.1797629
251-275,Hong Kong Polytechnic University,-,34.6,41.2,39.8,42.2,65.4,Hong Kong,-,-,-,-,-,2013,,,,,,,,,,,,,,,,301-400,Hong Kong Polytechnic University,-,04-mag,-,0.0,0.0,12.5,3.3,38.6,18.0,2013.0,Hong Kong Polytechnic University,22.304572,114.1797629
251-275,Indian Institute of Technology Bombay,-,47.3,33.1,45.6,52.7,19.9,India,-,-,-,-,-,2013,,,,,,,,,,,,,,,,,,,,,,,,,,,,Indian Institute of Technology Bombay,19.12741,72.91639
251-275,Macquarie University,-,22.0,29.6,54.8,37.2,86.8,Australia,-,-,-,-,-,2013,,,,,,,,,,,,,,,,201-300,Macquarie University,-,08-set,-,0.0,0.0,16.2,12.1,30.2,21.6,2013.0,Macquarie University,-33.777415399999995,151.1181406
251-275,Nanjing University,-,41.3,25.3,52.1,47.7,48.4,China,-,-,-,-,-,2013,,,,,,,,,,,,,,,,201-300,Nanjing University,-,06-ago,-,0.0,0.0,1.4,8.9,48.7,16.7,2013.0,Nanjing University,32.0565957,118.77408829999999
251-275,National Chiao Tung University,-,39.6,49.6,31.5,99.0,27.2,Taiwan,-,-,-,-,-,2013,,,,,,,,,,,,,,,,301-400,National Chiao Tung University,-,03-mag,-,0.0,0.0,7.2,8.3,34.6,19.1,2013.0,National Chiao Tung University,24.7867677,120.99724409999999
251-275,National Chiao Tung University,-,39.6,49.6,31.5,99.0,27.2,Taiwan,-,-,-,-,-,2013,,,,,,,,,,,,,,,,301-400,National Chiao Tung University,-,03-mag,-,0.0,0.0,7.2,8.3,34.6,19.1,2013.0,National Chiao Tung University,24.7867677,120.99724409999999
251-275,Norwegian University of Science and Technology,-,34.2,27.7,50.8,45.2,57.5,Norway,-,-,-,-,-,2013,,,,,,,,,,,,,,,,201-300,Norwegian University of Science and Technology,-,02-mar,-,14.1,0.0,10.2,13.6,36.5,17.0,2013.0,Norwegian University of Science and Technology,63.4204473,10.389091800000001
251-275,Queensland University of Technology,-,27.6,37.0,47.0,58.9,69.2,Australia,-,-,-,-,-,2013,,,,,,,,,,,,,,,,,,,,,,,,,,,,Queensland University of Technology,-27.477357,153.028415
251-275,Stellenbosch University,-,31.5,35.0,48.9,96.6,47.8,South Africa,-,-,-,-,-,2013,,,,,,,,,,,,,,,,,,,,,,,,,,,,Stellenbosch University,-33.9331729,18.864106500000002
251-275,Tokyo Metropolitan University,-,19.0,9.8,97.1,31.1,19.6,Japan,-,-,-,-,-,2013,,,,,,,,,,,,,,,,,,,,,,,,,,,,Tokyo Metropolitan University,35.6200925,139.38296709999997
251-275,TU Wien,-,44.8,32.4,34.2,65.5,71.4,Austria,-,-,-,-,-,2013,,,,,,,,,,,,,,,,,,,,,,,,,,,,TU Wien,48.198654600000005,16.368462599999997
251-275,Umeå University,-,23.5,34.5,59.6,29.7,52.4,Sweden,-,-,-,-,-,2013,,,,,,,,,,,,,,,,,,,,,,,,,,,,Umeå University,63.82022239999999,20.3054461
251-275,University of Campinas,-,51.7,46.8,26.5,44.9,20.9,Brazil,-,-,-,-,-,2013,,,,,,,,,,,,,,,,,,,,,,,,,,,,University of Campinas,-22.8184393,-47.0647206
251-275,University of Connecticut,-,42.5,29.7,50.0,32.6,40.5,United States,-,-,-,-,-,2013,,,,,,,,,,,,,,,,,,,,,,,,,,,,University of Connecticut,41.8077,-72.25399999999999
251-275,University of Essex,-,33.7,34.6,39.6,31.0,86.4,United Kingdom,-,-,-,-,-,2013,,,,,,,,,,,,,,,,401-500,University of Essex,-,34-37,-,20.0,0.0,7.2,0.0,21.2,19.3,2013.0,University of Essex,51.8777052,0.9461591999999999
251-275,University of Iceland,-,11.4,28.0,71.0,74.4,59.9,Iceland,-,-,-,-,-,2013,,,,,,,,,,,,,,,,,,,,,,,,,,,,University of Iceland,64.1365505,-21.9030159
251-275,University of Kiel,-,32.1,27.0,62.5,35.6,44.6,Germany,-,-,-,-,-,2013,,,,,,,,,,,,,,,,151-200,University of Kiel,-,set-14,-,10.7,13.4,10.2,14.4,31.7,18.1,2013.0,University of Kiel,54.3469188,10.110258199999999
251-275,University of Milan,-,36.3,24.2,61.0,38.2,35.7,Italy,-,-,-,-,-,2013,,,,,,,,,,,,,,,,151-200,University of Milan,-,03-apr,-,17.7,0.0,18.4,11.0,45.2,19.9,2013.0,University of Milan,45.4601,9.1946
251-275,University of Milano-Bicocca,-,26.1,21.1,76.0,39.0,36.2,Italy,-,-,-,-,-,2013,,,,,,,,,,,,,,,,,,,,,,,,,,,,University of Milano-Bicocca,45.518446399999995,9.213105699999998
251-275,University of Münster,-,35.9,20.4,63.6,38.2,43.2,Germany,-,-,-,-,-,2013,,,,,,,,,,,,,,,,,,,,,,,,,,,,University of Münster,51.963581,7.613254799999999
251-275,University of Oregon,-,31.5,21.7,70.4,-,30.2,United States,-,-,-,-,-,2013,,,,,,,,,,,,,,,,201-300,University of Oregon,-,86-108,-,9.3,0.0,10.2,18.2,27.5,18.3,2013.0,University of Oregon,44.0448,-123.0726
251-275,University of Trieste,-,19.6,14.3,82.2,33.6,48.5,Italy,-,-,-,-,-,2013,,,,,,,,,,,,,,,,,,,,,,,,,,,,University of Trieste,45.65869,13.793420000000001
251-275,Victoria University of Wellington,-,22.3,29.1,55.6,43.0,84.8,New Zealand,-,-,-,-,-,2013,,,,,,,,,,,,,,,,401-500,Victoria University of Wellington,-,03-mag,-,12.0,0.0,0.0,7.4,24.0,16.9,2013.0,Victoria University of Wellington,-41.2916466,174.7675554
276-300,Aberystwyth University,-,23.8,21.7,64.3,34.9,63.1,United Kingdom,-,-,-,-,-,2013,,,,,,,,,,,,,,,,,,,,,,,,,,,,Aberystwyth University,52.4107358,-4.052955
276-300,Bangor University,-,27.6,25.7,53.8,31.6,70.3,United Kingdom,-,-,-,-,-,2013,,,,,,,,,,,,,,,,,,,,,,,,,,,,Bangor University,53.2254127,-4.1410682
276-300,Bielefeld University,-,27.4,20.3,63.5,35.1,47.5,Germany,-,-,-,-,-,2013,,,,,,,,,,,,,,,,,,,,,,,,,,,,Bielefeld University,52.0376885,8.4932233
276-300,Bielefeld University,-,27.4,20.3,63.5,35.1,47.5,Germany,-,-,-,-,-,2013,,,,,,,,,,,,,,,,,,,,,,,,,,,,Bielefeld University,52.0376885,8.4932233
276-300,Bo?aziçi University,-,35.4,33.9,48.1,38.4,36.7,Turkey,-,-,-,-,-,2013,,,,,,,,,,,,,,,,,,,,,,,,,,,,Bo?aziçi University,41.0847571,29.0510399
276-300,Colorado State University - Fort Collins,-,30.8,32.0,55.8,-,29.8,United States,-,-,-,-,-,2013,,,,,,,,,,,,,,,,,,,,,,,,,,,,Colorado State University - Fort Collins,40.5531717,-105.0866585
276-300,Drexel University,-,34.7,14.9,65.1,34.7,36.6,United States,-,-,-,-,-,2013,,,,,,,,,,,,,,,,401-500,Drexel University,-,132-149,-,0.0,0.0,7.2,7.5,27.9,16.0,2013.0,Drexel University,39.9574,-75.1902671
276-300,Drexel University,-,34.7,14.9,65.1,34.7,36.6,United States,-,-,-,-,-,2013,,,,,,,,,,,,,,,,401-500,Drexel University,-,132-149,-,0.0,0.0,7.2,7.5,27.9,16.0,2013.0,Drexel University,39.9574,-75.1902671
276-300,Istanbul Technical University,-,34.9,25.5,52.9,98.0,20.8,Turkey,-,-,-,-,-,2013,,,,,,,,,,,,,,,,,,,,,,,,,,,,Istanbul Technical University,41.1042792,29.022311600000005
276-300,Montpellier University,-,22.2,25.8,64.4,32.8,54.2,France,-,-,-,-,-,2013,,,,,,,,,,,,,,,,,,,,,,,,,,,,Montpellier University,43.6153,3.8712
276-300,Oregon State University,-,27.1,24.2,64.1,31.0,34.2,United States,-,-,-,-,-,2013,,,,,,,,,,,,,,,,101-150,Oregon State University,-,53-67,-,10.7,0.0,26.1,20.8,33.9,21.8,2013.0,Oregon State University,44.5638,-123.2794
276-300,Queen's University Belfast,-,28.0,23.8,52.2,48.1,87.1,United Kingdom,-,-,-,-,-,2013,,,,,,,,,,,,,,,,301-400,Queen's University Belfast,-,30-33,-,18.5,0.0,0.0,9.4,31.3,16.3,2013.0,Queen's University Belfast,54.584408700000004,-5.9340493
276-300,Ruhr University Bochum,-,36.7,32.9,42.4,54.3,48.3,Germany,-,-,-,-,-,2013,,,,,,,,,,,,,,,,,,,,,,,,,,,,Ruhr University Bochum,51.48165,7.216480000000001
276-300,Shanghai Jiao Tong University,-,43.4,37.9,31.3,76.1,20.7,China,-,-,-,-,-,2013,,,,,,,,,,,,,,,,151-200,Shanghai Jiao Tong University,-,01-mag,-,0.0,0.0,7.9,10.4,61.3,19.2,2013.0,Shanghai Jiao Tong University,31.200815000000002,121.42840679999999
276-300,Swedish University of Agricultural Sciences,-,28.4,25.3,54.6,99.8,46.8,Sweden,-,-,-,-,-,2013,,,,,,,,,,,,,,,,201-300,Swedish University of Agricultural Sciences,-,06-ago,-,0.0,0.0,12.5,12.2,29.6,22.4,2013.0,Swedish University of Agricultural Sciences,63.8201574,20.3146663
276-300,Swedish University of Agricultural Sciences,-,28.4,25.3,54.6,99.8,46.8,Sweden,-,-,-,-,-,2013,,,,,,,,,,,,,,,,201-300,Swedish University of Agricultural Sciences,-,06-ago,-,0.0,0.0,12.5,12.2,29.6,22.4,2013.0,Swedish University of Agricultural Sciences,63.8201574,20.3146663
276-300,Tokyo Medical and Dental University,-,47.5,21.6,47.1,45.4,21.9,Japan,-,-,-,-,-,2013,,,,,,,,,,,,,,,,301-400,Tokyo Medical and Dental University,-,nov-15,-,0.0,0.0,7.2,13.5,24.4,24.1,2013.0,Tokyo Medical and Dental University,35.7014781,139.76422680000002
276-300,Dresden University of Technology,-,29.7,15.6,63.9,36.1,48.9,Germany,-,-,-,-,-,2013,,,,,,,,,,,,,,,,201-300,Dresden University of Technology,-,15-23,-,0.0,0.0,7.2,12.7,38.9,19.1,2013.0,Dresden University of Technology,51.0292734,13.728996400000002
276-300,University of Bath,-,28.0,28.8,50.2,42.8,75.9,United Kingdom,-,-,-,-,-,2013,,,,,,,,,,,,,,,,301-400,University of Bath,-,30-33,-,0.0,0.0,10.2,13.2,27.2,18.8,2013.0,University of Bath,51.379144200000006,-2.3252332
276-300,University of Bayreuth,-,25.6,14.9,72.1,35.4,50.4,Germany,-,-,-,-,-,2013,,,,,,,,,,,,,,,,401-500,University of Bayreuth,-,31-38,-,0.0,0.0,7.2,13.7,22.0,12.3,2013.0,University of Bayreuth,49.9288196,11.585830999999999
276-300,University of Bologna,-,34.4,27.4,53.9,35.1,37.6,Italy,-,-,-,-,-,2013,,,,,,,,,,,,,,,,201-300,University of Bologna,-,05-set,-,0.0,0.0,10.2,11.1,46.6,16.5,2013.0,University of Bologna,44.494770200000005,11.355896699999999
276-300,University of Kansas,-,36.1,20.5,57.2,34.5,28.1,United States,-,-,-,-,-,2013,,,,,,,,,,,,,,,,,,,,,,,,,,,,University of Kansas,38.9538529,-95.2631379
276-300,University of Montana,-,28.9,14.9,72.1,34.1,24.9,United States,-,-,-,-,-,2013,,,,,,,,,,,,,,,,,,,,,,,,,,,,University of Montana,46.8601,-113.9852
276-300,University of Newcastle,-,21.1,29.0,49.8,72.9,70.5,Australia,-,-,-,-,-,2013,,,,,,,,,,,,,,,,301-400,University of Newcastle,-,ott-16,-,0.0,0.0,12.2,6.6,30.1,20.0,2013.0,University of Newcastle,-32.9276256,151.7713309
276-300,University of South Carolina - Columbia,-,37.5,28.0,53.2,30.8,31.3,United States,-,-,-,-,-,2013,,,,,,,,,,,,,,,,301-400,University of South Carolina - Columbia,-,109-131,-,0.0,0.0,16.2,7.3,34.5,14.6,2013.0,University of South Carolina - Columbia,33.9937575,-81.0299186
276-300,University of Southern Denmark,-,18.6,19.6,67.3,75.5,67.3,Denmark,-,-,-,-,-,2013,,,,,,,,,,,,,,,,201-300,University of Southern Denmark,-,4,-,0.0,0.0,14.5,9.5,34.9,17.8,2013.0,University of Southern Denmark,55.3679132,10.428155199999999
276-300,University of Trento,-,28.7,21.9,62.1,45.3,51.2,Italy,-,-,-,-,-,2013,,,,,,,,,,,,,,,,,,,,,,,,,,,,University of Trento,46.0658836,11.1159894
276-300,University of Turin,-,22.6,23.4,66.2,40.4,36.3,Italy,-,-,-,-,-,2013,,,,,,,,,,,,,,,,201-300,University of Turin,-,05-set,-,16.0,0.0,12.4,9.2,39.1,17.9,2013.0,University of Turin,45.0694,7.6889
276-300,Virginia Polytechnic Institute and State University,-,38.5,44.4,37.2,27.9,27.8,United States,-,-,-,-,-,2013,,,,,,,,,,,,,,,,151-200,Virginia Polytechnic Institute and State University,-,68-85,-,12.0,0.0,22.9,12.4,40.0,17.3,2013.0,Virginia Polytechnic Institute and State University,37.2187245,-80.42542519999999
301-350,Autonomous University of Madrid,-,32.0,24.0,51.9,34.7,45.7,Spain,-,-,-,-,-,2013,,,,,,,,,,,,,,,,201-300,Autonomous University of Madrid,-,01-apr,-,0.0,0.0,12.5,11.2,39.1,16.8,2013.0,Autonomous University of Madrid,40.5467,-3.6944
301-350,Brunel University,-,19.3,20.1,58.2,33.4,89.4,United Kingdom,-,-,-,-,-,2013,,,,,,,,,,,,,,,,,,,,,,,,,,,,Brunel University,51.5324044,-0.47299309999999994
301-350,Charles University in Prague,-,34.7,26.2,42.0,28.1,50.3,Czech Republic,-,-,-,-,-,2013,,,,,,,,,,,,,,,,201-300,Charles University in Prague,-,1,-,9.3,0.0,0.0,11.7,44.0,18.9,2013.0,Charles University in Prague,50.0889154,14.4161372
301-350,Claude Bernard University Lyon 1,-,23.6,17.1,62.6,-,50.0,France,-,-,-,-,-,2013,,,,,,,,,,,,,,,,201-300,Claude Bernard University Lyon 1,-,set-16,-,10.7,0.0,0.0,19.6,40.7,14.2,2013.0,Claude Bernard University Lyon 1,45.7796,4.8656
301-350,Creighton University,-,42.4,9.3,61.0,-,26.0,United States,-,-,-,-,-,2013,,,,,,,,,,,,,,,,,,,,,,,,,,,,Creighton University,41.2661065,-95.9450787
301-350,Hokkaido University,-,45.1,34.2,32.3,41.3,24.9,Japan,-,-,-,-,-,2013,,,,,,,,,,,,,,,,101-150,Hokkaido University,-,04-lug,-,12.0,16.4,14.5,16.8,42.8,18.4,2013.0,Hokkaido University,43.0790078,141.3377295
301-350,Hong Kong Baptist University,-,22.9,15.1,57.6,29.6,62.0,Hong Kong,-,-,-,-,-,2013,,,,,,,,,,,,,,,,,,,,,,,,,,,,Hong Kong Baptist University,22.3874201,114.20822220000001
301-350,Hong Kong Baptist University,-,22.9,15.1,57.6,29.6,62.0,Hong Kong,-,-,-,-,-,2013,,,,,,,,,,,,,,,,,,,,,,,,,,,,Hong Kong Baptist University,22.3874201,114.20822220000001
301-350,Johannes Kepler University Linz,-,22.0,13.8,59.3,-,59.0,Austria,-,-,-,-,-,2013,,,,,,,,,,,,,,,,,,,,,,,,,,,,Johannes Kepler University Linz,48.336614000000004,14.319304999999998
301-350,King Abdulaziz University,-,19.7,10.3,63.4,40.2,71.0,Saudi Arabia,-,-,-,-,-,2013,,,,,,,,,,,,,,,,201-300,King Abdulaziz University,-,2,-,0.0,0.0,31.6,1.5,30.8,10.1,2013.0,King Abdulaziz University,21.4941,39.2326
301-350,Kyushu University,-,44.0,28.8,30.7,73.1,21.7,Japan,-,-,-,-,-,2013,,,,,,,,,,,,,,,,151-200,Kyushu University,-,08-set,-,0.0,0.0,16.2,15.4,44.5,17.2,2013.0,Kyushu University,33.599146600000005,130.2235985
301-350,Linköping University,-,21.1,27.0,53.3,38.0,47.7,Sweden,-,-,-,-,-,2013,,,,,,,,,,,,,,,,,,,,,,,,,,,,Linköping University,58.397836399999996,15.5760072
301-350,Medical University of Vienna,-,23.7,13.4,66.0,33.2,66.2,Austria,-,-,-,-,-,2013,,,,,,,,,,,,,,,,201-300,Medical University of Vienna,-,02-mar,-,9.3,9.5,7.2,9.4,33.2,17.5,2013.0,Medical University of Vienna,48.2197,16.3515
301-350,Murdoch University,-,19.4,18.9,49.6,44.2,83.3,Australia,-,-,-,-,-,2013,,,,,,,,,,,,,,,,,,,,,,,,,,,,Murdoch University,-32.071,115.825
301-350,National Cheng Kung University (NCKU),-,33.1,40.3,30.4,99.9,22.9,Taiwan,-,-,-,-,-,2013,,,,,,,,,,,,,,,,,,,,,,,,,,,,National Cheng Kung University (NCKU),22.998841600000002,120.2195148
301-350,National Sun Yat-sen University,-,27.9,32.5,48.5,43.9,23.9,Taiwan,-,-,-,-,-,2013,,,,,,,,,,,,,,,,,,,,,,,,,,,,National Sun Yat-sen University,22.6283384,120.2647299
301-350,National University of Ireland  Galway,-,22.6,19.8,51.9,41.1,69.3,Ireland,-,-,-,-,-,2013,,,,,,,,,,,,,,,,,,,,,,,,,,,,National University of Ireland  Galway,53.2791549,-9.0617372
301-350,North Carolina State University,-,34.8,28.8,47.6,35.7,29.2,United States,-,-,-,-,-,2013,,,,,,,,,,,,,,,,,,,,,,,,,,,,North Carolina State University,35.7847,-78.6821
301-350,Polytechnic University of Milan,-,27.2,23.8,47.7,68.1,38.1,Italy,-,-,-,-,-,2013,,,,,,,,,,,,,,,,,,,,,,,,,,,,Polytechnic University of Milan,45.4781,9.2282
301-350,Renmin University of China,-,36.1,12.0,59.6,44.0,45.8,China,-,-,-,-,-,2013,,,,,,,,,,,,,,,,,,,,,,,,,,,,Renmin University of China,39.9696,116.3188
301-350,Sapienza University of Rome,-,35.3,30.6,39.1,36.0,33.2,Italy,-,-,-,-,-,2013,2013.0,Sapienza University of Rome,Italy,62.0,1.0,101+,101+,31,-,76,101+,101+,-,101+,47.75,,,,,,,,,,,,,Sapienza University of Rome,41.9038,12.5144
301-350,Sharif University of Technology,-,32.9,42.8,34.2,93.0,16.7,Iran,-,-,-,-,-,2013,,,,,,,,,,,,,,,,,,,,,,,,,,,,Sharif University of Technology,35.703622700000004,51.351251
301-350,State University of New York Albany,-,30.2,30.0,52.9,-,27.8,United States,-,-,-,-,-,2013,,,,,,,,,,,,,,,,,,,,,,,,,,,,State University of New York Albany,42.684179,-73.8260352
301-350,Sun Yat-sen University,-,33.1,17.8,52.2,43.5,24.2,China,-,-,-,-,-,2013,,,,,,,,,,,,,,,,,,,,,,,,,,,,Sun Yat-sen University,23.094611800000003,113.2878899
301-350,UiT The Arctic University of Norway,-,21.7,19.4,56.4,29.1,61.8,Norway,-,-,-,-,-,2013,,,,,,,,,,,,,,,,,,,,,,,,,,,,UiT The Arctic University of Norway,68.4359145,17.4350672
301-350,University College Cork,-,25.3,19.5,47.4,38.8,71.5,Ireland,-,-,-,-,-,2013,,,,,,,,,,,,,,,,301-400,University College Cork,-,02-mar,-,0.0,0.0,16.2,8.9,25.2,14.3,2013.0,University College Cork,51.8981345,-8.483607000000001
301-350,University of Canterbury,-,19.9,24.0,48.4,49.8,88.0,New Zealand,-,-,-,-,-,2013,,,,,,,,,,,,,,,,401-500,University of Canterbury,-,03-mag,-,0.0,0.0,7.2,9.2,26.0,19.5,2013.0,University of Canterbury,-43.5239611,172.5803184
301-350,University of Crete,-,17.1,16.3,68.6,34.1,44.4,Greece,-,-,-,-,-,2013,,,,,,,,,,,,,,,,,,,,,,,,,,,,University of Crete,35.3612915,24.4458475
301-350,University of Eastern Finland,-,22.4,19.1,58.1,36.7,39.5,Finland,-,-,-,-,-,2013,,,,,,,,,,,,,,,,401-500,University of Eastern Finland,-,04-mag,-,0.0,0.0,7.2,5.0,28.9,13.8,2013.0,University of Eastern Finland,62.6043441,29.7422375
301-350,University of Fribourg,-,20.8,11.0,69.4,-,59.5,Switzerland,-,-,-,-,-,2013,,,,,,,,,,,,,,,,,,,,,,,,,,,,University of Fribourg,46.8064,7.152
301-350,University of Graz,-,26.9,17.6,57.4,29.5,59.7,Austria,-,-,-,-,-,2013,,,,,,,,,,,,,,,,401-500,University of Graz,-,04-lug,-,7.6,9.5,0.0,7.2,19.3,16.1,2013.0,University of Graz,47.0781048,15.4475057
301-350,University of Guelph,-,24.4,31.3,48.2,48.1,39.0,Canada,-,-,-,-,-,2013,,,,,,,,,,,,,,,,201-300,University of Guelph,-,ago-16,-,0.0,0.0,17.7,11.3,31.9,18.6,2013.0,University of Guelph,43.5331903,-80.2235283
301-350,University of Kentucky,-,39.1,27.8,45.5,-,21.7,United States,-,-,-,-,-,2013,,,,,,,,,,,,,,,,201-300,University of Kentucky,-,86-108,-,10.7,0.0,7.2,11.1,40.6,13.2,2013.0,University of Kentucky,38.02703579999999,-84.50481979999999
301-350,University of Manitoba,-,31.6,32.4,44.4,43.5,38.6,Canada,-,-,-,-,-,2013,,,,,,,,,,,,,,,,301-400,University of Manitoba,-,17-18,-,0.0,0.0,16.2,7.1,34.4,15.5,2013.0,University of Manitoba,49.8091536,-97.1330418
301-350,University of Maryland  Baltimore County,-,19.4,16.4,65.2,32.6,32.6,United States,-,-,-,-,-,2013,,,,,,,,,,,,,,,,,,,,,,,,,,,,University of Maryland  Baltimore County,39.25567589999999,-76.71096740000002
301-350,University of Padua,-,21.0,21.4,64.5,31.7,37.0,Italy,-,-,-,-,-,2013,,,,,,,,,,,,,,,,151-200,University of Padua,-,03-apr,-,0.0,0.0,12.5,17.3,47.9,20.3,2013.0,University of Padua,45.4068,11.8774
301-350,University of Pavia,-,25.6,18.3,56.3,60.6,34.4,Italy,-,-,-,-,-,2013,,,,,,,,,,,,,,,,401-500,University of Pavia,-,13-19,-,0.0,0.0,0.0,6.7,30.7,18.0,2013.0,University of Pavia,45.1867,9.1568
301-350,University of Pisa,-,22.6,23.2,63.8,39.4,29.6,Italy,-,-,-,-,-,2013,,,,,,,,,,,,,,,,101-150,University of Pisa,-,01-feb,-,14.1,23.2,14.5,6.4,37.3,21.0,2013.0,University of Pisa,43.7201299,10.4078976
301-350,University of Portsmouth,-,12.8,10.5,72.3,29.2,70.2,United Kingdom,-,-,-,-,-,2013,,,,,,,,,,,,,,,,,,,,,,,,,,,,University of Portsmouth,50.7952,-1.0936
301-350,University of South Australia,-,28.4,25.0,34.1,83.7,81.0,Australia,-,-,-,-,-,2013,,,,,,,,,,,,,,,,,,,,,,,,,,,,University of South Australia,-37.80621420000001,140.766463
301-350,University of Tampere,-,25.6,23.9,51.2,49.3,35.0,Finland,-,-,-,-,-,2013,,,,,,,,,,,,,,,,,,,,,,,,,,,,University of Tampere,61.4941233,23.7792068
301-350,University of Tsukuba,-,39.9,26.2,45.3,33.0,30.7,Japan,-,-,-,-,-,2013,,,,,,,,,,,,,,,,151-200,University of Tsukuba,-,08-set,-,0.0,19.7,11.7,11.0,36.3,15.5,2013.0,University of Tsukuba,36.107042799999995,140.1006599
301-350,University of Vermont,-,28.5,20.6,58.6,-,19.9,United States,-,-,-,-,-,2013,,,,,,,,,,,,,,,,301-400,University of Vermont,-,109-131,-,14.1,0.0,14.5,9.9,26.4,14.2,2013.0,University of Vermont,44.4779,-73.1965
301-350,University of Waikato,-,17.7,19.9,61.9,28.2,85.6,New Zealand,-,-,-,-,-,2013,,,,,,,,,,,,,,,,,,,,,,,,,,,,University of Waikato,-37.7858739,175.3167665
301-350,University of Wollongong,-,22.5,27.3,47.4,54.0,83.7,Australia,-,-,-,-,-,2013,,,,,,,,,,,,,,,,301-400,University of Wollongong,-,ott-16,-,0.0,0.0,10.2,8.7,29.4,19.4,2013.0,University of Wollongong,-34.4050554,150.87834650000002
301-350,Vrije Universiteit Brussel,-,26.7,26.8,53.8,37.5,48.4,Belgium,-,-,-,-,-,2013,,,,,,,,,,,,,,,,,,,,,,,,,,,,Vrije Universiteit Brussel,50.8206674,4.3950331
301-350,Washington State University,-,29.9,30.6,47.1,55.8,33.9,United States,-,-,-,-,-,2013,,,,,,,,,,,,,,,,,,,,,,,,,,,,Washington State University,46.733571600000005,-117.1452759
301-350,Wayne State University,-,34.3,16.2,58.4,-,28.1,United States,-,-,-,-,-,2013,,,,,,,,,,,,,,,,301-400,Wayne State University,-,109-131,-,0.0,0.0,7.2,11.9,37.3,13.5,2013.0,Wayne State University,42.3593694,-83.07160640000001
301-350,York University,-,20.9,30.1,50.5,41.9,50.7,Canada,-,-,-,-,-,2013,,,,,,,,,,,,,,,,401-500,York University,-,19-23,-,0.0,0.0,0.0,10.5,30.3,11.8,2013.0,York University,43.7743911,-79.50481090000001
301-350,Zhejiang University,-,40.3,34.5,32.6,89.0,20.1,China,-,-,-,-,-,2013,,,,,,,,,,,,,,,,151-200,Zhejiang University,-,01-mag,-,0.0,0.0,0.0,10.1,62.9,17.2,2013.0,Zhejiang University,30.193314100000002,120.11930819999999
301-350,Zhejiang University,-,40.3,34.5,32.6,89.0,20.1,China,-,-,-,-,-,2013,,,,,,,,,,,,,,,,151-200,Zhejiang University,-,01-mag,-,0.0,0.0,0.0,10.1,62.9,17.2,2013.0,Zhejiang University,30.193314100000002,120.11930819999999
351-400,Aalborg University,-,21.7,24.9,41.0,39.0,67.2,Denmark,-,-,-,-,-,2013,,,,,,,,,,,,,,,,,,,,,,,,,,,,Aalborg University,57.01590279999999,9.975328300000001
351-400,Binghamton University  State University of New York,-,23.3,21.9,51.1,33.4,30.7,United States,-,-,-,-,-,2013,,,,,,,,,,,,,,,,,,,,,,,,,,,,Binghamton University  State University of New York,42.08942879999999,-75.9694885
351-400,Charles Darwin University,-,17.2,15.3,53.3,32.5,44.3,Australia,-,-,-,-,-,2013,,,,,,,,,,,,,,,,,,,,,,,,,,,,Charles Darwin University,-23.698921600000002,133.896733
351-400,Deakin University,-,20.0,22.0,47.1,30.1,68.4,Australia,-,-,-,-,-,2013,,,,,,,,,,,,,,,,,,,,,,,,,,,,Deakin University,-38.1437971,144.3600854
351-400,Flinders University,-,22.4,24.2,38.4,39.1,59.8,Australia,-,-,-,-,-,2013,,,,,,,,,,,,,,,,301-400,Flinders University,-,ott-16,-,16.0,0.0,10.2,5.4,26.9,20.5,2013.0,Flinders University,-35.0248682,138.5734331
351-400,George Mason University,-,27.2,19.7,53.0,28.2,34.9,United States,-,-,-,-,-,2013,,,,,,,,,,,,,,,,151-200,George Mason University,-,68-85,-,0.0,32.2,10.2,9.0,28.0,17.7,2013.0,George Mason University,38.885078,-77.1010391
351-400,Heriot-Watt University,-,20.7,21.4,42.1,48.4,84.2,United Kingdom,-,-,-,-,-,2013,,,,,,,,,,,,,,,,,,,,,,,,,,,,Heriot-Watt University,55.9102914,-3.3234578000000004
351-400,Indian Institute of Technology Roorkee,-,30.4,13.7,45.8,70.4,15.6,India,-,-,-,-,-,2013,,,,,,,,,,,,,,,,,,,,,,,,,,,,Indian Institute of Technology Roorkee,29.8649,77.8966
351-400,Jagiellonian University,-,22.7,13.8,48.2,29.5,41.7,Poland,-,-,-,-,-,2013,,,,,,,,,,,,,,,,301-400,Jagiellonian University,-,01-feb,-,10.7,0.0,7.2,6.6,32.0,15.7,2013.0,Jagiellonian University,50.0605502,19.9305134
351-400,Keele University,-,16.3,18.8,55.1,31.7,64.2,United Kingdom,-,-,-,-,-,2013,,,,,,,,,,,,,,,,,,,,,,,,,,,,Keele University,53.001675600000006,-2.2706942000000003
351-400,Keio University,-,32.5,28.0,39.7,43.1,22.2,Japan,-,-,-,-,-,2013,2013.0,Keio University,Japan,70.0,4.0,101+,6,101+,-,101+,101+,101+,-,73,47.05,301-400,Keio University,-,nov-15,-,0.0,0.0,10.2,12.9,34.2,13.3,2013.0,Keio University,35.5521295,139.649765
351-400,King Mongkut’s University of Technology Thonburi,-,11.3,10.2,68.4,60.2,23.8,Thailand,-,-,-,-,-,2013,,,,,,,,,,,,,,,,,,,,,,,,,,,,King Mongkut’s University of Technology Thonburi,13.6494654,100.4929052
351-400,Lehigh University,-,26.0,19.7,50.6,40.1,30.4,United States,-,-,-,-,-,2013,,,,,,,,,,,,,,,,401-500,Lehigh University,-,132-149,-,0.0,0.0,12.4,10.5,18.1,16.1,2013.0,Lehigh University,40.6068028,-75.3782488
351-400,Leibniz University Hannover,-,36.6,19.1,35.1,40.3,48.2,Germany,-,-,-,-,-,2013,,,,,,,,,,,,,,,,,,,,,,,,,,,,Leibniz University Hannover,52.3829641,9.719698900000001
351-400,Loughborough University,-,33.4,32.7,24.7,40.7,63.9,United Kingdom,-,-,-,-,-,2013,,,,,,,,,,,,,,,,,,,,,,,,,,,,Loughborough University,52.762782200000004,-1.2396819
351-400,Massey University,-,19.2,19.2,37.6,66.0,73.3,New Zealand,-,-,-,-,-,2013,,,,,,,,,,,,,,,,401-500,Massey University,-,03-mag,-,0.0,0.0,10.2,4.2,25.3,14.6,2013.0,Massey University,-41.3000592,174.7765824
351-400,Maynooth University,-,25.7,23.9,28.1,30.8,69.2,Ireland,-,-,-,-,-,2013,,,,,,,,,,,,,,,,,,,,,,,,,,,,Maynooth University,53.384478,-6.6011155
351-400,National Autonomous University of Mexico,-,31.0,31.6,24.6,36.0,33.2,Mexico,-,-,-,-,-,2013,,,,,,,,,,,,,,,,151-200,National Autonomous University of Mexico,-,1,-,13.1,0.0,6.6,10.9,47.1,22.8,2013.0,National Autonomous University of Mexico,19.3239987,-99.18566592
351-400,National Central University,-,25.2,26.5,38.3,84.8,27.9,Taiwan,-,-,-,-,-,2013,,,,,,,,,,,,,,,,401-500,National Central University,-,06-set,-,0.0,0.0,0.0,7.8,30.4,17.3,2013.0,National Central University,24.9684181,121.191397
351-400,National Taiwan University of Science and Technology of Science and Technology (Taiwan Tech),-,26.8,42.5,33.1,46.8,18.8,Taiwan,-,-,-,-,-,2013,,,,,,,,,,,,,,,,,,,,,,,,,,,,National Taiwan University of Science and Technology of Science and Technology (Taiwan Tech),25.0132583,121.54056090000002
351-400,Paris-Dauphine University,-,22.0,12.7,50.6,29.4,57.6,France,-,-,-,-,-,2013,,,,,,,,,,,,,,,,,,,,,,,,,,,,Paris-Dauphine University,48.869962,2.2734832999999997
351-400,Polytechnic University of Valencia,-,21.0,12.1,59.4,39.3,26.1,Spain,-,-,-,-,-,2013,,,,,,,,,,,,,,,,301-400,Polytechnic University of Valencia,-,05-ago,-,0.0,0.0,6.6,12.6,32.0,14.1,2013.0,Polytechnic University of Valencia,39.4808,-0.341
351-400,Southern Methodist University,-,18.6,9.0,67.3,-,35.2,United States,-,-,-,-,-,2013,,,,,,,,,,,,,,,,401-500,Southern Methodist University,-,132-149,-,12.0,0.0,7.2,7.2,19.7,14.4,2013.0,Southern Methodist University,32.8412,-96.7845
351-400,Temple University,-,37.2,18.8,43.3,-,20.1,United States,-,-,-,-,-,2013,,,,,,,,,,,,,,,,301-400,Temple University,-,109-131,-,0.0,0.0,12.5,6.6,31.2,10.9,2013.0,Temple University,39.9816,-75.1495
351-400,University of Aveiro,-,21.0,21.1,49.0,39.9,48.7,Portugal,-,-,-,-,-,2013,,,,,,,,,,,,,,,,,,,,,,,,,,,,University of Aveiro,40.6234239,-8.6577439
351-400,University of Duisburg-Essen,-,24.4,14.7,54.7,41.1,50.2,Germany,-,-,-,-,-,2013,,,,,,,,,,,,,,,,,,,,,,,,,,,,University of Duisburg-Essen,51.4277,6.801
351-400,University of Ferrara,-,19.2,13.0,58.5,37.7,41.4,Italy,-,-,-,-,-,2013,,,,,,,,,,,,,,,,401-500,University of Ferrara,-,13-19,-,0.0,0.0,10.2,6.9,23.8,19.3,2013.0,University of Ferrara,44.8334,11.6263
351-400,University of Hertfordshire,-,13.4,9.1,63.1,28.9,77.2,United Kingdom,-,-,-,-,-,2013,,,,,,,,,,,,,,,,,,,,,,,,,,,,University of Hertfordshire,51.76164779999999,-0.24837179999999998
351-400,University of Houston,-,37.5,25.0,35.0,35.7,32.6,United States,-,-,-,-,-,2013,,,,,,,,,,,,,,,,201-300,University of Houston,-,86-108,-,0.0,0.0,20.5,11.0,35.6,19.3,2013.0,University of Houston,29.7207902,-95.3440627
351-400,University of Jyväskylä,-,24.3,15.8,44.6,71.2,49.7,Finland,-,-,-,-,-,2013,,,,,,,,,,,,,,,,,,,,,,,,,,,,University of Jyväskylä,62.2365317,25.731633600000002
351-400,University of KwaZulu-Natal,-,21.9,20.2,40.0,28.5,56.2,South Africa,-,-,-,-,-,2013,,,,,,,,,,,,,,,,,,,,,,,,,,,,University of KwaZulu-Natal,-29.8674,30.9807
351-400,University of Liège,-,21.9,16.9,48.4,55.9,67.8,Belgium,-,-,-,-,-,2013,,,,,,,,,,,,,,,,,,,,,,,,,,,,University of Liège,50.5830803,5.559064
351-400,University of Minho,-,17.6,19.7,51.2,32.2,44.1,Portugal,-,-,-,-,-,2013,,,,,,,,,,,,,,,,,,,,,,,,,,,,University of Minho,41.5607,-8.3962
351-400,University of Modena and Reggio Emilia,-,17.3,16.6,58.5,32.3,30.0,Italy,-,-,-,-,-,2013,,,,,,,,,,,,,,,,,,,,,,,,,,,,University of Modena and Reggio Emilia,44.69825,10.63125
351-400,University of Oklahoma,-,36.8,17.8,42.9,33.9,24.2,United States,-,-,-,-,-,2013,,,,,,,,,,,,,,,,,,,,,,,,,,,,University of Oklahoma,35.1915227,-97.44347690000001
351-400,University of Porto,-,26.2,21.1,50.2,36.2,43.2,Portugal,-,-,-,-,-,2013,,,,,,,,,,,,,,,,301-400,University of Porto,-,01-feb,-,0.0,0.0,0.0,8.2,40.2,18.8,2013.0,University of Porto,41.178340399999996,-8.5962541
351-400,University of Salento,-,29.1,21.3,40.6,51.3,28.4,Italy,-,-,-,-,-,2013,,,,,,,,,,,,,,,,,,,,,,,,,,,,University of Salento,40.35657,18.16753
351-400,University of Stirling,-,18.2,23.7,50.3,29.8,63.7,United Kingdom,-,-,-,-,-,2013,,,,,,,,,,,,,,,,,,,,,,,,,,,,University of Stirling,56.145115399999995,-3.9173937999999993
351-400,University of Strathclyde,-,26.3,21.6,33.0,35.8,63.0,United Kingdom,-,-,-,-,-,2013,,,,,,,,,,,,,,,,,,,,,,,,,,,,University of Strathclyde,55.861881200000006,-4.2419566
351-400,University of Surrey,-,31.1,25.0,21.6,45.4,80.4,United Kingdom,-,-,-,-,-,2013,,,,,,,,,,,,,,,,401-500,University of Surrey,-,34-37,-,0.0,0.0,7.2,4.2,26.0,16.9,2013.0,University of Surrey,51.2430326,-0.5900138
351-400,University of Tartu,-,18.6,27.4,52.4,30.1,42.4,Estonia,-,-,-,-,-,2013,,,,,,,,,,,,,,,,,,,,,,,,,,,,University of Tartu,59.4322572,24.7422706
351-400,University of Tasmania,-,19.5,17.5,47.2,44.8,68.4,Australia,-,-,-,-,-,2013,,,,,,,,,,,,,,,,301-400,University of Tasmania,-,ott-16,-,0.0,0.0,10.2,14.9,26.6,20.4,2013.0,University of Tasmania,-42.9070751,147.3215168
351-400,University of Technology Sydney,-,20.7,21.5,34.7,33.9,74.7,Australia,-,-,-,-,-,2013,,,,,,,,,,,,,,,,,,,,,,,,,,,,University of Technology Sydney,-33.8832,151.2005
351-400,University of Texas at San Antonio,-,17.3,17.6,66.2,32.2,28.6,United States,-,-,-,-,-,2013,,,,,,,,,,,,,,,,,,,,,,,,,,,,University of Texas at San Antonio,29.583331,-98.6194451
351-400,University of the Andes  Colombia,-,15.5,11.4,68.2,28.4,53.0,Colombia,-,-,-,-,-,2013,,,,,,,,,,,,,,,,,,,,,,,,,,,,University of the Andes  Colombia,4.601458099999999,-74.0661334
351-400,University of Valencia,-,17.2,14.5,62.8,32.5,40.8,Spain,-,-,-,-,-,2013,,,,,,,,,,,,,,,,301-400,University of Valencia,-,05-ago,-,0.0,0.0,7.2,10.2,40.7,13.6,2013.0,University of Valencia,39.5151014,-0.42451229999999995
351-400,University of Vigo,-,19.4,9.5,63.7,36.6,26.9,Spain,-,-,-,-,-,2013,,,,,,,,,,,,,,,,,,,,,,,,,,,,University of Vigo,42.1698,-8.6846
351-400,University of Warsaw,-,23.2,18.4,54.0,27.9,39.8,Poland,-,-,-,-,-,2013,,,,,,,,,,,,,,,,301-400,University of Warsaw,-,01-feb,-,16.0,0.0,0.0,9.4,36.1,17.9,2013.0,University of Warsaw,52.2378175,21.0172105
351-400,University of Wyoming,-,18.6,24.2,47.5,30.9,28.1,United States,-,-,-,-,-,2013,,,,,,,,,,,,,,,,401-500,University of Wyoming,-,132-149,-,0.0,0.0,7.2,14.6,22.4,15.4,2013.0,University of Wyoming,41.3132,-105.58033870000001
351-400,Waseda University,-,28.9,21.3,37.8,30.8,32.8,Japan,-,-,-,-,-,2013,,,,,,,,,,,,,,,,301-400,Waseda University,-,nov-15,-,0.0,0.0,12.2,8.6,28.9,10.6,2013.0,Waseda University,33.88987279999999,130.708562
