the_Rank,the_institution,the_Overall,the_Teaching,the_Reseach,the_Citations,the_Industry Income,the_International Outlook,the_Country,year,cwur_year,cwur_institution,cwur_location,cwur_world_rank,cwur_national_rank,cwur_quality_of_education,cwur_alumni_employment,cwur_quality_of_faculty,cwur_research_performance,cwur_publications,cwur_influence,cwur_citations,cwur_broad_impact,cwur_patents,cwur_score
1,California Institute of Technology,95.2,95.6,97.6,99.8,97.8,64.0,United States,2016,2016,California Institute of Technology,USA,11,9,5,338,7,-,67,13,20,25,9,83.74
2,University of Oxford,94.2,86.5,98.9,98.8,73.1,94.4,United Kingdom,2016,2016,University of Oxford,United Kingdom,5,2,7,13,10,-,6,11,6,9,19,95.39
3,Stanford University,93.9,92.5,96.2,99.9,63.3,76.3,United States,2016,2016,Stanford University,USA,2,2,9,2,2,-,5,3,3,3,7,98.25
4,University of Cambridge,92.8,88.2,96.7,97.0,55,91.5,United Kingdom,2016,2016,University of Cambridge,United Kingdom,4,1,3,10,6,-,12,8,14,12,45,96.13
5,Massachusetts Institute of Technology,92,89.4,88.6,99.7,95.4,84.0,United States,2016,2016,Massachusetts Institute of Technology,USA,3,3,2,12,3,-,15,2,2,2,1,97.12
6,Harvard University,91.6,83.6,99.0,99.8,45.2,77.2,United States,2016,2016,Harvard University,USA,1,1,1,1,1,-,1,1,1,1,3,100.0
7,Princeton University,90.1,85.1,91.9,99.3,52.1,78.5,United States,2016,2016,Princeton University,USA,9,7,4,15,4,-,82,25,26,37,109,88.72
8,Imperial College London,89.1,83.3,88.5,96.7,53.7,96.0,United Kingdom,2016,2016,Imperial College London,United Kingdom,35,4,99,72,37,-,19,26,19,20,29,59.4
10,University of Chicago,87.9,85.7,88.9,99.2,36.6,65.0,United States,2016,2016,University of Chicago,USA,8,6,11,14,8,-,17,16,11,17,83,90.72
11,Johns Hopkins University,87.6,77.6,90.4,98.2,100,70.0,United States,2016,2016,Johns Hopkins University,USA,16,13,18,89,16,-,4,10,4,4,4,70.44
12,Yale University,87.4,86.5,87.8,97.2,43.3,64.3,United States,2016,2016,Yale University,USA,10,8,8,26,11,-,18,6,31,18,41,85.83
15,Columbia University,86.1,85.9,82.2,98.1,-,73.5,United States,2016,2016,Columbia University,USA,6,4,13,6,9,-,14,12,15,14,2,94.12
17,University of Pennsylvania,85.2,82.0,86.9,98.6,47.9,49.5,United States,2016,2016,University of Pennsylvania,USA,14,11,22,4,26,-,8,18,12,11,11,77.6
18,Cornell University,84,77.9,86.1,97.2,33.7,63.9,United States,2016,2016,Cornell University,USA,12,10,12,19,19,-,24,15,27,23,13,81.74
19,University of Toronto,83.9,75.9,89.3,90.9,49.1,77.8,Canada,2016,2016,University of Toronto,Canada,30,1,47,70,24,-,2,17,7,6,230,60.79
20,Duke University,82.7,76.0,78.0,99.0,100,56.5,United States,2016,2016,Duke University,USA,29,22,80,33,46,-,21,23,13,15,24,61.32
22,Carnegie Mellon University,82.3,67.4,88.8,99.1,57.5,57.1,United States,2016,2016,Carnegie Mellon University,USA,67,42,28,140,25,-,216,219,101,155,122,53.04
24,University of Edinburgh,80.3,68.6,77.2,96.3,36.1,89.8,United Kingdom,2016,2016,University of Edinburgh,United Kingdom,55,5,49,146,39,-,52,38,54,40,167,54.03
25,Northwestern University,79.5,69.8,78.4,96.5,81.2,53.9,United States,2016,2016,Northwestern University,USA,21,17,176,11,75,-,28,36,31,26,40,66.14
26,National University of Singapore,79.2,71.7,84.5,79.4,49.8,96.2,Singapore,2016,2016,National University of Singapore,Singapore,63,1,378+,86,235+,-,36,119,78,81,26,53.3
27,King's College London,78.2,64.5,75.8,93.8,40.1,93.8,United Kingdom,2016,2016,King's College London,United Kingdom,92,7,31,173,116,-,73,100,84,68,192,51.45
28,Karolinska Institute,77.5,60.6,81.1,92.2,75.8,73.1,Sweden,2016,2016,Karolinska Institute,Sweden,70,1,108,594+,41,-,49,50,51,35,558,52.76
30,New York University,77.2,74.7,72.3,95.3,30.4,49.3,United States,2016,2016,New York University,USA,22,18,38,24,20,-,47,30,27,32,43,66.11
33,University of Melbourne,75.4,62.0,75.5,86.6,64.6,87.1,Australia,2016,2016,University of Melbourne,Australia,89,1,93,124,139,-,40,66,54,63,237,51.69
34,University of British Columbia,75.3,60.2,73.2,91.5,42.6,90.5,Canada,2016,2016,University of British Columbia,Canada,57,3,78,312,95,-,26,37,38,33,73,53.89
38,McGill University,72.6,66.1,72.1,78.9,40.3,85.5,Canada,2016,2016,McGill University,Canada,42,2,34,38,54,-,37,55,39,35,103,56.45
41,Georgia Institute of Technology,72.1,57.8,72.7,86.0,73.7,71.5,United States,2016,2016,Georgia Institute of Technology,USA,86,50,152,68,117,-,112,161,78,108,34,51.75
42,Peking University,72,77.8,72.4,69.1,100,49.2,China,2016,2016,Peking University,China,60,1,162,34,235+,-,48,106,126,115,46,53.75
44,University of Hong Kong,71,64.6,72.8,70.1,53.7,99.5,Hong Kong,2016,2016,University of Hong Kong,Hong Kong,169,1,304,97,235+,-,128,200,171,149,203,48.29
46,University of Texas at Austin,70.3,59.3,69.7,92.2,63.1,31.7,United States,2016,2016,University of Texas at Austin,USA,32,23,66,31,28,-,51,53,29,68,37,60.17
47,Tsinghua University,70,73.3,83.0,58.8,100,39.5,China,2016,2016,Tsinghua University,China,74,2,325,53,235+,-,53,133,64,121,44,52.36
49,Humboldt University of Berlin,69.9,63.7,77.0,73.6,36.1,62.6,Germany,2016,2016,Humboldt University of Berlin,Germany,149,6,309,594+,180,-,107,79,144,81,456,48.82
51,Brown University,69.6,62.8,55.7,96.4,31.4,57.8,United States,2016,2016,Brown University,USA,87,51,75,39,77,-,122,73,64,103,203,51.74
52,Australian National University,69.5,54.7,77.3,72.3,48,93.3,Australia,2016,2016,Australian National University,Australia,160,6,126,377,43,-,135,104,295,198,356,48.44
53,Technical University of Munich,69.4,61.0,66.0,80.1,99.2,63.8,Germany,2016,2016,Technical University of Munich,Germany,104,3,42,127,178,-,100,86,144,91,138,50.22
56,University of Manchester,68.1,58.4,66.0,77.3,42,87.0,United Kingdom,2016,2016,University of Manchester,United Kingdom,61,6,110,93,76,-,45,70,23,45,144,53.74
56,University of Sydney,68.1,54.3,68.1,77.5,72.4,84.4,Australia,2016,2016,University of Sydney,Australia,95,2,116,231,164,-,43,92,54,81,89,51.41
58,University of Amsterdam,67.8,52.2,64.7,87.4,62.8,66.5,Netherlands,2016,2016,University of Amsterdam,Netherlands,111,4,120,367,229,-,64,85,113,63,240,49.89
60,Washington University in St. Louis,67,54.3,55.6,99.2,33.5,44.9,United States,2016,2016,Washington University in St. Louis,USA,51,34,111,98,74,-,42,21,25,18,104,55.15
62,Utrecht University,66.6,48.1,64.3,88.1,89.1,55.8,Netherlands,2016,2016,Utrecht University,Netherlands,83,1,88,193,115,-,39,48,57,48,234,51.84
63,University of North Carolina at Chapel Hill,66.4,58.0,54.5,95.9,39.4,39.0,United States,2016,2016,University of North Carolina at Chapel Hill,USA,38,25,134,74,61,-,32,29,17,22,30,57.4
64,Boston University,66.1,57.8,49.5,97.7,30.3,51.0,United States,2016,2016,Boston University,USA,62,39,319,57,89,-,70,46,35,39,92,53.49
65,Delft University of Technology,65.9,55.0,73.8,61.5,100,84.0,Netherlands,2016,2016,Delft University of Technology,Netherlands,255,9,321,269,235+,-,228,266,295,257,111,46.67
65,University of Minnesota,65.9,53.5,61.0,88.0,98.5,35.3,United States,2016,2016,University of Minnesota,USA,45,29,62,130,64,-,20,34,29,27,58,55.85
67,Leiden University,65.7,50.5,63.1,85.2,49.8,64.3,Netherlands,2016,2016,Leiden University,Netherlands,112,5,143,594+,103,-,85,90,101,66,153,49.88
68,University of Southern California,65.5,49.3,58.9,93.0,38,56.3,United States,2016,2016,University of Southern California,USA,44,28,164,62,35,-,63,60,84,56,22,55.89
69,University of Bristol,64.3,47.6,51.6,91.2,40,82.4,United Kingdom,2016,2016,University of Bristol,United Kingdom,129,8,207,195,93,-,96,74,95,101,315,49.51
70,Durham University,63.6,47.9,51.9,87.7,34.4,86.4,United Kingdom,2016,2016,Durham University,United Kingdom,231,19,79,245,80,-,244,222,184,243,370,47.02
71,Erasmus University Rotterdam,63.5,37.2,55.2,95.6,54.6,76.1,Netherlands,2016,2016,Erasmus University Rotterdam,Netherlands,91,2,378+,43,202,-,88,147,78,51,155,51.45
72,Free University of Berlin,63.2,57.9,72.2,60.2,35.1,69.2,Germany,2016,2016,Free University of Berlin,Germany,136,4,81,522,106,-,109,80,144,91,338,49.17
73,Monash University,62.8,48.3,59.1,73.3,82.5,87.6,Australia,2016,2016,Monash University,Australia,143,5,293,145,235+,-,79,132,184,146,113,49.0
74,University of Groningen,62.4,43.3,56.9,84.0,92.4,63.9,Netherlands,2016,2016,University of Groningen,Netherlands,105,3,328,210,212,-,54,93,64,76,403,50.21
76,University of Glasgow,61.9,41.6,48.3,92.3,31.6,85.8,United Kingdom,2016,2016,University of Glasgow,United Kingdom,132,9,253,106,235+,-,126,142,78,87,378,49.36
76,University of Helsinki,61.9,48.4,60.4,82.1,31.6,51.8,Finland,2016,2016,University of Helsinki,Finland,107,1,64,521,110,-,76,78,84,60,502,50.14
78,University of Tübingen,61.7,47.0,59.8,79.3,59.2,58.2,Germany,2016,2016,University of Tübingen,Germany,144,5,57,471,105,-,139,121,160,113,126,48.95
80,University of Warwick,61.3,47.4,53.1,78.2,37.7,90.3,United Kingdom,2016,2016,University of Warwick,United Kingdom,280,26,217,302,126,-,200,231,171,296,251,46.33
81,Uppsala University,61.2,44.1,61.0,80.9,39.5,59.6,Sweden,2016,2016,Uppsala University,Sweden,126,2,55,298,73,-,97,72,144,105,841,49.63
82,University of Copenhagen,61,49.8,42.7,86.2,45,83.3,Denmark,2016,2016,University of Copenhagen,Denmark,69,1,132,153,68,-,34,31,43,30,303,52.92
85,Seoul National University,60.5,66.5,70.5,50.0,85.4,30.9,South Korea,2016,2016,Seoul National University,South Korea,24,1,378+,9,235+,-,27,148,184,106,9,64.92
86,University of St Andrews,60.4,49.7,47.3,78.8,30.6,92.3,United Kingdom,2016,2016,University of St Andrews,United Kingdom,307,28,163,494,235+,-,310,196,436,272,240,46.03
87,Vanderbilt University,60.1,47.8,44.2,95.7,63.2,29.1,United States,2016,2016,Vanderbilt University,USA,71,44,92,83,111,-,56,57,63,45,67,52.68
88,Kyoto University,59.9,70.6,69.3,46.6,79,26.1,Japan,2016,2016,Kyoto University,Japan,20,2,23,17,27,-,33,43,84,65,15,66.53
88,Maastricht University,59.9,37.5,47.7,82.7,95.4,95.5,Netherlands,2016,2016,Maastricht University,Netherlands,219,8,378+,594+,235+,-,176,327,171,163,363,47.2
90,Emory University,59.7,48.3,37.1,96.7,48.9,51.0,United States,2016,2016,Emory University,USA,79,48,378+,143,126,-,71,61,71,37,60,52.09
90,Lund University,59.7,39.7,53.6,81.3,70.4,74.1,Sweden,2016,2016,Lund University,Sweden,127,3,148,454,168,-,92,135,71,68,883,49.57
90,Ohio State University,59.7,51.6,46.6,83.2,53.1,53.0,United States,2016,2016,Ohio State University,USA,46,30,82,101,57,-,30,49,31,33,39,55.72
93,University of Exeter,59.5,39.4,40.0,94.3,31.9,87.3,United Kingdom,2016,2016,University of Exeter,United Kingdom,315,30,281,422,235+,-,286,171,324,279,447,45.93
94,University of Bonn,58.8,45.1,47.5,85.3,-,63.6,Germany,2016,2016,University of Bonn,Germany,152,7,60,240,85,-,149,117,113,133,342,48.68
94,Georgetown University,58.8,54.4,39.3,82.5,80.7,52.7,United States,2016,2016,Georgetown University,USA,121,61,145,32,235+,-,305,317,295,215,138,49.69
94,McMaster University,58.8,39.8,44.8,84.9,88,76.1,Canada,2016,2016,McMaster University,Canada,135,6,232,292,160,-,124,139,71,72,197,49.3
97,University of Sheffield,58.6,42.4,48.8,80.1,43.4,81.9,United Kingdom,2016,2016,University of Sheffield,United Kingdom,172,14,157,224,212,-,136,155,126,146,135,48.22
98,Queen Mary University of London,58.5,34.1,41.3,93.3,36.8,93.5,United Kingdom,2016,2016,Queen Mary University of London,United Kingdom,199,16,113,378,235+,-,225,174,240,124,273,47.54
99,University of Göttingen,58,49.3,54.5,72.7,31.8,56.4,Germany,2016,2016,University of Göttingen,Germany,177,10,44,175,176,-,168,137,240,174,281,48.11
99,Michigan State University,58,47.3,52.6,76.8,32.2,56.4,United States,2016,2016,Michigan State University,USA,106,57,106,134,235+,-,94,120,71,117,78,50.2
101,University of Basel,57.9,39.5,33.1,88.3,99.9,94.7,Switzerland,2016,2016,University of Basel,Switzerland,156,5,87,282,65,-,158,98,113,138,456,48.57
101,École Polytechnique,57.9,53.5,44.6,64.7,82.3,92.8,France,2016,2016,École Polytechnique,France,36,1,101,7,184,-,339,301,200,296,207,59.09
101,Rice University,57.9,37.9,35.1,99.7,41.7,66.6,United States,2016,2016,Rice University,USA,114,59,53,121,97,-,271,151,51,155,74,49.84
104,Dartmouth College,57.8,50.7,35.8,93.3,40.8,38.3,United States,2016,2016,Dartmouth College,USA,50,33,48,16,235+,-,254,165,200,173,79,55.16
104,University of Zurich,57.8,49.5,31.5,85.4,44,90.4,Switzerland,2016,2016,University of Zurich,Switzerland,93,3,125,358,88,-,57,47,43,58,141,51.44
106,Aarhus University,57.7,36.9,50.7,79.8,68.3,76.8,Denmark,2016,2016,Aarhus University,Denmark,110,2,327,203,102,-,78,83,101,91,146,49.93
106,University of Mannheim,57.7,34.5,47.7,86.9,85.3,64.6,Germany,2016,2016,University of Mannheim,Germany,881,55,378+,542,235+,-,912,901,436,846,856,44.33
108,University of Notre Dame,57.6,47.6,48.1,81.7,33.7,47.6,United States,2016,2016,University of Notre Dame,USA,94,53,230,25,154,-,250,245,218,233,291,51.42
109,University of Western Australia,57.5,33.4,46.1,83.6,64.5,92.6,Australia,2016,2016,University of Western Australia,Australia,213,7,129,331,193,-,138,168,436,185,429,47.26
110,RWTH Aachen University,57.2,49.4,56.3,63.2,98.1,54.1,Germany,2016,2016,RWTH Aachen University,Germany,220,17,369,199,189,-,197,372,126,208,165,47.19
110,University of Southampton,57.2,39.8,43.6,82.0,37.5,88.4,United Kingdom,2016,2016,University of Southampton,United Kingdom,153,11,343,100,188,-,113,141,113,149,187,48.67
113,University of Montreal,57,46.3,45.5,69.6,92.6,84.2,Canada,2016,2016,University of Montreal,Canada,118,5,339,191,235+,-,83,101,95,66,257,49.74
116,Pohang University of Science and Technology,56.9,49.1,47.1,76.7,100,33.7,South Korea,2016,2016,Pohang University of Science and Technology,South Korea,191,5,378+,594+,235+,-,306,334,295,286,32,47.73
118,Ghent University,56.6,42.1,54.5,71.2,88.3,54.2,Belgium,2016,2016,Ghent University,Belgium,133,2,137,332,148,-,80,146,90,121,116,49.34
119,University of Birmingham,56.2,39.4,41.8,82.7,34.7,82.0,United Kingdom,2016,2016,University of Birmingham,United Kingdom,158,12,76,156,223,-,117,169,218,130,199,48.51
120,University of Bern,56.1,40.0,42.5,76.6,82.9,83.7,Switzerland,2016,2016,University of Bern,Switzerland,197,7,194,552,230,-,153,122,101,166,429,47.59
120,University of Cape Town,56.1,34.9,38.7,85.6,92.7,80.2,South Africa,2016,2016,University of Cape Town,South Africa,265,2,117,154,147,-,313,252,324,259,332,46.51
120,University of Florida,56.1,51.8,56.8,67.7,-,33.3,United States,2016,2016,University of Florida,USA,59,38,219,244,98,-,41,75,75,56,5,53.85
125,University of Münster,55.9,40.3,44.1,85.6,58.2,46.3,Germany,2016,2016,University of Münster,Germany,200,14,100,417,174,-,165,192,171,170,227,47.49
125,Radboud University Nijmegen,55.9,34.3,48.5,84.9,39.2,60.9,Netherlands,2016,2016,Radboud University Nijmegen,Netherlands,113,6,130,270,235+,-,87,125,64,60,315,49.87
127,University of Colorado Boulder,55.8,39.7,37.6,96.4,35.7,36.6,United States,2016,2016,University of Colorado Boulder,USA,65,40,61,82,42,-,99,41,46,68,151,53.21
127,Tufts University,55.8,45.2,33.3,90.1,60.7,49.4,United States,2016,2016,Tufts University,USA,97,54,71,44,182,-,170,159,84,95,77,51.14
130,Lancaster University,55.6,34.0,41.4,85.3,33.6,87.0,United Kingdom,2016,2016,Lancaster University,United Kingdom,401,34,378+,368,235+,-,368,445,268,347,558,45.34
131,University of Geneva,55.4,34.9,40.5,78.5,72.4,98.5,Switzerland,2016,2016,University of Geneva,Switzerland,80,2,36,221,38,-,120,81,75,78,347,52.02
131,University of York,55.4,41.9,46.3,73.1,31.1,83.5,United Kingdom,2016,2016,University of York,United Kingdom,310,29,378+,594+,235+,-,272,209,136,300,263,46.02
133,Case Western Reserve University,55.3,46.1,33.2,92.0,34.1,40.5,United States,2016,2016,Case Western Reserve University,USA,108,58,58,255,211,-,144,102,57,81,97,50.03
133,University of Leeds,55.3,43.7,39.0,79.2,36.7,77.4,United Kingdom,2016,2016,University of Leeds,United Kingdom,159,13,67,165,235+,-,132,140,184,133,229,48.49
135,University of Oslo,55.1,43.3,44.7,75.5,38.3,68.2,Norway,2016,2016,University of Oslo,Norway,100,1,56,310,44,-,106,128,95,101,210,50.59
136,Stockholm University,54.8,34.1,51.2,82.5,31.1,48.5,Sweden,2016,2016,Stockholm University,Sweden,178,5,138,88,200,-,194,95,101,183,883,48.11
137,University of Alberta,54.7,46.4,48.1,63.6,47.4,80.7,Canada,2016,2016,University of Alberta,Canada,101,4,174,149,152,-,66,114,78,100,99,50.39
138,Chinese University of Hong Kong,54.5,41.5,48.5,68.4,37.5,81.1,Hong Kong,2016,2016,Chinese University of Hong Kong,Hong Kong,228,2,122,472,117,-,159,321,218,212,170,47.06
138,Karlsruhe Institute of Technology,54.5,37.7,47.5,73.8,99.5,56.7,Germany,2016,2016,Karlsruhe Institute of Technology,Germany,215,16,368,180,189,-,189,294,126,233,115,47.24
140,University of Sussex,54.4,33.4,37.2,86.1,30.6,88.3,United Kingdom,2016,2016,University of Sussex,United Kingdom,263,23,160,232,60,-,367,268,144,320,471,46.53
142,University of Vienna,54.2,40.8,50.5,63.6,30.2,92.6,Austria,2016,2016,University of Vienna,Austria,249,2,202,183,112,-,234,156,200,228,547,46.76
143,University of Nottingham,54.1,40.3,39.0,77.5,39.8,80.6,United Kingdom,2016,2016,University of Nottingham,United Kingdom,139,10,144,118,84,-,114,185,113,127,135,49.12
144,University of Lausanne,53.9,30.9,45.6,76.2,56,89.2,Switzerland,2016,2016,University of Lausanne,Switzerland,181,6,90,412,235+,-,227,123,95,115,523,48.06
146,Autonomous University of Barcelona,53.8,40.3,40.0,83.8,34.9,50.3,Spain,2016,2016,Autonomous University of Barcelona,Spain,222,2,378+,594+,235+,-,137,218,240,187,295,47.14
148,KAIST,53,43.3,40.5,75.9,100,33.9,South Korea,2016,2016,KAIST,South Korea,140,3,378+,162,235+,-,199,290,541,272,17,49.11
149,University of Adelaide,52.9,32.8,43.2,72.4,79.3,85.1,Australia,2016,2016,University of Adelaide,Australia,319,8,228,431,235+,-,224,227,324,308,288,45.9
149,University of East Anglia,52.9,31.9,28.7,92.7,28.5,83.5,United Kingdom,2016,2016,University of East Anglia,United Kingdom,330,32,210,594+,179,-,347,215,144,308,558,45.8
149,University of Twente,52.9,34.1,45.6,68.8,91.2,80.1,Netherlands,2016,2016,University of Twente,Netherlands,414,12,378+,490,235+,-,346,484,268,371,363,45.27
156,University of Cologne,52.3,42.2,38.0,75.0,68.5,53.1,Germany,2016,2016,University of Cologne,Germany,189,12,378+,132,216,-,203,149,144,146,507,47.74
157,University of Liverpool,52.2,32.8,30.9,85.9,36.6,85.4,United Kingdom,2016,2016,University of Liverpool,United Kingdom,201,17,191,212,225,-,150,164,144,177,387,47.48
158,University of Rochester,52.1,39.7,27.9,89.0,37,55.8,United States,2016,2016,University of Rochester,USA,72,45,63,48,114,-,118,112,90,87,42,52.47
161,Lomonosov Moscow State University,51.9,75.4,66.7,8.6,95.7,57.8,Russian Federation,2016,2016,Lomonosov Moscow State University,Russia,77,1,15,174,53,-,275,256,324,352,763,52.15
161,University of Miami,51.9,41.7,22.3,90.1,35.5,64.0,United States,2016,2016,University of Miami,USA,148,68,378+,218,235+,-,172,126,101,109,86,48.85
163,University of Arizona,51.7,38.7,41.8,79.5,32.4,38.6,United States,2016,2016,University of Arizona,USA,73,46,146,50,87,-,84,42,46,55,161,52.46
164,Pompeu Fabra University,51.2,32.9,28.0,90.7,37.2,63.3,Spain,2016,2016,Pompeu Fabra University,Spain,390,7,378+,594+,235+,-,417,162,436,335,633,45.37
164,University of Reading,51.2,39.3,37.3,69.9,34.2,85.1,United Kingdom,2016,2016,University of Reading,United Kingdom,269,25,266,58,235+,-,380,351,295,365,611,46.46
164,Yeshiva University,51.2,44.8,23.7,92.8,-,28.5,United States,2016,2016,Yeshiva University,USA,163,73,214,594+,235+,-,207,87,113,109,105,48.4
167,University of Leicester,51.1,32.1,27.8,86.0,31.7,86.6,United Kingdom,2016,2016,University of Leicester,United Kingdom,237,20,378+,594+,235+,-,266,145,268,163,350,46.95
167,National Taiwan University of Science and Technology,51.1,54.1,58.0,47.3,49.6,27.7,Taiwan,2016,2016,National Taiwan University of Science and Technology,Taiwan,917,15,378+,594+,235+,-,594,951,818+,902,856,44.3
167,Technical University of Denmark,51.1,37.3,29.9,77.8,50,85.1,Denmark,2016,2016,Technical University of Denmark,Denmark,168,3,363,495,219,-,213,217,171,198,50,48.3
167,Université catholique de Louvain,51.1,38.7,40.6,68.4,51,74.2,Belgium,2016,2016,Université catholique de Louvain,Belgium,243,4,257,267,99,-,294,322,144,208,264,46.87
172,University of Aberdeen,51,29.7,31.4,82.6,43.1,91.4,United Kingdom,2016,2016,University of Aberdeen,United Kingdom,267,24,372,308,171,-,274,213,295,215,321,46.47
172,University of Auckland,51,31.4,39.5,69.8,78,90.5,New Zealand,2016,2016,University of Auckland,New Zealand,252,1,248,330,235+,-,252,267,184,238,113,46.73
174,University of Barcelona,50.9,38.5,37.4,78.9,31.1,49.2,Spain,2016,2016,University of Barcelona,Spain,122,1,378+,230,235+,-,55,111,136,81,240,49.68
175,University of Konstanz,50.8,38.5,46.7,61.9,92.4,58.3,Germany,2016,2016,University of Konstanz,Germany,505,40,378+,594+,235+,-,476,319,380,430,471,44.94
176,Eindhoven University of Technology,50.6,34.3,41.0,70.7,57.3,71.3,Netherlands,2016,2016,Eindhoven University of Technology,Netherlands,344,11,378+,359,199,-,315,536,324,317,295,45.67
176,University College Dublin,50.6,35.0,38.5,70.8,33.5,86.3,Ireland,2016,2016,University College Dublin,Ireland,240,2,254,119,235+,-,280,297,126,238,273,46.89
178,Hebrew University of Jerusalem,50.5,45.8,41.4,64.6,31.9,55.6,Israel,2016,2016,Hebrew University of Jerusalem,Israel,26,1,16,196,15,-,127,103,324,149,28,63.52
179,University of Waterloo,50.3,35.4,43.9,66.5,39.5,74.4,Canada,2016,2016,University of Waterloo,Canada,262,12,378+,114,235+,-,188,350,295,280,659,46.55
180,University of Gothenburg,50.2,28.5,39.8,81.8,30.3,58.3,Sweden,2016,2016,University of Gothenburg,Sweden,238,6,267,275,117,-,205,188,126,212,912+,46.91
182,University of Bergen,50.1,32.5,31.5,82.4,36.2,70.0,Norway,2016,2016,University of Bergen,Norway,273,3,378+,594+,235+,-,232,201,218,222,502,46.41
182,Cardiff University,50.1,30.9,31.6,82.0,34.6,78.1,United Kingdom,2016,2016,Cardiff University,United Kingdom,187,15,335,228,144,-,180,157,126,160,182,47.76
182,University of Utah,50.1,35.6,35.3,83.7,57.4,30.1,United States,2016,2016,University of Utah,USA,66,41,102,104,70,-,98,64,75,87,20,53.06
185,Brandeis University,49.9,28.3,25.7,97.3,38.6,47.0,United States,2016,2016,Brandeis University,USA,229,92,37,319,55,-,572,204,324,337,271,47.03
185,University of Dundee,49.9,25.6,26.9,90.2,49.5,78.5,United Kingdom,2016,2016,University of Dundee,United Kingdom,257,22,179,594+,235+,-,364,202,200,187,230,46.67
189,Arizona State University,49.7,32.4,38.1,84.6,32,31.9,United States,2016,2016,Arizona State University,USA,102,56,378+,287,91,-,141,96,90,155,27,50.32
190,University of Antwerp,49.6,31.6,40.8,71.7,60.3,64.8,Belgium,2016,2016,University of Antwerp,Belgium,304,6,378+,557,235+,-,263,303,218,263,491,46.06
190,Boston College,49.6,34.1,29.3,83.3,46.8,60.0,United States,2016,2016,Boston College,USA,338,120,378+,99,235+,-,577,367,218,396,363,45.7
193,Texas A&M University,49.4,49.4,52.4,47.1,46.4,47.8,United States,2016,2016,Texas A&M University,USA,98,55,352,96,47,-,86,113,64,138,95,50.94
196,Newcastle University,49.2,30.9,27.5,81.5,34.7,84.3,United Kingdom,2016,2016,Newcastle University,United Kingdom,216,18,378+,258,235+,-,191,158,268,166,338,47.23
198,University of Trento,49.1,30.8,27.4,87.7,47.1,55.9,Italy,2016,2016,University of Trento,Italy,543,30,378+,594+,235+,-,495,476,436,470,883,44.83
200,Queen's University Belfast,48.8,34.1,33.3,68.9,35.7,93.4,United Kingdom,2016,2016,Queen's University Belfast,United Kingdom,316,31,190,382,235+,-,297,287,324,300,182,45.91
201-250,Aalborg University,-,25.1,28.4,73.8,43.7,71.0,Denmark,2016,2016,Aalborg University,Denmark,534,5,378+,427,235+,-,521,631,324,494,350,44.86
201-250,University of Bologna,-,39.3,29.5,73.0,34.5,39.9,Italy,2016,2016,University of Bologna,Italy,198,4,362,346,235+,-,131,279,160,155,315,47.59
201-250,University at Buffalo,-,36.5,37.9,62.0,43.8,60.6,United States,2016,2016,University at Buffalo,USA,272,104,245,395,235+,-,212,280,240,263,167,46.42
201-250,University of Calgary,-,33.9,36.7,67.8,52,70.1,Canada,2016,2016,University of Calgary,Canada,173,8,378+,103,235+,-,146,177,109,153,821,48.21
201-250,Chalmers University of Technology,-,36.6,35.3,52.2,79.5,77.6,Sweden,2016,2016,Chalmers University of Technology,Sweden,444,10,373,329,235+,-,369,441,664,389,821,45.14
201-250,City University of Hong Kong,-,32.1,26.7,76.8,50.1,81.6,Hong Kong,2016,2016,City University of Hong Kong,Hong Kong,364,5,378+,594+,235+,-,253,851,380,335,440,45.52
201-250,Dalhousie University,-,30.4,29.4,65.2,50.3,78.3,Canada,2016,2016,Dalhousie University,Canada,301,14,269,168,235+,-,288,246,324,286,440,46.09
201-250,University of São Paulo,-,60.9,68.6,20.4,40.3,25.3,Brazil,2016,2016,University of São Paulo,Brazil,138,1,316,84,235+,-,62,183,144,166,704,49.15
201-250,Florida State University,-,38.5,40.1,64.7,32,41.6,United States,2016,2016,Florida State University,USA,256,98,239,307,235+,-,209,189,160,225,378,46.67
201-250,University of Fribourg,-,32.3,32.9,64.1,60.8,87.4,Switzerland,2016,2016,University of Fribourg,Switzerland,606,8,247,274,235+,-,710,440,436,617,856,44.69
201-250,Fudan University,-,44.7,30.4,61.1,28,38.6,China,2016,2016,Fudan University,China,192,5,378+,197,235+,-,108,223,268,192,190,47.72
201-250,University of Iceland,-,16.8,27.1,91.4,58.8,61.0,Iceland,2016,2016,University of Iceland,Iceland,405,1,378+,594+,235+,-,596,285,324,328,883,45.33
201-250,George Washington University,-,44.7,23.5,65.7,29.5,48.1,United States,2016,2016,George Washington University,USA,207,86,201,59,235+,-,301,236,324,233,417,47.38
201-250,Goethe University Frankfurt,-,35.8,28.6,79.3,38.1,60.2,Germany,2016,2016,Goethe University Frankfurt,Germany,182,11,123,239,90,-,182,150,200,126,356,48.03
201-250,Hong Kong Polytechnic University,-,29.3,35.2,63.3,45.1,79.0,Hong Kong,2016,2016,Hong Kong Polytechnic University,Hong Kong,343,4,378+,167,235+,-,248,808,664,387,230,45.67
201-250,University of Illinois at Chicago,-,40.9,29.2,63.2,38,58.1,United States,2016,2016,University of Illinois at Chicago,USA,185,78,378+,564,235+,-,128,186,160,192,82,47.85
201-250,University of Iowa,-,41.0,26.7,73.5,54.1,32.3,United States,2016,2016,University of Iowa,USA,125,63,128,294,165,-,111,91,101,111,72,49.63
201-250,Johannes Gutenberg University of Mainz,-,34.9,21.7,72.6,70.7,53.3,Germany,2016,2016,Johannes Gutenberg University of Mainz,Germany,244,20,305,594+,210,-,218,194,184,187,384,46.84
201-250,University of Kiel,-,32.3,20.5,89.5,-,49.4,Germany,2016,2016,University of Kiel,Germany,230,18,203,468,214,-,237,182,200,163,391,47.02
201-250,Laval University,-,37.5,31.7,62.2,57.5,63.8,Canada,2016,2016,Laval University,Canada,234,10,308,261,235+,-,221,264,184,208,133,46.99
201-250,Medical University of Vienna,-,26.6,14.6,89.1,33.9,81.7,Austria,2016,2016,Medical University of Vienna,Austria,246,1,378+,594+,235+,-,249,225,200,177,370,46.79
201-250,Northeastern University,-,35.5,20.6,84.0,32.9,58.7,United States,2016,2016,Northeastern University,USA,281,106,330,117,235+,-,360,281,218,352,96,46.33
201-250,Oregon Health & Science University,-,27.8,15.7,96.0,44.6,21.4,United States,2016,2016,Oregon Health & Science University,USA,161,72,378+,594+,131,-,195,107,101,106,129,48.44
201-250,University of Otago,-,30.7,30.5,74.9,31.5,89.9,New Zealand,2016,2016,University of Otago,New Zealand,345,2,378+,376,235+,-,304,318,324,308,447,45.67
201-250,University of Ottawa,-,37.1,36.7,61.5,41.5,69.9,Canada,2016,2016,University of Ottawa,Canada,193,9,231,182,235+,-,164,178,200,133,516,47.72
201-250,Paris Descartes University,-,24.6,28.8,83.3,29,49.1,France,2016,2016,Paris Descartes University,France,203,11,208,523,235+,-,161,127,240,138,482,47.47
201-250,Polytechnic University of Milan,-,30.1,31.7,76.3,66.3,48.8,Italy,2016,2016,Polytechnic University of Milan,Italy,389,20,114,181,206,-,354,516,380,489,222,45.39
201-250,Rush University,-,37.7,17.4,88.9,45.4,21.8,United States,2016,2016,Rush University,USA,326,119,378+,594+,235+,-,436,407,240,268,420,45.84
201-250,Sapienza University of Rome,-,38.0,37.3,61.5,32.6,34.7,Italy,2016,2016,Sapienza University of Rome,Italy,90,1,59,192,34,-,91,173,126,119,285,51.62
201-250,University of Science and Technology of China,-,46.7,36.6,67.2,80.3,21.4,China,2016,2016,University of Science and Technology of China,China,223,6,378+,177,235+,-,125,260,324,215,558,47.1
201-250,Stony Brook University,-,32.6,22.0,83.0,33.4,53.2,United States,2016,2016,Stony Brook University,USA,154,70,193,594+,51,-,179,88,184,155,99,48.63
201-250,University of Stuttgart,-,40.0,44.5,55.7,99.8,52.7,Germany,2016,2016,University of Stuttgart,Germany,328,28,86,171,185,-,407,379,380,347,332,45.81
201-250,Swedish University of Agricultural Sciences,-,31.5,32.8,68.1,99.9,40.1,Sweden,2016,2016,Swedish University of Agricultural Sciences,Sweden,426,9,158,594+,235+,-,372,273,436,375,912+,45.2
201-250,Tel Aviv University,-,41.0,50.5,49.2,42.9,47.5,Israel,2016,2016,Tel Aviv University,Israel,81,3,68,90,49,-,102,109,160,149,36,51.94
201-250,University of Texas at Dallas,-,24.3,26.7,86.8,41.8,52.3,United States,2016,2016,University of Texas at Dallas,USA,425,141,204,198,235+,-,441,403,541,424,403,45.22
201-250,Tilburg University,-,34.1,47.1,51.5,57.4,71.6,Netherlands,2016,2016,Tilburg University,Netherlands,683,13,378+,279,235+,-,554,848,436,733,912+,44.56
201-250,Tohoku University,-,45.3,42.7,49.4,74.7,29.3,Japan,2016,2016,Tohoku University,Japan,84,6,51,142,191,-,81,144,126,127,23,51.78
201-250,Tokyo Institute of Technology,-,45.6,47.6,42.2,70.9,31.9,Japan,2016,2016,Tokyo Institute of Technology,Japan,128,9,177,47,131,-,186,191,160,204,64,49.55
201-250,University of Victoria,-,20.6,30.0,79.0,36.6,70.2,Canada,2016,2016,University of Victoria,Canada,349,16,378+,594+,235+,-,330,348,240,308,735,45.62
201-250,Wake Forest University,-,34.6,19.5,94.8,42.5,24.2,United States,2016,2016,Wake Forest University,USA,155,71,280,75,235+,-,262,228,144,130,116,48.58
201-250,École centrale de Lyon,-,38.5,17.5,85.0,29.1,26.6,United States,2016,2016,École centrale de Lyon,France,957,45,378+,304,235+,-,877,845,818+,995,690,44.26
201-250,University of the Witwatersrand,-,26.2,31.5,76.0,99.7,68.4,South Africa,2016,2016,University of the Witwatersrand,South Africa,176,1,73,35,172,-,419,232,295,407,315,48.11
251-300,Aalto University,-,31.1,32.8,62.1,61.6,65.4,Finland,2016,2016,Aalto University,Finland,412,4,378+,226,235+,-,337,392,436,403,384,45.29
251-300,University of Bath,-,28.9,27.9,56.7,36.3,84.8,United Kingdom,2016,2016,University of Bath,United Kingdom,409,35,378+,415,235+,-,390,386,436,347,387,45.3
251-300,University of Bayreuth,-,32.2,31.2,60.1,56.4,52.6,Germany,2016,2016,University of Bayreuth,Germany,510,41,378+,594+,235+,-,467,340,295,441,659,44.93
251-300,Bielefeld University,-,35.2,46.2,49.9,60.9,45.4,Germany,2016,2016,Bielefeld University,Germany,475,37,378+,594+,235+,-,493,393,436,389,690,45.02
251-300,University of Bordeaux,-,25.3,22.0,71.7,30.6,54.6,France,2016,2016,University of Bordeaux,France,303,14,366,594+,235+,-,317,291,218,253,391,46.07
251-300,Charles Darwin University,-,17.8,22.6,85.9,43.2,63.7,Australia,2016,2016,Charles Darwin University,Australia,902,27,378+,594+,235+,-,867,693,664,860,912+,44.31
251-300,Colorado School of Mines,-,28.5,30.3,71.8,83.7,35.5,United States,2016,2016,Colorado School of Mines,USA,350,123,378+,69,235+,-,683,603,380,588,644,45.62
251-300,University of Delaware,-,23.7,34.0,70.0,98.7,41.6,United States,2016,2016,University of Delaware,USA,292,113,333,355,136,-,285,308,218,296,132,46.21
251-300,Flinders University,-,21.4,25.7,69.5,41.7,64.7,Australia,2016,2016,Flinders University,Australia,632,19,133,594+,235+,-,509,540,818+,636,674,44.63
251-300,University of Georgia,-,41.1,30.5,52.2,30.9,39.2,United States,2016,2016,University of Georgia,USA,204,83,96,170,172,-,187,129,171,263,94,47.45
251-300,Griffith University,-,22.5,25.2,66.3,34.6,81.7,Australia,2016,2016,Griffith University,Australia,573,16,378+,594+,235+,-,414,492,324,525,600,44.77
251-300,Indian Institute of Science,-,42.7,47.2,42.4,52.4,16.4,India,2016,2016,Indian Institute of Science,India,471,3,378+,379,235+,-,327,543,436,470,303,45.03
251-300,Iowa State University,-,31.2,29.4,61.5,54,35.4,United States,2016,2016,Iowa State University,USA,205,84,306,185,109,-,162,187,136,194,303,47.44
251-300,James Cook University,-,19.0,22.8,81.4,40.7,70.4,Australia,2016,2016,James Cook University,Australia,538,13,378+,594+,235+,-,491,263,541,470,719,44.85
251-300,Justus Liebig University Giessen,-,32.9,33.9,52.9,46.4,46.8,Germany,2016,2016,Justus Liebig University Giessen,Germany,352,31,378+,594+,235+,-,334,356,324,313,332,45.6
251-300,Korea University,-,43.9,43.4,41.8,99.8,40.2,South Korea,2016,2016,Korea University,South Korea,141,4,378+,54,235+,-,171,400,295,268,55,49.01
251-300,University of Liège,-,29.1,36.6,46.5,98.9,69.7,Belgium,2016,2016,University of Liège,Belgium,311,7,155,594+,145,-,318,251,184,286,288,46.02
251-300,Linköping University,-,24.2,18.9,76.8,42.1,57.7,Sweden,2016,2016,Linköping University,Sweden,360,8,378+,265,235+,-,320,391,436,328,912+,45.56
251-300,Nanjing University,-,37.2,32.2,54.2,58.6,50.4,China,2016,2016,Nanjing University,China,242,7,355,363,235+,-,121,328,200,249,240,46.87
251-300,National Tsing Hua University,-,37.7,36.6,53.0,49.5,23.2,Taiwan,2016,2016,National Tsing Hua University,Taiwan,391,3,275,543,235+,-,251,421,541,357,821,45.37
251-300,University of Newcastle,-,27.4,26.5,67.2,64.4,75.9,Australia,2016,2016,University of Newcastle,Australia,472,11,378+,594+,235+,-,392,494,541,424,312,45.03
251-300,North Carolina State University,-,36.1,30.5,60.0,40.7,49.0,United States,2016,2016,North Carolina State University,USA,214,89,183,219,235+,-,166,205,144,253,101,47.26
251-300,National Research Nuclear University MEPhI,-,44.9,27.8,52.8,99.8,27.5,Russian Federation,2016,2016,National Research Nuclear University MEPhI,Russia,756,4,331,594+,235+,-,911,725,436,686,912+,44.47
251-300,Oregon State University,-,30.6,28.5,63.8,32.1,42.8,United States,2016,2016,Oregon State University,USA,250,97,154,250,235+,-,267,152,144,225,281,46.74
251-300,Osaka University,-,46.8,45.2,37.4,76.1,26.6,Japan,2016,2016,Osaka University,Japan,48,5,46,37,78,-,59,62,160,98,18,55.52
251-300,Queen's University,-,35.8,35.8,54.4,54.2,61.6,Canada,2016,2016,Queen's University,Canada,287,13,336,166,117,-,270,286,268,290,291,46.25
251-300,Queensland University of Technology,-,28.8,35.6,56.0,73.7,76.0,Australia,2016,2016,Queensland University of Technology,Australia,601,17,378+,582,235+,-,454,741,664,558,425,44.7
251-300,Rensselaer Polytechnic Institute,-,30.4,31.5,65.1,79.6,40.3,United States,2016,2016,Rensselaer Polytechnic Institute,USA,289,111,103,150,235+,-,434,357,184,313,185,46.24
251-300,Ruhr University Bochum,-,32.8,30.0,54.4,66.6,51.7,Germany,2016,2016,Ruhr University Bochum,Germany,295,25,378+,234,235+,-,243,262,380,268,745,46.16
251-300,Saint Louis University,-,36.9,10.9,85.0,29.9,26.6,United States,2016,2016,Saint Louis University,USA,348,122,378+,259,219,-,474,296,324,317,347,45.63
251-300,Simon Fraser University,-,23.2,29.2,72.8,42.3,61.4,Canada,2016,2016,Simon Fraser University,Canada,362,17,378+,594+,235+,-,287,298,436,327,412,45.54
251-300,University of Surrey,-,31.7,28.9,51.2,34.9,90.4,United Kingdom,2016,2016,University of Surrey,United Kingdom,515,39,222,288,235+,-,433,562,818+,525,332,44.91
251-300,Syracuse University,-,31.4,20.8,77.1,36.3,38.3,United States,2016,2016,Syracuse University,USA,457,147,149,209,235+,-,466,498,664,494,403,45.08
251-300,University of Tasmania,-,21.8,25.7,68.0,42.7,79.1,Australia,2016,2016,University of Tasmania,Australia,512,12,378+,594+,235+,-,425,272,664,441,763,44.92
251-300,Tulane University,-,39.1,19.3,67.8,32.4,35.3,United States,2016,2016,Tulane University,USA,288,110,338,152,235+,-,382,300,268,268,290,46.24
251-300,Umeå University,-,20.8,25.0,74.5,31.1,56.1,Sweden,2016,2016,Umeå University,Sweden,299,7,378+,594+,185,-,273,197,218,257,912+,46.12
251-300,Virginia Polytechnic Institute and State University,-,34.9,38.2,54.2,43.3,29.5,United States,2016,2016,Virginia Polytechnic Institute and State University,USA,260,100,298,137,235+,-,211,241,436,290,151,46.57
251-300,University of Wollongong,-,25.8,28.4,59.3,57.9,86.8,Australia,2016,2016,University of Wollongong,Australia,455,10,378+,271,235+,-,416,439,380,430,440,45.08
251-300,Zhejiang University,-,44.3,46.0,36.1,96.2,19.6,China,2016,2016,Zhejiang University,China,184,4,378+,277,235+,-,69,255,664,225,169,47.88
301-350,Aberystwyth University,-,21.6,18.9,67.2,31.3,72.2,United Kingdom,2016,2016,Aberystwyth University,United Kingdom,809,61,378+,535,235+,-,833,576,541,750,674,44.41
301-350,University of Alaska Fairbanks,-,25.1,23.1,63.0,51.2,53.5,United States,2016,2016,University of Alaska Fairbanks,USA,570,168,378+,407,235+,-,641,378,541,494,763,44.78
301-350,Autonomous University of Madrid,-,35.6,30.9,46.9,33,48.6,Spain,2016,2016,Autonomous University of Madrid,Spain,296,5,378+,443,235+,-,231,253,240,263,391,46.16
301-350,Bangor University,-,22.6,22.1,65.4,31,81.3,United Kingdom,2016,2016,Bangor University,United Kingdom,594,45,271,404,235+,-,623,583,436,547,461,44.71
301-350,University of Bremen,-,30.9,32.7,50.0,46,50.0,Germany,2016,2016,University of Bremen,Germany,518,42,378+,594+,235+,-,470,304,324,463,461,44.9
301-350,University of Cincinnati,-,31.3,20.4,72.1,35.3,28.3,United States,2016,2016,University of Cincinnati,USA,165,75,147,108,235+,-,154,166,113,138,210,48.38
301-350,University of Connecticut,-,35.9,25.6,57.0,30.9,43.1,United States,2016,2016,University of Connecticut,USA,225,91,317,253,235+,-,178,184,218,201,159,47.1
301-350,Deakin University,-,22.4,21.9,66.8,30,76.9,Australia,2016,2016,Deakin University,Australia,564,15,378+,428,235+,-,464,665,380,512,625,44.79
301-350,University of Essex,-,33.9,33.3,38.6,28.9,93.7,United Kingdom,2016,2016,University of Essex,United Kingdom,657,49,136,370,235+,-,708,682,380,686,912+,44.6
301-350,George Mason University,-,29.6,21.2,64.9,29.1,36.9,United States,2016,2016,George Mason University,USA,397,133,378+,594+,100,-,456,388,268,381,374,45.35
301-350,University of Greifswald,-,30.1,23.5,61.3,32.6,41.7,Germany,2016,2016,University of Greifswald,Germany,709,48,378+,594+,228,-,693,507,664,648,491,44.53
301-350,Gwangju Institute of Science and Technology,-,35.2,42.0,43.7,45.2,36.2,South Korea,2016,2016,Gwangju Institute of Science and Technology,South Korea,421,11,378+,594+,235+,-,583,590,324,519,98,45.23
301-350,University of Hohenheim,-,30.9,33.8,51.5,52.8,50.3,Germany,2016,2016,University of Hohenheim,Germany,791,51,378+,594+,235+,-,768,655,541,719,802,44.43
301-350,University of Innsbruck,-,23.6,16.9,67.3,39.9,95.7,Austria,2016,2016,University of Innsbruck,Austria,356,3,205,386,113,-,431,243,295,324,491,45.59
301-350,University of Kent,-,24.6,19.1,60.9,28.8,87.2,United Kingdom,2016,2016,University of Kent,United Kingdom,686,52,378+,421,235+,-,614,414,541,648,558,44.56
301-350,Macquarie University,-,28.5,27.2,52.3,33.1,90.0,Australia,2016,2016,Macquarie University,Australia,448,9,378+,348,235+,-,374,333,436,396,471,45.13
301-350,Medical College of Wisconsin,-,25.4,12.1,85.2,31.8,30.4,United States,2016,2016,Medical College of Wisconsin,USA,308,116,378+,594+,235+,-,350,271,324,238,719,46.03
301-350,University of Milan,-,30.5,24.2,64.8,40.9,37.7,Italy,2016,2016,University of Milan,Italy,171,3,168,401,182,-,116,180,160,113,273,48.24
301-350,Nagoya University,-,40.8,38.9,40.1,91.4,27.4,Japan,2016,2016,Nagoya University,Japan,119,7,39,289,56,-,143,154,171,200,66,49.72
301-350,University of Naples Federico II,-,24.7,14.8,81.3,47.4,21.1,Italy,2016,2016,University of Naples Federico II,Italy,254,7,344,449,235+,-,173,309,218,204,841,46.69
301-350,National Chiao Tung University,-,32.9,45.4,34.2,96.9,32.0,Taiwan,2016,2016,National Chiao Tung University,Taiwan,403,4,378+,222,235+,-,259,625,541,420,912+,45.33
301-350,University of Navarra,-,31.9,20.8,57.5,63.5,52.6,Spain,2016,2016,University of Navarra,Spain,324,6,378+,65,235+,-,560,662,664,494,625,45.85
301-350,Örebro University,-,18.3,10.4,87.8,29.8,39.4,Sweden,2016,2016,Örebro University,Sweden,634,11,378+,503,235+,-,807,757,541,558,912+,44.63
301-350,University of Oregon,-,21.2,22.7,72.6,30.8,33.5,United States,2016,2016,University of Oregon,USA,342,121,358,594+,235+,-,391,234,268,290,516,45.68
301-350,University of Padua,-,25.7,22.6,74.6,32.6,37.9,Italy,2016,2016,University of Padua,Italy,157,2,296,594+,235+,-,101,124,113,111,391,48.54
301-350,University of Pavia,-,25.0,22.5,65.1,69.4,40.5,Italy,2016,2016,University of Pavia,Italy,339,15,311,350,232,-,333,390,268,300,659,45.7
301-350,Shanghai Jiao Tong University,-,37.8,45.2,34.0,92.9,27.5,China,2016,2016,Shanghai Jiao Tong University,China,166,3,349,116,235+,-,75,247,200,194,197,48.38
301-350,University of Southern Denmark,-,19.2,14.7,79.7,28,71.8,Denmark,2016,2016,University of Southern Denmark,Denmark,378,4,378+,594+,235+,-,396,325,380,324,401,45.46
301-350,Stellenbosch University,-,28.2,35.0,46.9,100,49.8,South Africa,2016,2016,Stellenbosch University,South Africa,329,3,378+,79,235+,-,511,474,324,481,285,45.81
301-350,University of Strasbourg,-,25.5,23.4,64.4,32.8,71.6,France,2016,2016,University of Strasbourg,France,195,9,77,594+,52,-,192,138,218,228,285,47.6
301-350,University of Trieste,-,26.5,18.5,74.1,32.3,47.3,Italy,2016,2016,University of Trieste,Italy,313,12,378+,462,235+,-,409,295,240,253,611,45.96
301-350,University of Turin,-,27.4,22.3,67.5,54.2,38.8,Italy,2016,2016,University of Turin,Italy,211,5,326,435,160,-,204,274,200,138,461,47.3
301-350,University of Turku,-,27.1,21.2,65.8,31.2,66.2,Finland,2016,2016,University of Turku,Finland,366,2,378+,558,235+,-,319,307,436,320,611,45.52
301-350,Vrije Universiteit Brussel,-,28.7,24.5,56.8,77.1,64.5,Belgium,2016,2016,Vrije Universiteit Brussel,Belgium,286,5,121,594+,235+,-,309,276,200,249,338,46.25
301-350,Yonsei University,-,37.2,34.1,39.4,75.9,41.5,South Korea,2016,2016,Yonsei University,South Korea,103,2,378+,45,235+,-,134,329,324,228,32,50.25
301-350,York University,-,30.2,30.8,49.1,33.2,58.2,Canada,2016,2016,York University,Canada,336,15,378+,102,235+,-,377,423,240,389,883,45.72
351-400,University of Crete,-,18.6,19.2,73.6,34.5,47.0,Greece,2016,2016,University of Crete,Greece,513,3,378+,594+,235+,-,504,512,664,424,883,44.91
351-400,University of Cyprus,-,18.0,28.5,56.7,30,74.7,Cyprus,2016,2016,University of Cyprus,Cyprus,894,1,378+,594+,235+,-,811,864,541,860,856,44.32
351-400,Drexel University,-,31.2,14.6,57.7,36.3,46.3,United States,2016,2016,Drexel University,USA,264,102,378+,202,235+,-,371,339,324,290,83,46.52
351-400,University of Eastern Finland,-,24.8,20.7,65.1,33.3,46.1,Finland,2016,2016,University of Eastern Finland,Finland,369,3,378+,594+,235+,-,370,368,240,320,856,45.51
351-400,University of Florence,-,21.7,20.4,72.1,35.9,38.5,Italy,2016,2016,University of Florence,Italy,251,6,341,339,94,-,220,269,240,215,523,46.73
351-400,Graz University of Technology,-,26.0,15.8,52.9,77.2,69.3,Austria,2016,2016,Graz University of Technology,Austria,680,8,378+,594+,235+,-,678,765,436,636,403,44.57
351-400,University of Guelph,-,28.0,34.2,44.4,47.4,53.6,Canada,2016,2016,University of Guelph,Canada,386,18,378+,518,235+,-,328,282,184,357,387,45.4
351-400,Hanyang University,-,33.9,32.6,31.1,87.9,54.3,South Korea,2016,2016,Hanyang University,South Korea,226,7,378+,123,235+,-,284,470,380,387,57,47.08
351-400,Hong Kong Baptist University,-,22.6,12.1,67.9,28.8,75.0,Hong Kong,2016,2016,Hong Kong Baptist University,Hong Kong,647,6,378+,540,235+,-,592,932,541,581,763,44.61
351-400,University of Houston,-,34.9,26.5,52.0,42.3,33.9,United States,2016,2016,University of Houston,USA,233,94,378+,49,235+,-,307,258,436,347,155,47.0
351-400,Indian Institute of Technology Bombay,-,37.8,28.6,48.5,42.3,17.7,India,2016,2016,Indian Institute of Technology Bombay,India,676,10,378+,533,235+,-,523,855,664,673,315,44.57
351-400,University of Jyväskylä,-,28.2,25.5,55.5,34.2,47.1,Finland,2016,2016,University of Jyväskylä,Finland,629,7,378+,574,235+,-,465,487,818+,581,763,44.64
351-400,La Trobe University,-,27.0,28.5,45.4,43.7,78.0,Australia,2016,2016,La Trobe University,Australia,624,18,378+,479,235+,-,515,426,818+,566,719,44.65
351-400,Loughborough University,-,31.2,32.2,41.3,36.6,72.9,United Kingdom,2016,2016,Loughborough University,United Kingdom,702,54,378+,594+,235+,-,535,861,541,661,491,44.54
351-400,University of Manitoba,-,27.1,26.9,49.7,41.8,57.8,Canada,2016,2016,University of Manitoba,Canada,236,11,141,94,154,-,268,293,324,272,146,46.98
351-400,University of Modena and Reggio Emilia,-,18.7,15.6,72.9,32.3,34.2,Italy,2016,2016,University of Modena and Reggio Emilia,Italy,436,22,378+,556,235+,-,448,458,295,365,745,45.17
351-400,University of Montana,-,30.8,13.6,65.5,31,21.5,United States,2016,2016,University of Montana,USA,578,171,365,459,235+,-,722,343,324,512,659,44.75
351-400,Maynooth University,-,24.6,22.8,50.2,36.6,75.6,Ireland,2016,2016,Maynooth University,Ireland,797,7,260,594+,235+,-,998,646,541,750,507,44.42
351-400,University of Nebraska Medical Center,-,37.0,13.3,64.4,33.6,37.7,United States,2016,2016,University of Nebraska Medical Center,USA,413,138,378+,594+,235+,-,469,387,380,342,378,45.28
351-400,Norwegian University of Science and Technology,-,16.3,25.8,59.8,51.8,59.9,Norway,2016,2016,Norwegian University of Science and Technology,Norway,270,2,277,164,79,-,281,360,268,290,295,46.45
351-400,University of Oulu,-,23.1,15.9,62.3,30.9,56.9,Finland,2016,2016,University of Oulu,Finland,424,5,290,371,235+,-,439,344,295,365,536,45.23
351-400,Polytechnic University of Turin,-,23.7,18.6,65.9,42.5,50.6,Italy,2016,2016,Polytechnic University of Turin,Italy,655,35,378+,594+,235+,-,478,825,541,661,295,44.6
351-400,Bilkent University,-,23.5,18.6,64.1,36.4,47.5,Turkey,2016,2016,Bilkent University,Turkey,828,8,378+,499,235+,-,776,795,818+,776,912+,44.39
351-400,San Diego State University,-,20.3,27.0,62.7,29.3,25.9,United States,2016,2016,San Diego State University,USA,376,129,262,216,235+,-,479,313,295,346,437,45.47
351-400,University of South Australia,-,26.4,26.7,41.2,85.9,89.0,Australia,2016,2016,University of South Australia,Australia,673,21,378+,300,235+,-,547,667,541,719,403,44.58
351-400,University of Campinas,-,44.6,42.3,22.6,49.4,21.1,Brazil,2016,2016,University of Campinas,Brazil,407,3,378+,594+,235+,-,296,530,436,389,207,45.3
351-400,University of Stirling,-,22.6,23.5,59.1,30.4,77.7,United Kingdom,2016,2016,University of Stirling,United Kingdom,786,58,378+,361,235+,-,760,722,664,759,883,44.44
351-400,Swansea University,-,22.2,23.8,58.2,32.7,72.4,United Kingdom,2016,2016,Swansea University,United Kingdom,706,55,378+,456,235+,-,524,511,664,673,600,44.53
351-400,Swinburne University of Technology,-,21.5,20.2,53.4,32.2,84.8,Australia,2016,2016,Swinburne University of Technology,Australia,670,20,378+,594+,235+,-,651,477,541,606,690,44.58
351-400,University of Tartu,-,23.8,22.8,64.2,31.5,46.1,Estonia,2016,2016,University of Tartu,Estonia,506,1,310,594+,235+,-,571,302,436,424,453,44.94
351-400,Temple University,-,34.0,18.2,58.3,41.6,28.6,United States,2016,2016,Temple University,USA,380,130,287,480,235+,-,326,315,664,347,210,45.45
351-400,University of Texas at San Antonio,-,18.1,16.6,74.9,28.6,29.6,United States,2016,2016,University of Texas at San Antonio,USA,696,192,378+,594+,235+,-,679,533,818+,648,412,44.54
351-400,Université libre de Bruxelles,-,26.1,28.3,47.9,39.1,84.5,Belgium,2016,2016,Université libre de Bruxelles,Belgium,180,3,182,115,72,-,240,214,113,174,175,48.06
351-400,Lille 2 University of Health and Law,-,15.1,9.5,81.7,31.5,39.4,France,2016,2016,Lille 2 University of Health and Law,France,681,29,378+,594+,235+,-,777,570,818+,606,674,44.56
351-400,University College Cork,-,28.6,23.8,48.4,47.1,75.5,Ireland,2016,2016,University College Cork,Ireland,443,3,378+,457,235+,-,430,425,380,424,187,45.14
351-400,Victoria University of Wellington,-,26.0,28.7,44.3,45.6,88.8,New Zealand,2016,2016,Victoria University of Wellington,New Zealand,660,5,332,276,235+,-,593,495,664,695,547,44.6
351-400,Washington State University,-,29.0,28.2,49.6,57.1,39.6,United States,2016,2016,Washington State University,USA,351,124,378+,336,133,-,308,229,295,352,215,45.61
351-400,Wayne State University,-,31.9,14.2,65.3,41.7,29.6,United States,2016,2016,Wayne State University,USA,190,81,378+,151,235+,-,202,250,113,177,123,47.73
401-500,Aston University,-,18.4,20.4,51.9,34.6,92.5,United Kingdom,2016,2016,Aston University,United Kingdom,760,57,378+,406,235+,-,824,948,664,807,267,44.47
401-500,University of Aveiro,-,24.8,26.5,43.6,40.1,45.9,Portugal,2016,2016,University of Aveiro,Portugal,585,5,378+,594+,235+,-,423,694,541,558,363,44.73
401-500,University of Bari Aldo Moro,-,28.7,21.6,48.8,45.4,31.7,Italy,2016,2016,University of Bari Aldo Moro,Italy,359,16,378+,594+,235+,-,361,323,436,306,576,45.57
401-500,Makerere University,-,15.9,11.8,70.7,33.1,58.0,Uganda,2016,2016,Makerere University,Uganda,846,1,378+,594+,235+,-,830,642,664,790,912+,44.37
401-500,University of Brescia,-,15.6,14.8,72.3,35.8,36.6,Italy,2016,2016,University of Brescia,Italy,507,27,378+,594+,235+,-,584,614,818+,407,790,44.93
401-500,Brunel University,-,24.8,23.3,39.5,34.7,91.8,United Kingdom,2016,2016,Brunel University,United Kingdom,460,37,378+,285,235+,-,510,670,436,407,536,45.07
401-500,Ca' Foscari University of Venice,-,23.9,27.8,48.9,32.3,38.1,Italy,2016,2016,Ca' Foscari University of Venice,Italy,975,48,378+,594+,235+,-,966,791,664,934,912+,44.25
401-500,University of Cagliari,-,19.4,13.2,56.8,33.6,32.6,Italy,2016,2016,University of Cagliari,Italy,556,31,378+,594+,235+,-,531,556,541,481,735,44.8
401-500,University of Canterbury,-,23.5,22.5,38.9,52.1,91.0,New Zealand,2016,2016,University of Canterbury,New Zealand,526,3,197,194,235+,-,581,443,436,588,883,44.87
401-500,Catholic University of the Sacred Heart,-,18.6,11.3,55.4,38.7,39.0,Italy,2016,2016,Catholic University of the Sacred Heart,Italy,373,17,378+,525,235+,-,419,460,324,313,763,45.49
401-500,Charles University in Prague,-,31.5,21.5,41.0,28.2,52.8,Czech Republic,2016,2016,Charles University in Prague,Czech Republic,266,1,251,584,187,-,230,235,171,222,644,46.49
401-500,China Medical University (PRC),-,24.0,29.4,45.0,60.4,25.7,Taiwan,2016,2016,China Medical University (PRC),China,953,76,378+,594+,235+,-,761,704,664,925,912+,44.27
401-500,Claude Bernard University Lyon 1,-,21.3,13.2,66.5,34.5,50.5,France,2016,2016,Claude Bernard University Lyon 1,France,212,12,378+,572,235+,-,130,131,240,196,172,47.29
401-500,University of Coimbra,-,28.3,26.5,42.4,34.8,46.2,Portugal,2016,2016,University of Coimbra,Portugal,481,3,371,559,235+,-,412,419,664,407,482,45.01
401-500,Complutense University of Madrid,-,33.2,27.6,31.2,30.9,39.1,Spain,2016,2016,Complutense University of Madrid,Spain,224,3,89,63,232,-,215,316,240,337,253,47.1
401-500,Concordia University,-,19.3,23.4,36.4,30.9,77.4,Canada,2016,2016,Concordia University,Canada,479,21,378+,122,235+,-,541,768,664,627,745,45.02
401-500,Curtin University,-,20.1,20.2,44.6,37.8,93.1,Australia,2016,2016,Curtin University,Australia,544,14,378+,586,235+,-,402,380,541,494,558,44.83
401-500,Dublin City University,-,26.1,25.2,36.3,51.7,76.7,Ireland,2016,2016,Dublin City University,Ireland,773,6,378+,498,235+,-,803,942,541,820,257,44.45
401-500,East China University of Science and Technology,-,24.1,17.1,46.4,64.7,21.7,China,2016,2016,East China University of Science and Technology,China,447,27,378+,594+,235+,-,408,799,664,396,240,45.13
401-500,Ewha Womans University,-,23.9,18.3,50.4,57.6,34.3,South Korea,2016,2016,Ewha Womans University,South Korea,446,13,378+,594+,235+,-,461,571,664,452,146,45.14
401-500,Federico Santa María Technical University,-,17.2,10.1,70.5,35.1,54.1,Chile,2016,2016,Federico Santa María Technical University,Chile,895,4,378+,594+,235+,-,956,936,268,907,674,44.32
401-500,University of Ferrara,-,17.7,17.2,63.3,35.9,41.8,Italy,2016,2016,University of Ferrara,Italy,335,14,378+,594+,235+,-,428,385,218,280,719,45.73
401-500,Florida International University,-,25.7,18.1,49.4,32.7,32.8,United States,2016,2016,Florida International University,USA,603,176,378+,587,235+,-,490,471,436,547,516,44.7
401-500,University of Genoa,-,27.2,14.2,59.3,42.3,38.8,Italy,2016,2016,University of Genoa,Italy,291,9,378+,594+,235+,-,292,338,171,238,584,46.21
401-500,Georgia State University,-,26.3,19.5,52.9,28.7,29.5,United States,2016,2016,Georgia State University,USA,487,153,378+,369,235+,-,447,450,436,441,350,44.99
401-500,University of Graz,-,24.9,16.3,53.3,29.3,68.9,Austria,2016,2016,University of Graz,Austria,600,7,361,476,221,-,580,589,818+,525,659,44.7
401-500,Hokkaido University,-,40.3,32.8,29.3,53.7,27.9,Japan,2016,2016,Hokkaido University,Japan,183,10,215,251,136,-,156,179,380,259,59,47.97
401-500,Howard University,-,38.8,11.0,44.5,-,30.3,United States,2016,2016,Howard University,USA,794,207,195,594+,235+,-,946,673,664,759,447,44.43
401-500,University of Hull,-,22.4,16.1,41.1,31.8,73.2,United Kingdom,2016,2016,University of Hull,United Kingdom,499,38,315,243,159,-,599,595,664,512,502,44.94
401-500,University of Idaho,-,28.3,19.4,40.8,32.4,32.0,United States,2016,2016,University of Idaho,USA,636,182,378+,594+,235+,-,681,480,541,566,600,44.62
401-500,Indian Institute of Technology Delhi,-,35.8,25.8,33.4,62.8,15.5,India,2016,2016,Indian Institute of Technology Delhi,India,354,1,378+,64,235+,-,631,953,818+,706,690,45.59
401-500,Indian Institute of Technology Kharagpur,-,33.2,30.5,41.4,31.7,13.3,India,2016,2016,Indian Institute of Technology Kharagpur,India,614,8,378+,237,235+,-,508,978,818+,673,704,44.68
401-500,Indian Institute of Technology Madras,-,34.6,20.7,31.4,88.9,16.1,India,2016,2016,Indian Institute of Technology Madras,India,588,6,378+,172,235+,-,555,953,818+,759,425,44.72
401-500,University of Ioannina,-,14.5,17.7,56.4,32.9,36.9,Greece,2016,2016,University of Ioannina,Greece,555,4,378+,594+,235+,-,601,811,541,470,912+,44.8
401-500,Keele University,-,20.0,17.6,53.0,29.3,72.7,United Kingdom,2016,2016,Keele University,United Kingdom,672,51,378+,594+,235+,-,658,529,380,617,611,44.58
401-500,Kyung Hee University,-,26.1,27.6,39.2,89.4,46.4,South Korea,2016,2016,Kyung Hee University,South Korea,442,12,256,520,235+,-,375,564,541,512,126,45.15
401-500,Kyushu University,-,36.5,27.5,31.8,83.2,26.4,Japan,2016,2016,Kyushu University,Japan,124,8,288,52,235+,-,152,190,268,215,47,49.65
401-500,Lehigh University,-,23.9,15.0,58.2,38.9,36.0,United States,2016,2016,Lehigh University,USA,283,108,250,46,235+,-,647,527,436,536,440,46.28
401-500,Louisiana State University,-,26.8,27.7,37.8,-,26.1,United States,2016,2016,Louisiana State University,USA,188,80,294,161,235+,-,174,172,160,170,141,47.76
401-500,Marche Polytechnic University,-,15.2,11.0,80.2,28,27.3,Italy,2016,2016,Marche Polytechnic University,Italy,628,34,378+,594+,235+,-,686,664,818+,547,790,44.64
401-500,Murdoch University,-,18.7,19.6,51.2,36.5,88.3,Australia,2016,2016,Murdoch University,Australia,835,23,378+,502,235+,-,814,517,541,790,633,44.38
401-500,University of Nantes,-,19.6,12.2,69.4,-,35.1,France,2016,2016,University of Nantes,France,496,23,378+,594+,235+,-,477,453,541,420,547,44.95
401-500,National and Kapodistrian University of Athens,-,26.7,16.3,45.8,-,39.0,Greece,2016,2016,National and Kapodistrian University of Athens,Greece,297,1,378+,204,235+,-,242,412,324,276,912+,46.16
401-500,National Autonomous University of Mexico,-,42.7,40.2,14.8,63.7,35.9,Mexico,2016,2016,National Autonomous University of Mexico,Mexico,341,1,246,541,235+,-,217,221,436,334,425,45.69
401-500,University of Neuchâtel,-,24.2,14.7,48.2,-,91.4,Switzerland,2016,2016,University of Neuchâtel,Switzerland,775,9,364,594+,235+,-,884,676,818+,695,674,44.45
401-500,University of Nice Sophia Antipolis,-,21.4,16.1,53.7,28.5,79.5,France,2016,2016,University of Nice Sophia Antipolis,France,485,22,283,594+,235+,-,452,265,541,407,611,45.0
401-500,Novosibirsk State University,-,41.4,30.8,26.2,38.2,32.4,Russian Federation,2016,2016,Novosibirsk State University,Russia,959,5,173,594+,235+,-,754,736,664,980,912+,44.26
401-500,University of Palermo,-,15.3,9.1,77.4,28,23.6,Italy,2016,2016,University of Palermo,Italy,531,28,378+,594+,235+,-,460,538,541,463,611,44.86
401-500,University of Parma,-,17.7,16.6,56.4,37.1,36.8,Italy,2016,2016,University of Parma,Italy,454,24,378+,365,235+,-,444,496,324,389,704,45.1
401-500,University of Pisa,-,21.6,18.9,64.5,31.4,31.1,Italy,2016,2016,University of Pisa,Italy,285,8,286,461,235+,-,235,346,200,243,547,46.26
401-500,Polytechnic University of Catalonia,-,25.2,14.8,44.7,40.9,63.9,Spain,2016,2016,Polytechnic University of Catalonia,Spain,474,13,378+,327,235+,-,373,618,380,588,144,45.03
401-500,Pontifical Catholic University of Chile,-,28.2,21.3,37.0,28,52.4,Chile,2016,2016,Pontifical Catholic University of Chile,Chile,381,1,356,131,235+,-,440,320,541,396,471,45.45
401-500,University of Porto,-,32.0,28.2,37.2,38.7,45.4,Portugal,2016,2016,University of Porto,Portugal,331,2,98,318,153,-,258,370,324,342,391,45.8
401-500,University of Portsmouth,-,17.2,10.9,58.2,28.9,79.3,United Kingdom,2016,2016,University of Portsmouth,United Kingdom,559,42,378+,509,235+,-,780,691,240,494,841,44.8
401-500,RMIT University,-,24.7,17.7,44.6,37,82.1,Australia,2016,2016,RMIT University,Australia,869,26,378+,528,235+,-,667,916,818+,846,633,44.34
401-500,Rovira i Virgili University,-,20.8,14.8,66.9,30.9,41.5,Spain,2016,2016,Rovira i Virgili University,Spain,640,21,378+,594+,235+,-,539,557,436,588,576,44.62
401-500,Saint Petersburg State University,-,47.9,31.4,14.5,29.5,33.0,Russian Federation,2016,2016,Saint Petersburg State University,Russia,430,3,50,233,235+,-,613,553,664,750,856,45.19
401-500,University of Salento,-,29.6,13.2,53.0,36.2,24.5,Italy,2016,2016,University of Salento,Italy,763,41,378+,594+,235+,-,688,713,541,695,763,44.46
401-500,University of Saskatchewan,-,30.8,22.4,39.7,62.9,52.9,Canada,2016,2016,University of Saskatchewan,Canada,469,19,350,325,235+,-,343,438,380,470,350,45.04
401-500,Sharif University of Technology,-,26.6,30.1,33.7,87.8,15.9,Iran,2016,2016,Sharif University of Technology,Iran,679,1,124,594+,235+,-,568,963,436,695,912+,44.57
401-500,University of Siena,-,23.7,17.8,45.2,33.2,39.0,Italy,2016,2016,University of Siena,Italy,437,23,378+,508,235+,-,423,381,324,371,491,45.17
401-500,University of Strathclyde,-,25.9,28.0,31.8,44.1,71.0,United Kingdom,2016,2016,University of Strathclyde,United Kingdom,456,36,378+,229,235+,-,394,488,380,507,264,45.08
401-500,University of Tampere,-,23.5,13.7,63.7,40,41.9,Finland,2016,2016,University of Tampere,Finland,431,6,378+,353,235+,-,528,399,664,357,735,45.18
401-500,Tampere University of Technology,-,23.1,17.2,45.5,67.5,54.0,Finland,2016,2016,Tampere University of Technology,Finland,656,8,378+,201,235+,-,817,630,664,776,745,44.6
401-500,Tokyo Medical and Dental University,-,39.3,18.3,36.6,59.5,23.1,Japan,2016,2016,Tokyo Medical and Dental University,Japan,368,15,378+,594+,235+,-,463,314,380,328,194,45.51
401-500,Tokyo Metropolitan University,-,21.6,11.4,72.2,30.9,19.9,Japan,2016,2016,Tokyo Metropolitan University,Japan,529,26,378+,446,235+,-,607,482,324,463,633,44.86
401-500,University of Tsukuba,-,40.0,30.0,33.7,42.9,34.4,Japan,2016,2016,University of Tsukuba,Japan,274,11,211,594+,108,-,245,261,240,253,220,46.4
401-500,University of Ulsan,-,19.5,20.5,54.0,64.7,18.6,South Korea,2016,2016,University of Ulsan,South Korea,470,14,378+,424,235+,-,405,563,664,407,437,45.04
401-500,University of Valencia,-,22.7,16.9,49.6,31.3,40.5,Spain,2016,2016,University of Valencia,Spain,278,4,378+,500,235+,-,219,366,240,233,471,46.35
401-500,University of Waikato,-,19.3,18.2,53.7,30.7,87.0,New Zealand,2016,2016,University of Waikato,New Zealand,935,6,378+,451,235+,-,949,916,664,925,547,44.28
401-500,Western Sydney University,-,20.1,24.6,52.3,30.7,54.0,Australia,2016,2016,Western Sydney University,Australia,848,24,378+,594+,235+,-,600,522,818+,820,704,44.37
401-500,Wuhan University,-,38.2,26.8,18.0,97.8,36.7,China,2016,2016,Wuhan University,China,382,18,378+,235,235+,-,264,549,664,381,633,45.42
401-500,Xiamen University,-,26.7,15.6,47.0,-,25.0,China,2016,2016,Xiamen University,China,318,10,378+,92,235+,-,316,469,664,381,547,45.9
501-600,American University of Beirut,-,27.7,11.2,31.9,-,93.0,Lebanon,2016,2016,American University of Beirut,Lebanon,651,1,127,214,235+,-,843,842,818+,832,912+,44.61
501-600,Amirkabir University of Technology,-,24.5,25.7,34.8,55.7,7.7,Iran,2016,2016,Amirkabir University of Technology,Iran,916,6,378+,594+,235+,-,690,972,664,887,912+,44.3
501-600,Auburn University,-,30.2,19.4,21.0,37.2,27.9,United States,2016,2016,Auburn University,USA,497,159,185,213,235+,-,492,582,380,606,250,44.95
501-600,Blaise Pascal University,-,20.2,2.9,46.9,-,66.6,France,2016,2016,Blaise Pascal University,France,750,36,378+,594+,218,-,710,684,664,686,659,44.48
501-600,University of Burgundy,-,21.4,8.8,46.3,-,50.9,France,2016,2016,University of Burgundy,France,677,28,233,594+,235+,-,516,514,664,636,659,44.57
501-600,Carleton University,-,19.9,24.0,32.0,30.4,61.3,Canada,2016,2016,Carleton University,Canada,591,23,378+,563,235+,-,505,744,380,525,912+,44.72
501-600,University of Catania,-,19.2,15.9,52.9,29.5,25.3,Italy,2016,2016,University of Catania,Italy,501,26,226,594+,235+,-,445,697,380,430,841,44.94
501-600,University of Chile,-,28.3,19.6,30.5,-,44.1,Chile,2016,2016,University of Chile,Chile,440,2,255,176,235+,-,427,349,664,470,502,45.15
501-600,China Agricultural University,-,35.8,24.9,22.6,52.3,17.6,China,2016,2016,China Agricultural University,China,580,35,378+,506,235+,-,404,361,818+,536,592,44.75
501-600,Czech Technical University in Prague,-,20.6,9.3,46.5,28.2,25.0,Czech Republic,2016,2016,Czech Technical University in Prague,Czech Republic,663,3,359,594+,235+,-,667,771,436,588,644,44.6
501-600,East China Normal University,-,24.6,14.7,43.3,42,30.6,China,2016,2016,East China Normal University,China,550,32,378+,256,235+,-,421,616,818+,566,659,44.82
501-600,Federal University of Rio de Janeiro,-,32.4,19.7,18.3,42.9,25.1,Brazil,2016,2016,Federal University of Rio de Janeiro,Brazil,327,2,139,135,235+,-,299,342,436,357,303,45.81
501-600,University of Granada,-,24.3,14.7,45.8,29.4,36.4,Spain,2016,2016,University of Granada,Spain,394,9,378+,594+,235+,-,295,431,268,389,199,45.35
501-600,University of Haifa,-,25.5,29.5,26.2,30.3,34.7,Israel,2016,2016,University of Haifa,Israel,747,7,378+,419,235+,-,552,459,818+,733,523,44.48
501-600,Harbin Institute of Technology,-,29.4,27.3,15.7,99.8,25.6,China,2016,2016,Harbin Institute of Technology,China,384,19,378+,254,235+,-,239,825,380,396,429,45.42
501-600,University of Hertfordshire,-,15.5,9.5,50.5,29.3,78.9,United Kingdom,2016,2016,University of Hertfordshire,United Kingdom,583,43,378+,594+,235+,-,799,420,541,494,790,44.74
501-600,Hiroshima University,-,27.8,18.9,41.7,42.2,22.2,Japan,2016,2016,Hiroshima University,Japan,314,13,378+,594+,235+,-,325,288,541,306,123,45.94
501-600,Huazhong University of Science and Technology,-,29.3,22.7,31.6,71.8,17.3,China,2016,2016,Huazhong University of Science and Technology,China,357,13,378+,206,235+,-,183,586,664,430,356,45.57
501-600,Indian Institute of Technology Kanpur,-,33.1,15.0,31.5,28,16.4,India,2016,2016,Indian Institute of Technology Kanpur,India,767,12,186,531,235+,-,569,902,818+,759,507,44.46
501-600,Indian Institute of Technology Roorkee,-,29.7,17.5,37.2,81.4,13.9,India,2016,2016,Indian Institute of Technology Roorkee,India,597,7,378+,356,235+,-,840,938,324,547,912+,44.7
501-600,Isfahan University of Technology,-,18.1,23.0,39.5,99.5,17.2,Iran,2016,2016,Isfahan University of Technology,Iran,844,4,378+,594+,235+,-,672,895,380,820,912+,44.37
501-600,Istanbul Technical University,-,19.2,25.8,26.5,72.1,22.9,Turkey,2016,2016,Istanbul Technical University,Turkey,700,4,378+,436,235+,-,659,843,541,648,841,44.54
501-600,Jadavpur University,-,32.8,22.2,31.8,33.8,7.7,India,2016,2016,Jadavpur University,India,921,14,378+,538,235+,-,821,995+,541,887,821,44.3
501-600,Kanazawa University,-,24.7,14.8,35.5,30.4,18.4,Japan,2016,2016,Kanazawa University,Japan,452,18,378+,403,235+,-,494,429,541,407,213,45.13
501-600,Kansas State University,-,22.9,17.5,39.3,43.1,41.7,United States,2016,2016,Kansas State University,USA,353,125,142,236,235+,-,387,335,200,352,312,45.6
501-600,Keio University,-,25.0,17.5,28.5,41.4,22.7,Japan,2016,2016,Keio University,Japan,33,3,300,5,235+,-,312,249,380,280,70,60.08
501-600,Kent State University,-,18.4,14.2,53.8,28.5,32.4,United States,2016,2016,Kent State University,USA,568,167,378+,594+,235+,-,622,448,541,489,461,44.79
501-600,King Fahd University of Petroleum and Minerals,-,25.4,16.1,24.4,81.2,84.5,Saudi Arabia,2016,2016,King Fahd University of Petroleum and Minerals,Saudi Arabia,707,3,378+,159,235+,-,939,936,664,989,912+,44.53
501-600,King Saud University,-,20.0,17.5,22.3,57.4,75.5,Saudi Arabia,2016,2016,King Saud University,Saudi Arabia,602,1,378+,186,235+,-,513,478,818+,759,429,44.7
501-600,University of La Laguna,-,16.9,10.0,44.8,28.5,44.7,Spain,2016,2016,University of La Laguna,Spain,569,17,378+,594+,235+,-,511,353,436,494,735,44.78
501-600,University of Limerick,-,19.8,16.3,36.6,34,76.5,Ireland,2016,2016,University of Limerick,Ireland,972,8,378+,503,235+,-,871,877,664,969,447,44.25
501-600,University of Lisbon,-,25.9,18.3,32.4,35.4,46.6,Portugal,2016,2016,University of Lisbon,Portugal,275,1,351,425,222,-,167,324,200,259,625,46.39
501-600,Liverpool John Moores University,-,16.4,11.6,45.9,28.8,62.1,United Kingdom,2016,2016,Liverpool John Moores University,United Kingdom,665,50,378+,594+,235+,-,728,394,541,588,625,44.59
501-600,Mahidol University,-,26.8,15.1,28.3,71.6,44.1,Thailand,2016,2016,Mahidol University,Thailand,522,2,378+,594+,235+,-,457,345,541,452,883,44.88
501-600,Manchester Metropolitan University,-,22.7,10.6,30.8,28.3,57.8,United Kingdom,2016,2016,Manchester Metropolitan University,United Kingdom,871,64,378+,399,235+,-,948,680,664,860,790,44.34
501-600,University of Maribor,-,17.1,11.5,42.1,38.7,33.6,Slovenia,2016,2016,University of Maribor,Slovenia,804,2,378+,594+,235+,-,895,835,541,733,802,44.41
501-600,Masaryk University,-,21.2,22.9,27.8,28.5,48.9,Czech Republic,2016,2016,Masaryk University,Czech Republic,731,4,378+,594+,235+,-,661,532,664,661,690,44.5
501-600,University of the Basque Country,-,18.2,19.6,43.1,30.3,34.9,Spain,2016,2016,University of the Basque Country,Spain,484,14,378+,583,235+,-,314,382,541,481,295,45.0
501-600,Massey University,-,23.1,17.1,31.9,35.8,80.5,New Zealand,2016,2016,Massey University,New Zealand,621,4,378+,478,235+,-,561,528,664,558,719,44.66
501-600,Memorial University of Newfoundland,-,18.1,15.8,35.6,48.3,53.3,Canada,2016,2016,Memorial University of Newfoundland,Canada,599,24,378+,554,235+,-,573,542,436,525,659,44.7
501-600,Middle East Technical University,-,29.9,17.3,28.8,60,26.7,Turkey,2016,2016,Middle East Technical University,Turkey,525,1,378+,158,235+,-,579,859,436,636,912+,44.87
501-600,University of Minho,-,23.9,20.1,35.3,51.6,43.6,Portugal,2016,2016,University of Minho,Portugal,595,6,378+,594+,235+,-,558,666,324,566,326,44.71
501-600,Missouri University of Science and Technology,-,23.5,18.4,28.7,52.8,40.6,United States,2016,2016,Missouri University of Science and Technology,USA,743,197,378+,266,235+,-,763,963,664,807,523,44.49
501-600,Montana State University,-,17.7,21.8,48.0,43,23.5,United States,2016,2016,Montana State University,USA,572,169,378+,512,235+,-,584,331,324,512,471,44.77
501-600,National Central University,-,26.3,23.2,17.5,75.3,27.1,Taiwan,2016,2016,National Central University,Taiwan,549,6,234,594+,235+,-,402,444,436,507,883,44.82
501-600,National Taiwan Normal University,-,26.2,31.3,16.2,81.9,38.1,Taiwan,2016,2016,National Taiwan Normal University,Taiwan,934,16,378+,501,235+,-,730,894,818+,907,912+,44.28
501-600,National Technical University of Athens,-,20.2,15.0,36.2,40.3,31.3,Greece,2016,2016,National Technical University of Athens,Greece,644,5,198,491,235+,-,534,953,436,617,912+,44.61
501-600,New Jersey Institute of Technology,-,18.9,16.6,32.2,32.2,48.5,United States,2016,2016,New Jersey Institute of Technology,USA,684,190,273,448,235+,-,812,663,436,807,185,44.56
501-600,New Mexico State University,-,19.5,19.2,47.2,34.6,30.5,United States,2016,2016,New Mexico State University,USA,577,170,378+,460,235+,-,727,643,436,494,912+,44.76
501-600,University of North Carolina at Greensboro,-,18.2,15.3,43.1,28.9,17.4,United States,2016,2016,University of North Carolina at Greensboro,USA,946,223,378+,594+,235+,-,897,847,818+,907,659,44.27
501-600,Osaka City University,-,26.3,13.4,34.4,40.7,21.3,Japan,2016,2016,Osaka City University,Japan,486,21,118,390,235+,-,522,575,295,481,453,44.99
501-600,University of Oviedo,-,19.5,10.8,41.9,34.1,36.2,Spain,2016,2016,University of Oviedo,Spain,502,15,378+,517,235+,-,443,451,295,441,611,44.94
501-600,Panjab University,-,24.6,8.8,41.0,28.1,14.1,India,2016,2016,Panjab University,India,511,4,346,187,235+,-,741,797,324,536,821,44.92
501-600,Portland State University,-,16.8,14.4,43.3,44.6,31.6,United States,2016,2016,Portland State University,USA,659,186,378+,247,235+,-,796,601,818+,706,547,44.6
501-600,University of Pretoria,-,25.6,21.2,17.5,52.4,46.0,South Africa,2016,2016,University of Pretoria,South Africa,697,5,378+,295,235+,-,597,552,436,733,611,44.54
501-600,Pusan National University,-,27.5,24.7,20.4,66.8,32.9,South Korea,2016,2016,Pusan National University,South Korea,417,9,378+,397,235+,-,353,502,541,430,155,45.24
501-600,University of Regina,-,15.6,15.8,34.2,34.4,47.7,Canada,2016,2016,University of Regina,Canada,814,26,378+,594+,235+,-,861,692,436,759,644,44.4
501-600,Renmin University of China,-,34.7,13.7,30.7,42.5,40.1,China,2016,2016,Renmin University of China,China,418,24,378+,78,235+,-,915,934,818+,846,821,45.24
501-600,University of Rennes 1,-,17.8,10.3,44.7,31.7,53.0,France,2016,2016,University of Rennes 1,France,483,21,378+,594+,235+,-,358,371,541,441,350,45.01
501-600,University of Salamanca,-,26.1,16.9,25.9,31.6,40.8,Spain,2016,2016,University of Salamanca,Spain,590,18,378+,475,235+,-,553,497,380,525,704,44.72
501-600,University of Santiago de Compostela,-,22.9,14.1,46.9,32.3,37.1,Spain,2016,2016,University of Santiago de Compostela,Spain,393,8,378+,470,235+,-,382,574,436,375,164,45.37
501-600,Semmelweis University,-,19.6,10.6,41.5,30.7,81.7,Hungary,2016,2016,Semmelweis University,Hungary,631,2,378+,594+,235+,-,637,464,664,558,719,44.64
501-600,University of Seville,-,21.5,14.9,32.6,36.7,32.0,Spain,2016,2016,University of Seville,Spain,450,10,378+,590,235+,-,338,519,436,547,118,45.13
501-600,Soochow University (Suzhou),-,19.2,13.7,45.8,75.3,16.0,China,2016,2016,Soochow University (Suzhou),China,552,33,378+,594+,235+,-,357,721,818+,512,592,44.82
501-600,South China University of Technology,-,19.5,22.1,28.1,86.8,17.5,China,2016,2016,South China University of Technology,China,416,23,378+,248,235+,-,329,620,380,430,267,45.25
501-600,Tehran University of Medical Sciences,-,51.8,20.0,9.3,30,14.1,Iran,2016,2016,Tehran University of Medical Sciences,Iran,820,3,378+,594+,235+,-,729,867,818+,759,883,44.39
501-600,University of Texas at Arlington,-,20.1,10.1,50.9,33.4,50.3,United States,2016,2016,University of Texas at Arlington,USA,592,175,378+,594+,235+,-,506,546,541,547,384,44.71
501-600,Tianjin University,-,36.5,34.4,12.2,100,14.7,China,2016,2016,Tianjin University,China,334,12,378+,77,235+,-,331,860,436,547,332,45.78
501-600,Tokyo University of Agriculture and Technology,-,34.9,24.1,16.9,39.9,19.4,Japan,2016,2016,Tokyo University of Agriculture and Technology,Japan,551,30,378+,594+,235+,-,666,810,541,673,129,44.82
501-600,University of Toledo,-,31.6,13.4,29.9,32.9,37.7,United States,2016,2016,University of Toledo,USA,586,173,378+,594+,235+,-,621,567,664,617,192,44.73
501-600,Tongji University,-,28.9,29.2,13.1,63.5,37.2,China,2016,2016,Tongji University,China,441,26,181,141,235+,-,322,456,664,588,516,45.15
501-600,United Arab Emirates University,-,18.8,14.8,21.7,30.1,95.0,United Arab Emirates,2016,2016,United Arab Emirates University,United Arab Emirates,937,1,378+,544,235+,-,995,873,818+,902,644,44.28
501-600,University of Warsaw,-,26.1,15.8,42.2,28.5,41.6,Poland,2016,2016,University of Warsaw,Poland,449,2,105,585,150,-,411,434,380,452,719,45.13
501-600,Xi'an Jiaotong University,-,28.7,22.5,25.5,70.4,25.8,China,2016,2016,Xi'an Jiaotong University,China,402,21,378+,126,235+,-,257,526,541,566,338,45.34
501-600,University of Zaragoza,-,20.1,12.7,49.5,36.7,33.5,Spain,2016,2016,University of Zaragoza,Spain,459,11,377,411,235+,-,342,644,541,441,267,45.07
601-800,University of A Coruña,-,18.3,10.0,16.6,38.2,23.4,Spain,2016,2016,University of A Coruña,Spain,992,41,378+,594+,235+,-,826,919,818+,969,745,44.23
601-800,Adam Mickiewicz University in Poznań,-,20.0,11.0,15.3,28.7,25.7,Poland,2016,2016,Adam Mickiewicz University in Poznań,Poland,922,7,151,594+,235+,-,670,852,818+,969,745,44.3
601-800,AGH University of Science and Technology,-,14.2,3.7,35.7,-,17.9,Poland,2016,2016,AGH University of Science and Technology,Poland,819,4,278,299,235+,-,704,868,664,902,558,44.4
601-800,Ajou University,-,19.5,11.9,23.9,45.7,20.0,South Korea,2016,2016,Ajou University,South Korea,535,16,378+,453,235+,-,634,687,664,661,126,44.86
601-800,University of Alcalá,-,17.6,11.2,28.3,43.3,50.0,Spain,2016,2016,University of Alcalá,Spain,817,30,378+,594+,235+,-,726,639,664,759,690,44.4
601-800,Alexandria University,-,20.3,8.2,14.1,29.7,33.7,Egypt,2016,2016,Alexandria University,Egypt,995,4,244,592,235+,-,960,921,818+,980,912+,44.22
601-800,Aristotle University of Thessaloniki,-,22.6,15.0,29.5,33.6,36.6,Greece,2016,2016,Aristotle University of Thessaloniki,Greece,439,2,378+,594+,235+,-,356,698,380,375,763,45.16
601-800,Beijing Institute of Technology,-,25.9,21.7,9.1,87.6,16.9,China,2016,2016,Beijing Institute of Technology,China,675,42,378+,594+,235+,-,499,959,664,627,592,44.57
601-800,University of Belgrade,-,20.4,13.2,14.0,45.6,30.5,Serbia,2016,2016,University of Belgrade,Serbia,605,1,292,594+,235+,-,384,600,324,588,856,44.69
601-800,University of Bradford,-,18.7,15.9,22.7,32.7,79.1,United Kingdom,2016,2016,University of Bradford,United Kingdom,802,59,378+,252,235+,-,892,770,818+,925,523,44.41
601-800,University of Brasília,-,21.9,7.4,10.4,-,24.1,Brazil,2016,2016,University of Brasília,Brazil,913,11,378+,413,235+,-,791,685,664,907,856,44.3
601-800,University of Brighton,-,16.7,10.7,20.1,29.4,62.8,United Kingdom,2016,2016,University of Brighton,United Kingdom,806,60,378+,594+,235+,-,839,833,818+,733,704,44.41
601-800,University of Bucharest,-,34.3,11.5,9.9,29.5,21.3,Romania,2016,2016,University of Bucharest,Romania,977,1,238,594+,235+,-,865,815,664,959,912+,44.25
601-800,Budapest University of Technology and Economics,-,17.1,13.7,21.6,39.7,30.4,Hungary,2016,2016,Budapest University of Technology and Economics,Hungary,850,5,265,594+,235+,-,749,786,664,820,644,44.36
601-800,Cairo University,-,18.9,11.1,11.9,30.3,31.0,Egypt,2016,2016,Cairo University,Egypt,771,1,301,455,181,-,675,700,436,759,912+,44.45
601-800,University of Calcutta,-,34.7,8.7,19.8,29.2,13.1,India,2016,2016,University of Calcutta,India,931,15,150,333,227,-,941,915,818+,999,584,44.29
601-800,Capital Medical University,-,26.3,14.9,16.3,28.8,18.8,China,2016,2016,Capital Medical University,China,703,43,378+,594+,235+,-,489,705,541,661,802,44.53
601-800,University of Central Lancashire,-,15.7,9.4,28.2,28.9,54.1,United Kingdom,2016,2016,University of Central Lancashire,United Kingdom,924,65,378+,515,235+,-,925,671,664,887,763,44.29
601-800,Chang Gung University,-,19.3,24.7,27.6,31.9,15.7,Taiwan,2016,2016,Chang Gung University,Taiwan,571,8,378+,594+,235+,-,340,591,818+,536,883,44.77
601-800,Carlos III University of Madrid,-,23.2,17.4,24.8,34.8,44.7,Spain,2016,2016,Carlos III University of Madrid,Spain,947,37,378+,594+,235+,-,663,943,664,945,471,44.27
601-800,Chiang Mai University,-,17.8,9.4,30.0,32.3,34.9,Thailand,2016,2016,Chiang Mai University,Thailand,808,3,378+,570,235+,-,834,762,436,750,883,44.41
601-800,Chiba University,-,26.9,16.8,24.8,55.3,21.0,Japan,2016,2016,Chiba University,Japan,422,17,378+,594+,235+,-,384,354,436,403,175,45.23
601-800,Chonnam National University,-,17.5,11.7,29.1,31.4,20.4,South Korea,2016,2016,Chonnam National University,South Korea,420,10,378+,593,235+,-,406,580,324,441,135,45.24
601-800,Chulalongkorn University,-,23.8,14.1,16.7,37.8,32.8,Thailand,2016,2016,Chulalongkorn University,Thailand,320,1,378+,56,235+,-,591,710,664,588,912+,45.89
601-800,Chung Yuan Christian University,-,15.9,22.1,17.4,41.9,18.7,Taiwan,2016,2016,Chung Yuan Christian University,Taiwan,900,14,259,309,235+,-,785,972,818+,980,912+,44.31
601-800,Chungnam National University,-,23.2,17.7,13.2,39.9,19.8,South Korea,2016,2016,Chungnam National University,South Korea,669,21,378+,594+,235+,-,480,566,664,648,378,44.59
601-800,Clemson University,-,21.4,19.7,27.0,35.8,34.6,United States,2016,2016,Clemson University,USA,489,154,378+,510,235+,-,446,518,436,430,326,44.98
601-800,Comenius University in Bratislava,-,23.0,10.3,19.6,28,46.9,Slovakia,2016,2016,Comenius University in Bratislava,Slovak Republic,637,1,378+,594+,235+,-,687,623,436,566,856,44.62
601-800,Dalian University of Technology,-,22.6,19.0,23.5,93.3,20.7,China,2016,2016,Dalian University of Technology,China,323,11,378+,107,235+,-,300,648,436,375,264,45.87
601-800,University of Debrecen,-,17.3,11.4,20.9,-,49.0,Hungary,2016,2016,University of Debrecen,Hungary,661,3,378+,594+,235+,-,700,617,436,588,558,44.6
601-800,University of Delhi,-,29.8,10.8,19.1,28.2,15.4,India,2016,2016,University of Delhi,India,419,2,249,80,235+,-,709,777,818+,846,763,45.24
601-800,Ehime University,-,19.2,11.3,17.5,37.8,20.9,Japan,2016,2016,Ehime University,Japan,646,39,378+,537,235+,-,629,599,541,588,447,44.61
601-800,University of Electronic Science and Technology of China,-,20.5,12.9,8.8,28,13.4,China,2016,2016,University of Electronic Science and Technology of China,China,783,48,378+,342,235+,-,507,897,664,820,611,44.44
601-800,Eötvös Loránd University,-,21.3,12.1,30.6,29.3,43.0,Hungary,2016,2016,Eötvös Loránd University,Hungary,488,1,95,594+,117,-,574,452,268,525,802,44.99
601-800,Federal University of Bahia,-,18.2,8.1,14.3,-,19.7,Brazil,2016,2016,Federal University of Bahia,Brazil,962,15,378+,576,235+,-,956,875,818+,925,841,44.26
601-800,Federal University of Minas Gerais,-,27.9,15.4,23.1,30.7,21.6,Brazil,2016,2016,Federal University of Minas Gerais,Brazil,519,4,378+,320,235+,-,417,545,436,566,215,44.89
601-800,Federal University of Paraná,-,24.6,9.6,7.0,-,15.5,Brazil,2016,2016,Federal University of Paraná,Brazil,926,13,378+,482,235+,-,674,831,818+,907,763,44.29
601-800,Federal University of Rio Grande do Sul,-,32.6,13.7,16.8,-,18.9,Brazil,2016,2016,Federal University of Rio Grande do Sul,Brazil,575,5,378+,594+,235+,-,415,547,436,519,821,44.76
601-800,Federal University of Santa Catarina,-,26.0,12.2,14.2,42.9,21.0,Brazil,2016,2016,Federal University of Santa Catarina,Brazil,879,9,378+,594+,235+,-,602,925,818+,860,790,44.33
601-800,Federal University of São Carlos,-,29.0,10.8,11.5,-,16.8,Brazil,2016,2016,Federal University of São Carlos,Brazil,948,14,378+,594+,235+,-,735,910,818+,925,674,44.27
601-800,Feng Chia University,-,14.6,13.7,34.4,33.9,21.1,Taiwan,2016,2016,Feng Chia University,Taiwan,990,20,378+,423,235+,-,940,995+,818+,989,856,44.23
601-800,Florida Institute of Technology,-,20.4,13.5,24.6,33.4,62.4,United States,2016,2016,Florida Institute of Technology,USA,746,200,378+,594+,235+,-,963,745,240,719,912+,44.48
601-800,Fu Jen Catholic University,-,14.4,9.8,18.2,47,19.1,Taiwan,2016,2016,Fu Jen Catholic University,Taiwan,997,21,378+,469,235+,-,994,941,818+,980,883,44.22
601-800,Gifu University,-,25.4,16.9,14.7,32.8,18.5,Japan,2016,2016,Gifu University,Japan,698,42,378+,532,235+,-,731,683,664,673,326,44.54
601-800,Hacettepe University,-,21.0,11.8,19.7,28.2,19.6,Turkey,2016,2016,Hacettepe University,Turkey,668,3,378+,594+,235+,-,657,606,664,588,912+,44.59
601-800,University of Tehran,-,27.3,17.7,15.8,-,16.5,Iran,2016,2016,University of Tehran,Iran,727,2,200,594+,194,-,484,902,818+,719,912+,44.51
601-800,Hunan University,-,18.3,15.0,21.2,46.7,14.8,China,2016,2016,Hunan University,China,527,31,378+,315,235+,-,455,863,541,494,719,44.87
601-800,Inha University,-,20.7,20.0,22.5,64.7,23.5,South Korea,2016,2016,Inha University,South Korea,582,19,378+,351,235+,-,586,787,380,581,295,44.74
601-800,Istanbul University,-,26.0,23.3,10.0,100,20.0,Turkey,2016,2016,Istanbul University,Turkey,652,2,224,429,235+,-,692,534,818+,606,912+,44.61
601-800,Jagiellonian University,-,24.0,14.4,30.7,28,33.5,Poland,2016,2016,Jagiellonian University,Poland,429,1,378+,594+,235+,-,399,465,664,365,391,45.2
601-800,Jilin University,-,28.2,14.4,14.6,42.1,20.3,China,2016,2016,Jilin University,China,367,15,223,322,235+,-,233,454,664,352,644,45.51
601-800,Juntendo University,-,32.3,10.5,24.0,51.1,16.7,Japan,2016,2016,Juntendo University,Japan,473,20,378+,594+,235+,-,654,503,541,381,704,45.03
601-800,Kaohsiung Medical University,-,20.6,22.2,20.5,33.2,19.9,Taiwan,2016,2016,Kaohsiung Medical University,Taiwan,712,10,378+,594+,235+,-,526,866,818+,661,763,44.52
601-800,Kindai University,-,18.5,7.9,30.0,33.2,17.0,Japan,2016,2016,Kindai University,Japan,740,47,378+,594+,235+,-,694,695,436,686,482,44.49
601-800,Kobe University,-,27.8,15.4,24.3,45.1,21.1,Japan,2016,2016,Kobe University,Japan,321,14,97,241,117,-,378,278,295,328,326,45.88
601-800,Konkuk University,-,20.0,19.6,17.0,36,22.6,South Korea,2016,2016,Konkuk University,South Korea,607,20,378+,366,235+,-,529,730,541,648,240,44.69
601-800,Kumamoto University,-,23.4,11.6,28.1,43.1,22.2,Japan,2016,2016,Kumamoto University,Japan,458,19,322,400,235+,-,520,446,541,470,165,45.08
601-800,Kyungpook National University,-,21.1,16.0,18.1,34.9,21.7,South Korea,2016,2016,Kyungpook National University,South Korea,337,8,378+,410,235+,-,366,613,295,403,88,45.71
601-800,University Lille 1: Sciences and Technologies,-,20.0,8.6,32.4,31.8,60.3,France,2016,2016,University Lille 1: Sciences and Technologies,France,524,24,378+,594+,235+,-,376,410,380,489,491,44.88
601-800,University of Ljubljana,-,24.9,13.6,24.0,32.3,34.5,Slovenia,2016,2016,University of Ljubljana,Slovenia,477,1,378+,594+,235+,-,348,405,324,424,584,45.02
601-800,Miami University,-,19.2,15.7,36.1,30.2,24.8,United States,2016,2016,Miami University,USA,410,136,378+,85,235+,-,742,597,541,648,856,45.3
601-800,University of Murcia,-,19.3,11.7,28.0,29.5,28.3,Spain,2016,2016,University of Murcia,Spain,818,31,378+,594+,235+,-,543,729,541,807,536,44.4
601-800,Nagasaki University,-,22.8,10.8,14.3,-,21.9,Japan,2016,2016,Nagasaki University,Japan,508,24,318,220,235+,-,626,679,664,566,227,44.93
601-800,National Chung Cheng University,-,21.3,20.3,15.7,40.8,14.2,Taiwan,2016,2016,National Chung Cheng University,Taiwan,885,13,378+,594+,235+,-,808,995+,664,846,912+,44.32
601-800,National Chung Hsing University,-,20.2,16.8,24.5,42.5,16.9,Taiwan,2016,2016,National Chung Hsing University,Taiwan,540,5,378+,246,235+,-,437,636,436,558,912+,44.84
601-800,National Taiwan Ocean University,-,18.1,21.0,18.2,49.3,20.3,Taiwan,2016,2016,National Taiwan Ocean University,Taiwan,949,17,378+,444,235+,-,820,951,818+,934,912+,44.27
601-800,National University of Córdoba,-,16.0,9.0,12.5,28.6,28.1,Argentina,2016,2016,National University of Córdoba,Argentina,941,3,378+,594+,235+,-,723,733,818+,907,912+,44.28
601-800,Niigata University,-,21.9,10.1,17.5,33,19.3,Japan,2016,2016,Niigata University,Japan,491,22,378+,305,235+,-,564,475,541,494,222,44.97
601-800,Northwestern Polytechnical University,-,23.4,15.4,3.5,28,15.2,China,2016,2016,Northwestern Polytechnical University,China,929,71,378+,334,235+,-,563,949,818+,992,856,44.29
601-800,Oakland University,-,18.1,11.9,21.9,30.3,23.3,United States,2016,2016,Oakland University,USA,930,222,378+,594+,235+,-,898,793,818+,887,883,44.29
601-800,Ocean University of China,-,18.9,10.7,12.9,50.1,15.6,China,2016,2016,Ocean University of China,China,831,57,378+,594+,235+,-,624,752,818+,790,625,44.39
601-800,Ohio University,-,25.0,14.9,24.6,30.1,33.6,United States,2016,2016,Ohio University,USA,468,150,227,178,235+,-,605,509,818+,617,175,45.04
601-800,Okayama University,-,24.3,14.9,25.3,48,20.6,Japan,2016,2016,Okayama University,Japan,279,12,378+,286,235+,-,365,330,324,328,76,46.33
601-800,Osaka Prefecture University,-,21.6,10.2,17.5,41.5,17.6,Japan,2016,2016,Osaka Prefecture University,Japan,688,41,378+,387,235+,-,716,789,818+,719,257,44.56
601-800,University of Patras,-,18.5,12.1,28.8,48.3,30.6,Greece,2016,2016,University of Patras,Greece,650,6,378+,594+,235+,-,529,735,541,588,763,44.61
601-800,University of Pécs,-,19.7,9.0,23.4,28.4,50.8,Hungary,2016,2016,University of Pécs,Hungary,877,6,378+,594+,235+,-,949,827,818+,832,633,44.33
601-800,Polytechnic University of Valencia,-,20.3,12.7,34.3,43.8,32.9,Spain,2016,2016,Polytechnic University of Valencia,Spain,461,12,378+,594+,235+,-,398,520,541,470,173,45.07
601-800,Rio de Janeiro State University,-,21.7,9.1,12.3,30.8,16.8,Brazil,2016,2016,Rio de Janeiro State University,Brazil,742,8,378+,562,235+,-,714,800,436,673,802,44.49
601-800,Rochester Institute of Technology,-,17.4,13.4,25.1,30.4,29.8,United States,2016,2016,Rochester Institute of Technology,USA,699,193,378+,420,235+,-,926,627,324,661,547,44.54
601-800,Saitama University,-,18.6,9.6,23.4,29.6,20.6,Japan,2016,2016,Saitama University,Japan,897,66,170,393,235+,-,983,672,664,959,482,44.31
601-800,University of Science and Technology Beijing,-,25.1,22.4,6.9,89.7,15.6,China,2016,2016,University of Science and Technology Beijing,China,521,30,378+,111,235+,-,542,932,541,820,576,44.88
601-800,Sejong University,-,18.9,12.2,38.7,35.4,25.2,South Korea,2016,2016,Sejong University,South Korea,866,30,378+,594+,235+,-,800,861,818+,832,536,44.34
601-800,University of Seoul,-,22.8,17.5,21.4,28.9,18.7,South Korea,2016,2016,University of Seoul,South Korea,865,29,378+,594+,235+,-,970,881,541,878,356,44.34
601-800,Shanghai University,-,19.1,16.1,14.8,45.7,15.8,China,2016,2016,Shanghai University,China,596,36,378+,571,235+,-,488,928,818+,525,856,44.71
601-800,Shinshu University,-,20.8,8.3,22.0,31.6,20.3,Japan,2016,2016,Shinshu University,Japan,548,29,378+,539,235+,-,608,598,436,494,312,44.82
601-800,Showa University,-,28.5,7.9,7.0,-,14.0,Japan,2016,2016,Showa University,Japan,840,59,378+,594+,235+,-,977,773,818+,776,763,44.37
601-800,Sichuan University,-,25.0,18.4,16.1,90.8,15.7,China,2016,2016,Sichuan University,China,427,25,378+,588,235+,-,241,424,664,407,507,45.2
601-800,Sogang University,-,21.5,24.8,20.5,46.8,27.7,South Korea,2016,2016,Sogang University,South Korea,769,22,378+,497,235+,-,809,808,818+,925,179,44.45
601-800,University of Southern Mississippi,-,21.0,11.8,20.1,39.9,20.8,United States,2016,2016,University of Southern Mississippi,USA,880,215,378+,594+,235+,-,938,832,818+,832,719,44.33
601-800,University of Szeged,-,20.0,10.5,20.5,33.2,46.9,Hungary,2016,2016,University of Szeged,Hungary,708,4,378+,594+,223,-,676,715,818+,648,482,44.53
601-800,Taipei Medical University,-,25.7,21.7,19.0,42.2,26.5,Taiwan,2016,2016,Taipei Medical University,Taiwan,793,12,378+,594+,235+,-,482,884,818+,759,790,44.43
601-800,Technical University of Madrid,-,21.8,14.6,24.5,38.3,39.5,Spain,2016,2016,Technical University of Madrid,Spain,520,16,221,249,235+,-,472,739,541,759,138,44.89
601-800,University of Texas at El Paso,-,18.6,18.7,18.4,-,30.4,United States,2016,2016,University of Texas at El Paso,USA,967,224,378+,466,235+,-,905,853,818+,945,633,44.26
601-800,Texas Tech University,-,27.9,17.2,22.0,-,36.8,United States,2016,2016,Texas Tech University,USA,492,156,378+,205,235+,-,462,554,268,536,592,44.97
601-800,Tokai University,-,17.9,7.6,15.3,34.4,19.3,Japan,2016,2016,Tokai University,Japan,623,35,378+,594+,235+,-,757,656,664,558,403,44.65
601-800,Tokyo University of Science,-,23.0,24.1,21.4,37.6,15.4,Japan,2016,2016,Tokyo University of Science,Japan,509,25,235,594+,235+,-,546,555,436,489,218,44.93
601-800,Tottori University,-,24.3,10.1,9.6,34.5,16.7,Japan,2016,2016,Tottori University,Japan,800,57,378+,352,235+,-,927,738,541,832,403,44.41
601-800,University of Vigo,-,18.4,10.5,31.8,38.1,30.7,Spain,2016,2016,University of Vigo,Spain,692,23,378+,594+,235+,-,589,817,436,636,644,44.55
601-800,Vilnius University,-,18.3,13.6,26.1,41,40.8,Lithuania,2016,2016,Vilnius University,Lithuania,739,1,353,594+,235+,-,784,608,380,673,745,44.49
601-800,Warsaw University of Technology,-,19.4,8.5,40.3,47.4,20.7,Poland,2016,2016,Warsaw University of Technology,Poland,645,3,357,568,235+,-,698,788,268,606,856,44.61
601-800,Waseda University,-,23.6,14.6,29.4,32.4,29.7,Japan,2016,2016,Waseda University,Japan,37,4,302,8,235+,-,422,428,436,371,196,57.97
601-800,Xidian University,-,17.9,12.1,8.9,83.7,12.8,China,2016,2016,Xidian University,China,978,81,378+,566,235+,-,740,978,818+,959,611,44.25
601-800,Yeungnam University,-,18.6,10.9,26.5,35.4,24.3,South Korea,2016,2016,Yeungnam University,South Korea,803,26,378+,349,235+,-,742,987,818+,878,332,44.41
601-800,Yokohama City University,-,24.0,10.2,36.4,37.9,16.1,Japan,2016,2016,Yokohama City University,Japan,541,27,378+,260,235+,-,703,369,664,536,374,44.84
601-800,Yokohama National University,-,20.1,16.0,13.5,40.4,23.3,Japan,2016,2016,Yokohama National University,Japan,574,32,91,223,191,-,941,886,664,846,342,44.77
601-800,Yuan Ze University,-,16.2,18.3,28.6,39.8,17.7,Taiwan,2016,2016,Yuan Ze University,Taiwan,976,18,378+,594+,235+,-,953,987,818+,934,912+,44.25
