the_Rank,the_institution,the_Overall,the_Teaching,the_Reseach,the_Citations,the_Industry Income,the_International Outlook,the_Country,year,cwur_year,cwur_institution,cwur_location,cwur_world_rank,cwur_national_rank,cwur_quality_of_education,cwur_alumni_employment,cwur_quality_of_faculty,cwur_research_performance,cwur_publications,cwur_influence,cwur_citations,cwur_broad_impact,cwur_patents,cwur_score,sha_World Rank,sha_institution,sha_Location,sha_National Rank,sha_Score, sha_Score on Alumni,sha_Score on Award,sha_Score on HiCi,sha_Score on N&S,sha_Score on PUB,sha_Score on PCP,sha_year
1,University of Oxford,94.3,86.7,99.5,99.1,63.7,95.0,United Kingdom,2018.0,2018,University of Oxford,United Kingdom,5,2,9,25,10,9,5,7,4,-,-,93.2,7,University of Oxford,United Kingdom,2,60,50.8,54.2,61.3,52.6,77.1,46.8,2018.0
2,University of Cambridge,93.2,87.8,97.8,97.5,51.5,93.0,United Kingdom,2018.0,2018,University of Cambridge,United Kingdom,4,1,5,19,6,12,8,6,19,-,-,94.0,3,University of Cambridge,United Kingdom,1,71.8,82.3,95.4,56.7,57.6,70.9,59.5,2018.0
3,California Institute of Technology,93.0,90.3,97.5,99.5,92.6,59.7,United States,2018.0,2018,California Institute of Technology,USA,9,7,1,200,7,127,81,13,31,-,-,91.0,9,California Institute of Technology,USA,7,57.4,53.5,67.5,34.5,57.6,45.0,100.0,2018.0
3,Stanford University,93.0,89.1,96.7,99.9,60.5,77.6,United States,2018.0,2018,Stanford University,USA,2,2,10,3,2,10,4,3,2,-,-,96.7,2,Stanford University,USA,2,75.6,44.5,88.5,76.6,78.6,76.5,56.0,2018.0
5,Massachusetts Institute of Technology,92.5,87.3,91.9,100.0,88.4,87.6,United States,2018.0,2018,Massachusetts Institute of Technology,USA,3,3,3,11,3,30,15,2,6,-,-,95.1,4,Massachusetts Institute of Technology,USA,3,69.9,70.9,83.6,52.5,71.4,64.4,70.3,2018.0
6,Harvard University,91.8,84.2,98.4,99.7,46.4,79.7,United States,2018.0,2018,Harvard University,USA,1,1,2,1,1,1,1,1,1,-,-,100.0,1,Harvard University,USA,1,100,100.0,100.0,100.0,100.0,100.0,79.6,2018.0
7,Princeton University,91.1,85.7,93.9,99.6,58.0,78.7,United States,2018.0,2018,Princeton University,USA,7,5,4,15,4,146,99,28,27,-,-,91.9,6,Princeton University,USA,5,61,55.8,97.9,44.9,47.1,44.2,73.3,2018.0
8,Imperial College London,89.2,81.7,88.7,96.7,71.6,96.6,United Kingdom,2018.0,2018,Imperial College London,United Kingdom,30,4,93,103,43,21,18,25,29,-,-,86.5,24,Imperial College London,United Kingdom,4,40.1,14.4,35.4,35.8,31.0,67.7,39.1,2018.0
9,University of Chicago,88.6,85.3,90.1,99.4,39.8,69.6,United States,2018.0,2018,University of Chicago,USA,10,8,13,22,9,39,22,18,10,-,-,90.6,10,University of Chicago,USA,8,55.5,59.2,90.1,35.8,42.5,52.0,44.2,2018.0
10,University of Pennsylvania,87.7,83.7,90.1,98.5,56.9,61.3,United States,2018.0,2018,University of Pennsylvania,USA,13,10,31,9,30,16,11,17,13,-,-,89.7,16,University of Pennsylvania,USA,14,46.4,31.3,33.4,46.9,41.7,69.7,39.7,2018.0
12,Yale University,87.6,86.7,87.0,98.4,45.1,64.6,United States,2018.0,2018,Yale University,USA,11,9,11,34,12,37,19,11,31,-,-,90.3,12,Yale University,USA,10,50.7,47.1,49.7,44.9,53.4,58.7,35.7,2018.0
13,Johns Hopkins University,86.5,76.1,88.1,98.4,95.8,70.6,United States,2018.0,2018,Johns Hopkins University,USA,16,13,24,159,17,8,6,12,3,-,-,88.9,18,Johns Hopkins University,USA,15,45.4,37.3,33.2,37.1,43.4,75.7,28.7,2018.0
14,Columbia University,86.0,82.2,83.3,98.8,41.3,76.6,United States,2018.0,2018,Columbia University,USA,8,6,16,13,8,20,14,10,10,-,-,91.4,8,Columbia University,USA,6,58.2,62.8,67.2,41.8,56.4,71.5,33.7,2018.0
17,Duke University,85.1,80.7,80.6,98.3,100.0,62.5,United States,2018.0,2018,Duke University,USA,24,19,98,46,47,36,20,21,14,-,-,87.3,26,Duke University,USA,19,39.7,15.2,19.0,55.9,35.6,63.9,25.5,2018.0
19,Cornell University,84.2,76.2,86.6,97.6,34.6,69.2,United States,2018.0,2018,Cornell University,USA,14,11,14,28,19,31,24,15,40,-,-,89.4,12,Cornell University,USA,10,50.7,43.1,49.1,46.9,47.3,61.6,43.4,2018.0
20,Northwestern University,83.3,72.6,86.7,96.9,78.2,59.2,United States,2018.0,2018,Northwestern University,USA,23,18,129,18,44,52,28,36,34,-,-,87.5,25,Northwestern University,USA,18,39.9,15.2,27.6,48.8,33.3,62.2,31.7,2018.0
22,National University of Singapore,82.8,77.4,88.2,81.3,61.9,95.8,Singapore,2018.0,2018,National University of Singapore,Singapore,103,1,-,148,-,38,32,94,85,-,-,81.4,85,National University of Singapore,Singapore,1,27.1,0.0,0.0,30.3,22.4,62.1,35.5,2018.0
22,University of Toronto,82.8,74.6,84.8,92.6,46.5,80.1,Canada,2018.0,2018,University of Toronto,Canada,17,1,86,157,23,2,2,16,7,-,-,88.7,23,University of Toronto,Canada,1,40.9,19.7,17.0,35.8,38.9,83.1,31.7,2018.0
24,Carnegie Mellon University,81.9,65.8,83.7,99.7,50.4,79.1,United States,2018.0,2018,Carnegie Mellon University,USA,91,50,34,145,21,318,228,221,129,-,-,81.9,91,Carnegie Mellon University,USA,43,26.8,31.3,31.2,21.4,12.3,35.6,30.1,2018.0
27,University of Edinburgh,79.2,66.8,74.2,97.0,36.3,92.0,United Kingdom,2018.0,2018,University of Edinburgh,United Kingdom,34,5,61,325,36,72,56,31,48,-,-,86.0,32,University of Edinburgh,United Kingdom,5,37.2,27.3,24.6,42.8,30.9,55.9,28.7,2018.0
27,New York University,79.2,73.7,77.4,96.5,37.0,53.4,United States,2018.0,2018,New York University,USA,25,20,64,40,18,70,50,29,35,-,-,87.2,32,New York University,USA,24,37.2,29.6,31.5,25.3,39.5,60.6,20.8,2018.0
27,Peking University,79.2,83.0,85.1,74.2,100.0,53.0,China,2018.0,2018,Peking University,China,92,1,340,67,-,23,38,88,167,-,-,81.9,57,Peking University,China,2,31,11.4,0.0,34.5,29.5,70.7,22.6,2018.0
30,Tsinghua University,79.0,80.2,93.2,71.4,99.8,41.0,China,2018.0,2018,Tsinghua University,China,98,2,586,109,-,22,41,96,108,-,-,81.6,45,Tsinghua University,China,1,34.1,10.2,0.0,37.1,38.4,74.6,24.1,2018.0
32,University of Melbourne,77.5,64.9,74.2,90.3,70.1,92.7,Australia,2018.0,2018,University of Melbourne,Australia,57,1,232,408,180,35,34,54,40,-,-,83.9,38,University of Melbourne,Australia,1,35.7,16.8,13.1,42.8,21.4,72.3,33.6,2018.0
33,Georgia Institute of Technology,77.0,59.7,78.9,94.3,60.2,75.0,United States,2018.0,2018,Georgia Institute of Technology,USA,139,60,282,151,157,144,117,171,222,-,-,80.1,79,Georgia Institute of Technology,USA,38,27.5,12.4,0.0,38.3,24.6,46.6,38.0,2018.0
34,University of British Columbia,76.2,61.8,72.2,93.4,42.6,92.2,Canada,2018.0,2018,University of British Columbia,Canada,38,3,173,699,78,25,27,37,24,-,-,85.5,43,University of British Columbia,Canada,2,34.8,15.2,18.6,34.5,29.6,66.6,26.7,2018.0
36,King's College London,75.6,59.3,71.2,94.4,43.9,94.5,United Kingdom,2018.0,2018,King's College London,United Kingdom,68,8,43,341,110,88,65,79,72,-,-,83.2,56,King's College London,United Kingdom,7,31.4,20.9,20.8,30.3,20.6,57.9,27.5,2018.0
38,Karolinska Institute,75.3,57.0,74.4,95.9,71.4,70.3,Sweden,2018.0,2018,Karolinska Institute,Sweden,49,1,162,> 1000,46,67,53,46,108,-,-,84.5,44,Karolinska Institute,Sweden,1,34.7,25.4,26.3,25.3,24.9,56.6,48.6,2018.0
40,University of Hong Kong,75.1,68.8,77.9,74.2,54.0,99.5,Hong Kong,2018.0,2018,University of Hong Kong,Hong Kong,171,1,432,165,-,136,132,183,114,-,-,79.1,101-150,University of Hong Kong,Hong Kong,1,-,0.0,0.0,33.2,14.4,49.9,29.1,2018.0
42,McGill University,73.2,63.4,70.8,84.7,39.8,87.5,Canada,2018.0,2018,McGill University,Canada,37,2,68,86,65,44,36,53,39,-,-,85.6,70,McGill University,Canada,3,27.9,32.5,0.0,19.2,25.8,62.1,26.8,2018.0
45,Heidelberg University,72.3,63.6,62.2,94.2,56.0,64.7,Germany,2018.0,2018,Heidelberg University,Germany,46,1,71,807,51,63,64,51,53,-,-,84.8,47,Heidelberg University,Germany,1,33.2,19.7,25.0,28.7,27.7,53.6,35.6,2018.0
47,KU Leuven,71.8,54.2,70.9,88.7,99.9,68.3,Belgium,2018.0,2018,KU Leuven,Belgium,107,2,-,429,-,48,47,84,66,-,-,81.2,86,KU Leuven,Belgium,2,27,0.0,0.0,33.2,22.4,60.9,31.2,2018.0
48,Australian National University,71.6,52.7,72.0,85.5,61.1,94.3,Australia,2018.0,2018,Australian National University,Australia,82,4,188,666,37,153,136,101,121,-,-,82.4,69,Australian National University,Australia,4,28,13.4,19.0,23.5,23.9,48.0,31.7,2018.0
49,University of Texas at Austin,71.4,60.9,68.3,95.7,48.2,36.7,United States,2018.0,2018,University of Texas at Austin,USA,31,22,108,62,29,73,58,58,24,-,-,86.3,40,University of Texas at Austin,USA,27,35.6,20.9,16.1,38.3,36.4,58.6,29.2,2018.0
50,Brown University,70.8,63.8,57.9,96.7,34.1,59.0,United States,2018.0,2018,Brown University,USA,58,36,95,50,50,186,125,85,80,-,-,83.8,101-150,Brown University,USA,47-58,-,14.4,19.7,9.6,20.5,46.1,33.0,2018.0
50,Washington University in St. Louis,70.8,60.8,59.7,99.4,36.9,52.1,United States,2018.0,2018,Washington University in St. Louis,USA,36,26,206,161,64,81,46,22,22,-,-,85.8,20,Washington University in St. Louis,USA,16,42.1,22.7,24.6,55.0,42.3,53.8,38.6,2018.0
54,University of Manchester,69.5,56.3,65.3,84.3,44.1,88.7,United Kingdom,2018.0,2018,University of Manchester,United Kingdom,44,6,171,227,63,49,48,65,35,-,-,85.0,34,University of Manchester,United Kingdom,6,37,18.3,32.2,34.5,30.9,60.0,28.9,2018.0
56,University of North Carolina at Chapel Hill,69.0,57.9,61.8,96.7,39.2,41.5,United States,2018.0,2018,University of North Carolina at Chapel Hill,USA,33,24,205,120,72,50,30,33,21,-,-,86.1,30,University of North Carolina at Chapel Hill,USA,22,37.9,8.8,23.4,45.9,30.2,64.7,34.4,2018.0
58,Chinese University of Hong Kong,68.5,57.0,64.4,80.6,56.8,86.6,Hong Kong,2018.0,2018,Chinese University of Hong Kong,Hong Kong,178,2,247,> 1000,141,180,156,304,174,-,-,78.9,151-200,Chinese University of Hong Kong,Hong Kong,2,-,0.0,13.9,13.5,11.6,46.9,26.2,2018.0
59,University of Amsterdam,68.4,51.3,62.6,91.9,49.9,72.2,Netherlands,2018.0,2018,University of Amsterdam,Netherlands,123,5,175,872,298,79,62,82,85,-,-,80.6,101-150,University of Amsterdam,Netherlands,5-8,-,5.1,0.0,25.3,19.6,52.0,28.5,2018.0
61,University of Sydney,67.8,50.2,63.1,85.9,67.9,84.6,Australia,2018.0,2018,University of Sydney,Australia,71,2,231,590,208,27,33,71,46,-,-,83.0,68,University of Sydney,Australia,3,28.1,14.4,0.0,28.7,17.9,69.3,28.7,2018.0
63,Delft University of Technology,67.3,53.4,72.0,68.5,99.8,88.5,Netherlands,2018.0,2018,Delft University of Technology,Netherlands,284,10,566,406,-,224,228,281,363,-,-,76.7,151-200,Delft University of Technology,Netherlands,9,-,11.4,0.0,13.5,18.2,43.2,24.8,2018.0
66,University of Southern California,66.8,49.8,58.4,95.6,37.9,63.0,United States,2018.0,2018,University of Southern California,USA,51,33,215,111,40,121,88,74,66,-,-,84.4,60,University of Southern California,USA,33,30.8,0.0,31.3,31.8,20.4,55.1,24.6,2018.0
67,Leiden University,66.0,44.6,63.2,87.8,78.8,70.5,Netherlands,2018.0,2018,Leiden University,Netherlands,90,2,228,> 1000,118,118,78,81,80,-,-,82.0,74,Leiden University,Netherlands,3,27.7,17.6,9.3,28.7,20.6,51.9,33.0,2018.0
68,Utrecht University,65.8,45.5,63.1,89.9,72.6,59.6,Netherlands,2018.0,2018,Utrecht University,Netherlands,72,1,122,352,137,58,43,56,66,-,-,82.9,51,Utrecht University,Netherlands,1,32.3,22.7,19.7,35.8,26.5,50.1,29.3,2018.0
70,Boston University,65.4,57.1,45.9,97.2,34.0,60.0,United States,2018.0,2018,Boston University,USA,56,35,572,112,106,113,75,52,26,-,-,84.0,70,Boston University,USA,34,27.9,11.4,11.4,30.3,24.3,53.1,23.8,2018.0
72,Erasmus University Rotterdam,65.2,38.9,57.2,96.7,51.7,80.6,Netherlands,2018.0,2018,Erasmus University Rotterdam,Netherlands,106,4,-,90,264,120,84,107,72,-,-,81.3,79,Erasmus University Rotterdam,Netherlands,4,27.5,0.0,14.7,48.8,14.6,36.4,40.2,2018.0
74,Kyoto University,64.9,71.8,78.6,50.9,93.8,28.8,Japan,2018.0,2018,Kyoto University,Japan,26,2,25,29,24,29,45,48,101,-,-,87.0,35,Kyoto University,Japan,2,36.4,31.3,36.7,21.4,31.7,60.8,23.9,2018.0
74,Seoul National University,64.9,69.3,71.2,60.6,79.8,34.1,South Korea,2018.0,2018,Seoul National University,South Korea,60,1,-,20,-,19,39,146,129,-,-,83.7,101-150,Seoul National University,South Korea,1,-,0.0,0.0,16.6,15.9,72.2,24.5,2018.0
76,University of Bristol,64.8,45.7,51.2,94.7,39.3,84.8,United Kingdom,2018.0,2018,University of Bristol,United Kingdom,65,7,186,296,48,126,100,67,85,-,-,83.4,74,University of Bristol,United Kingdom,8,27.7,7.2,16.1,23.5,30.0,48.4,28.6,2018.0
78,McMaster University,63.4,45.6,48.8,89.9,89.8,78.1,Canada,2018.0,2018,McMaster University,Canada,121,6,339,660,202,140,133,124,57,-,-,80.7,86,McMaster University,Canada,4,27,12.4,18.6,34.5,11.3,46.3,30.8,2018.0
79,RWTH Aachen University,63.3,53.4,62.4,72.8,99.7,56.4,Germany,2018.0,2018,RWTH Aachen University,Germany,212,14,655,298,244,181,186,367,129,-,-,78.1,201-300,RWTH Aachen University,Germany,15-20,-,0.0,0.0,13.5,7.1,44.9,23.2,2018.0
80,University of Glasgow,63.2,43.4,48.9,92.6,38.6,90.4,United Kingdom,2018.0,2018,University of Glasgow,United Kingdom,158,12,284,264,-,165,128,103,114,-,-,79.5,151-200,University of Glasgow,United Kingdom,17-21,-,7.2,0.0,21.4,19.2,44.2,23.5,2018.0
80,Monash University,63.2,47.4,55.4,80.9,71.5,83.8,Australia,2018.0,2018,Monash University,Australia,124,6,455,405,-,56,59,100,101,-,-,80.6,91,Monash University,Australia,5,26.8,0.0,0.0,28.7,23.1,64.6,29.7,2018.0
82,University of Freiburg,62.9,47.1,54.3,83.1,100.0,67.2,Germany,2018.0,2018,University of Freiburg,Germany,165,11,217,209,286,187,160,128,129,-,-,79.3,101-150,University of Freiburg,Germany,5-7,-,22.1,18.6,16.6,16.0,38.5,25.0,2018.0
83,University of Groningen,62.8,40.7,54.8,89.0,77.2,74.4,Netherlands,2018.0,2018,University of Groningen,Netherlands,100,3,363,482,131,97,73,104,93,-,-,81.5,66,University of Groningen,Netherlands,2,29,13.4,25.2,19.2,18.4,55.9,33.7,2018.0
83,Michigan State University,62.8,55.1,53.3,82.6,35.7,61.2,United States,2018.0,2018,Michigan State University,USA,144,63,209,281,-,110,106,145,65,-,-,79.9,101-150,Michigan State University,USA,47-58,-,8.8,0.0,21.4,22.0,54.8,19.3,2018.0
86,Rice University,62.2,45.1,41.9,98.7,42.4,72.7,United States,2018.0,2018,Rice University,USA,129,57,67,93,77,407,283,163,108,-,-,80.4,70,Rice University,USA,34,27.9,16.1,21.4,35.8,19.7,32.4,38.6,2018.0
86,Uppsala University,62.2,42.9,56.1,84.6,79.5,68.8,Sweden,2018.0,2018,Uppsala University,Sweden,86,2,102,548,84,107,107,66,114,-,-,82.2,63,Uppsala University,Sweden,2,29.5,17.6,27.1,16.6,23.9,53.5,29.5,2018.0
89,Dartmouth College,62.0,58.5,41.9,93.4,37.9,39.1,United States,2018.0,2018,Dartmouth College,USA,122,55,48,17,232,372,258,185,240,-,-,80.6,201-300,Dartmouth College,USA,70-95,-,17.6,0.0,16.6,13.4,26.7,22.2,2018.0
90,University of Helsinki,61.7,45.7,56.6,86.9,35.5,53.3,Finland,2018.0,2018,University of Helsinki,Finland,93,1,109,> 1000,135,82,83,77,108,-,-,81.8,57,University of Helsinki,Finland,1,31,18.3,20.8,28.7,21.7,54.6,34.2,2018.0
91,University of Warwick,61.6,46.6,52.0,80.4,41.0,91.9,United Kingdom,2018.0,2018,University of Warwick,United Kingdom,163,14,221,239,164,233,184,204,151,-,-,79.3,101-150,University of Warwick,United Kingdom,9-16,-,13.4,29.4,9.6,16.6,43.8,26.8,2018.0
92,Technical University of Berlin,61.5,49.0,58.0,74.2,97.8,62.4,Germany,2018.0,2018,Technical University of Berlin,Germany,410,32,184,479,-,398,372,492,363,-,-,74.8,301-400,Technical University of Berlin,Germany,21-28,-,16.1,0.0,13.5,9.0,31.5,18.2,2018.0
93,Lund University,61.3,40.8,52.6,85.9,70.9,76.1,Sweden,2018.0,2018,Lund University,Sweden,95,3,294,753,122,90,90,121,76,-,-,81.7,101-150,Lund University,Sweden,4-5,-,20.9,0.0,16.6,19.1,53.5,23.6,2018.0
95,University of Basel,60.9,39.8,39.9,91.0,99.9,95.9,Switzerland,2018.0,2018,University of Basel,Switzerland,99,4,142,393,54,218,162,89,139,-,-,81.6,96,University of Basel,Switzerland,5,25.9,23.3,16.1,13.5,27.1,40.5,36.3,2018.0
97,Durham University,60.8,44.8,47.9,84.6,36.8,89.0,United Kingdom,2018.0,2018,Durham University,United Kingdom,192,20,141,327,89,327,255,236,240,-,-,78.6,201-300,Durham University,United Kingdom,22-28,-,0.0,0.0,23.5,15.6,36.2,23.4,2018.0
98,Emory University,60.7,47.1,40.4,98.1,42.3,53.3,United States,2018.0,2018,Emory University,USA,80,47,-,197,164,101,66,55,63,-,-,82.5,101-150,Emory University,USA,47-58,-,0.0,0.0,19.2,25.3,54.8,21.8,2018.0
100,University of Bonn,60.5,47.3,41.6,91.3,83.5,58.4,Germany,2018.0,2018,University of Bonn,Germany,115,6,123,494,105,167,158,123,101,-,-,80.9,101-150,University of Bonn,Germany,5-7,-,15.2,19.5,21.4,19.2,40.4,26.6,2018.0
103,Maastricht University,60.4,40.2,49.7,79.9,87.6,96.7,Netherlands,2018.0,2018,Maastricht University,Netherlands,249,9,-,> 1000,-,223,169,293,187,-,-,77.3,201-300,Maastricht University,Netherlands,10,-,0.0,0.0,13.5,4.7,44.3,26.5,2018.0
105,University of Bern,60.0,42.7,43.6,85.4,81.0,85.7,Switzerland,2018.0,2018,University of Bern,Switzerland,108,6,183,> 1000,102,160,144,105,85,-,-,81.2,101-150,University of Bern,Switzerland,6-7,-,12.4,0.0,28.7,23.7,45.0,33.5,2018.0
105,Vanderbilt University,60.0,47.7,41.4,96.9,52.8,38.9,United States,2018.0,2018,Vanderbilt University,USA,64,40,148,91,140,95,63,57,45,-,-,83.4,50,Vanderbilt University,USA,31,32.8,15.2,28.6,30.3,23.0,53.4,35.3,2018.0
107,Ghent University,59.8,44.4,56.2,77.6,84.3,56.8,Belgium,2018.0,2018,Ghent University,Belgium,104,1,311,685,190,55,68,136,101,-,-,81.3,61,Ghent University,Belgium,1,30.7,5.1,13.1,39.5,17.5,59.1,36.7,2018.0
108,University of Montreal,59.6,44.5,48.9,79.0,65.3,83.2,Canada,2018.0,2018,University of Montreal,Canada,110,5,486,455,205,86,91,93,139,-,-,81.1,101-150,University of Montreal,Canada,5-6,-,11.4,0.0,19.2,16.2,52.9,23.9,2018.0
109,Aarhus University,59.4,37.3,53.6,82.7,67.6,75.3,Denmark,2018.0,2018,Aarhus University,Denmark,88,2,589,379,114,83,79,78,121,-,-,82.1,65,Aarhus University,Denmark,2,29.2,11.4,21.8,19.2,23.3,56.6,33.4,2018.0
109,University of Copenhagen,59.4,44.0,39.7,90.6,44.6,79.3,Denmark,2018.0,2018,University of Copenhagen,Denmark,39,1,302,364,79,26,29,26,38,-,-,85.4,29,University of Copenhagen,Denmark,1,38.7,21.5,18.6,33.2,37.6,67.8,42.9,2018.0
111,University of Western Australia,59.3,33.5,46.1,90.6,54.5,91.9,Australia,2018.0,2018,University of Western Australia,Australia,145,7,273,663,253,123,123,141,121,-,-,79.9,93,University of Western Australia,Australia,6,26.5,13.4,13.9,25.3,15.7,51.1,33.5,2018.0
115,École Polytechnique,59.1,54.4,38.2,75.1,70.8,93.4,France,2018.0,2018,École Polytechnique,France,116,5,85,5,240,488,396,348,254,-,-,80.9,401-500,École Polytechnique,France,18-19,-,21.5,0.0,0.0,8.7,25.3,21.9,2018.0
116,Fudan University,58.9,59.5,57.5,65.1,53.0,38.7,China,2018.0,2018,Fudan University,China,170,5,-,210,-,54,94,188,275,-,-,79.1,101-150,Fudan University,China,4-7,-,0.0,0.0,23.5,15.0,64.6,20.8,2018.0
119,University of Alberta,58.6,47.2,51.2,70.5,63.4,84.8,Canada,2018.0,2018,University of Alberta,Canada,96,4,281,371,192,62,69,117,80,-,-,81.7,101-150,University of Alberta,Canada,5-6,-,11.4,0.0,16.6,17.4,57.7,23.9,2018.0
119,City University of Hong Kong,58.6,40.8,48.6,79.4,65.9,84.4,Hong Kong,2018.0,2018,City University of Hong Kong,Hong Kong,358,5,-,> 1000,-,262,239,798,327,-,-,75.5,201-300,City University of Hong Kong,Hong Kong,3-5,-,0.0,0.0,25.3,6.1,41.2,27.1,2018.0
121,Queen Mary University of London,58.5,32.8,38.2,96.7,39.1,95.5,United Kingdom,2018.0,2018,Queen Mary University of London,United Kingdom,187,18,241,907,198,276,223,156,200,-,-,78.7,151-200,Queen Mary University of London,United Kingdom,17-21,-,17.6,0.0,19.2,17.4,39.3,24.0,2018.0
122,Radboud University Nijmegen,58.4,33.9,50.4,89.4,44.8,68.8,Netherlands,2018.0,2018,Radboud University Nijmegen,Netherlands,130,7,172,533,-,114,80,99,59,-,-,80.4,101-150,Radboud University Nijmegen,Netherlands,5-8,-,16.1,0.0,19.2,20.2,52.8,36.2,2018.0
123,Georgetown University,58.3,51.8,37.2,87.5,66.3,49.6,United States,2018.0,2018,Georgetown University,USA,289,102,277,59,-,427,331,319,275,-,-,76.6,201-300,Georgetown University,USA,70-95,-,0.0,0.0,27.1,6.0,33.0,23.8,2018.0
126,Arizona State University,58.1,41.5,48.3,87.1,35.7,55.2,United States,2018.0,2018,Arizona State University,USA,114,54,-,796,111,155,139,113,114,-,-,80.9,101-150,Arizona State University,USA,47-58,-,0.0,19.7,16.6,21.9,47.1,22.9,2018.0
126,University of Southampton,58.1,37.9,43.7,86.0,38.5,92.0,United Kingdom,2018.0,2018,University of Southampton,United Kingdom,137,11,603,285,243,134,114,119,151,-,-,80.1,101-150,University of Southampton,United Kingdom,9-16,-,0.0,0.0,27.1,22.5,49.4,25.9,2018.0
130,University of Exeter,57.8,34.5,39.3,93.7,34.6,88.8,United Kingdom,2018.0,2018,University of Exeter,United Kingdom,281,28,506,684,-,331,270,168,327,-,-,76.7,151-200,University of Exeter,United Kingdom,17-21,-,0.0,0.0,30.3,18.7,39.1,26.9,2018.0
130,University of Geneva,57.8,35.8,43.6,82.9,68.7,98.2,Switzerland,2018.0,2018,University of Geneva,Switzerland,55,2,35,381,31,147,130,87,72,-,-,84.0,59,University of Geneva,Switzerland,3,30.9,29.6,27.9,25.3,27.0,40.1,32.6,2018.0
132,University of Science and Technology of China,57.7,52.7,49.1,76.9,81.7,27.9,China,2018.0,2018,University of Science and Technology of China,China,209,9,-,347,-,102,112,248,254,-,-,78.2,101-150,University of Science and Technology of China,China,4-7,-,0.0,0.0,21.4,20.4,60.6,26.2,2018.0
133,Karlsruhe Institute of Technology,57.6,44.6,47.7,75.7,97.9,62.9,Germany,2018.0,2018,Karlsruhe Institute of Technology,Germany,232,18,652,334,244,211,209,326,275,-,-,77.7,201-300,Karlsruhe Institute of Technology,Germany,15-20,-,0.0,0.0,16.6,14.4,38.0,21.5,2018.0
134,University of Adelaide,57.5,35.9,43.1,85.3,67.3,86.6,Australia,2018.0,2018,University of Adelaide,Australia,229,8,444,845,-,197,199,194,187,-,-,77.7,101-150,University of Adelaide,Australia,7-8,-,14.4,0.0,25.3,15.5,46.4,30.4,2018.0
134,Stockholm University,57.5,33.1,48.4,89.1,34.5,72.7,Sweden,2018.0,2018,Stockholm University,Sweden,159,5,243,276,263,247,200,110,93,-,-,79.4,77,Stockholm University,Sweden,3,27.6,23.8,27.1,16.6,22.1,43.8,27.4,2018.0
136,University of Zurich,57.4,42.0,36.0,87.0,43.2,90.8,Switzerland,2018.0,2018,University of Zurich,Switzerland,69,3,267,771,108,80,70,49,51,-,-,83.1,54,University of Zurich,Switzerland,2,32,5.1,23.7,30.3,29.4,54.0,33.8,2018.0
137,Pohang University of Science and Technology,57.3,47.9,49.8,76.4,99.8,34.3,South Korea,2018.0,2018,Pohang University of Science and Technology,South Korea,348,8,-,> 1000,-,363,315,352,304,-,-,75.7,401-500,Pohang University of Science and Technology,South Korea,9-10,-,0.0,0.0,0.0,14.5,30.1,30.5,2018.0
137,University of York,57.3,40.5,44.9,81.6,34.1,85.3,United Kingdom,2018.0,2018,University of York,United Kingdom,279,27,-,> 1000,-,362,284,208,174,-,-,76.8,301-400,University of York,United Kingdom,29-34,-,0.0,0.0,9.6,12.9,35.2,20.8,2018.0
139,University of Leeds,57.1,42.2,46.7,77.8,38.8,82.1,United Kingdom,2018.0,2018,University of Leeds,United Kingdom,164,15,104,291,-,150,137,127,139,-,-,79.3,101-150,University of Leeds,United Kingdom,9-16,-,16.8,0.0,27.1,19.5,46.8,22.8,2018.0
140,Pompeu Fabra University,56.9,34.7,38.9,97.1,40.0,62.3,Spain,2018.0,2018,Pompeu Fabra University,Spain,356,7,-,> 1000,-,559,402,155,405,-,-,75.5,201-300,Pompeu Fabra University,Spain,2-4,-,0.0,0.0,13.5,20.1,28.5,39.4,2018.0
141,University of Birmingham,56.8,36.5,38.3,89.7,37.2,86.3,United Kingdom,2018.0,2018,University of Birmingham,United Kingdom,169,16,164,355,292,129,119,142,187,-,-,79.2,101-150,University of Birmingham,United Kingdom,9-16,-,18.3,9.3,19.2,14.7,47.8,22.9,2018.0
141,Eindhoven University of Technology,56.8,41.3,49.0,72.3,100.0,73.9,Netherlands,2018.0,2018,Eindhoven University of Technology,Netherlands,379,11,-,759,259,377,335,526,541,-,-,75.2,301-400,Eindhoven University of Technology,Netherlands,11,-,0.0,0.0,13.5,8.7,31.8,23.0,2018.0
143,University of Florida,56.6,52.8,51.2,68.4,80.7,37.9,United States,2018.0,2018,University of Florida,USA,62,38,472,485,113,40,44,90,43,-,-,83.6,86,University of Florida,USA,41,27,16.8,0.0,28.7,18.9,63.6,24.8,2018.0
143,University of St Andrews,56.6,42.9,42.5,76.6,33.6,95.5,United Kingdom,2018.0,2018,University of St Andrews,United Kingdom,332,31,279,811,-,437,318,197,405,-,-,75.9,301-400,University of St Andrews,United Kingdom,29-34,-,10.2,0.0,0.0,17.8,31.4,23.2,2018.0
145,University of Cologne,56.4,39.8,42.7,84.8,76.8,57.1,Germany,2018.0,2018,University of Cologne,Germany,213,15,-,287,285,221,206,147,222,-,-,78.1,151-200,University of Cologne,Germany,8-14,-,0.0,11.4,9.6,20.0,39.7,22.9,2018.0
146,University of Oslo,56.3,36.0,42.8,86.8,41.9,73.4,Norway,2018.0,2018,University of Oslo,Norway,75,1,97,633,52,99,102,112,93,-,-,82.8,62,University of Oslo,Norway,1,29.8,27.8,32.2,13.5,17.2,54.9,28.6,2018.0
147,Autonomous University of Barcelona,56.2,43.3,36.1,89.5,42.1,60.1,Spain,2018.0,2018,Autonomous University of Barcelona,Spain,152,2,-,> 1000,153,131,135,206,187,-,-,79.6,301-400,Autonomous University of Barcelona,Spain,5-7,-,0.0,0.0,0.0,11.2,47.8,22.7,2018.0
147,University of Nottingham,56.2,40.5,41.9,80.5,38.5,84.4,United Kingdom,2018.0,2018,University of Nottingham,United Kingdom,118,9,317,375,98,138,121,179,114,-,-,80.8,101-150,University of Nottingham,United Kingdom,9-16,-,11.4,19.7,21.4,13.4,48.8,22.2,2018.0
147,University of Sussex,56.2,34.1,38.1,89.5,33.3,91.5,United Kingdom,2018.0,2018,University of Sussex,United Kingdom,211,21,219,387,73,482,365,269,163,-,-,78.1,201-300,University of Sussex,United Kingdom,22-28,-,0.0,22.1,9.6,13.2,30.6,23.8,2018.0
150,Lancaster University,55.9,37.0,40.5,83.2,33.7,91.1,United Kingdom,2018.0,2018,Lancaster University,United Kingdom,386,32,-,565,-,456,388,424,254,-,-,75.1,301-400,Lancaster University,United Kingdom,29-34,-,0.0,0.0,13.5,10.1,33.6,20.2,2018.0
150,University of Notre Dame,55.9,49.8,37.9,83.0,35.3,50.7,United States,2018.0,2018,University of Notre Dame,USA,160,67,397,30,103,379,274,286,327,-,-,79.4,201-300,University of Notre Dame,USA,70-95,-,12.4,0.0,16.6,14.5,32.8,20.8,2018.0
152,University of Lausanne,55.7,30.4,47.4,78.5,78.4,90.8,Switzerland,2018.0,2018,University of Lausanne,Switzerland,146,7,144,791,104,286,215,120,151,-,-,79.8,101-150,University of Lausanne,Switzerland,6-7,-,12.4,17.0,16.6,22.5,34.9,24.0,2018.0
153,University of Rochester,55.6,41.7,34.2,90.2,39.5,63.7,United States,2018.0,2018,University of Rochester,USA,105,52,73,74,139,220,148,139,66,-,-,81.3,151-200,University of Rochester,USA,59-69,-,27.8,7.6,13.5,17.5,39.9,17.9,2018.0
153,Technical University of Denmark,55.6,35.9,39.5,81.6,63.8,91.6,Denmark,2018.0,2018,Technical University of Denmark,Denmark,215,3,640,830,287,216,203,196,93,-,-,78.0,151-200,Technical University of Denmark,Denmark,3,-,5.1,11.4,16.6,16.8,42.7,24.6,2018.0
158,Case Western Reserve University,55.2,44.4,34.9,90.1,36.7,46.1,United States,2018.0,2018,Case Western Reserve University,USA,142,61,60,259,280,183,140,109,76,-,-,80.0,101-150,Case Western Reserve University,USA,47-58,-,32.5,10.7,19.2,15.8,40.5,24.7,2018.0
159,University of Leicester,55.0,32.2,34.5,91.4,35.2,89.9,United Kingdom,2018.0,2018,University of Leicester,United Kingdom,266,24,-,> 1000,-,345,280,131,275,-,-,77.0,201-300,University of Leicester,United Kingdom,22-28,-,0.0,0.0,13.5,16.8,32.1,20.8,2018.0
161,University of Arizona,54.9,44.3,38.7,85.4,46.1,43.3,United States,2018.0,2018,University of Arizona,USA,52,34,166,164,53,111,96,43,48,-,-,84.3,101-150,University of Arizona,USA,47-58,-,14.4,0.0,23.5,27.2,50.3,23.5,2018.0
162,Cardiff University,54.8,35.8,39.3,84.5,35.5,80.6,United Kingdom,2018.0,2018,Cardiff University,United Kingdom,131,10,338,483,95,212,182,148,121,-,-,80.3,101-150,Cardiff University,United Kingdom,9-16,-,0.0,16.1,23.5,18.0,43.7,25.3,2018.0
165,University of Vienna,54.7,42.6,47.6,66.0,33.2,93.4,Austria,2018.0,2018,University of Vienna,Austria,172,1,443,489,138,249,247,159,174,-,-,79.1,151-200,University of Vienna,Austria,1,-,13.4,0.0,21.4,19.1,38.1,26.9,2018.0
168,University of Alabama at Birmingham,54.6,39.7,32.8,95.1,67.6,34.6,United States,2018.0,2018,University of Alabama at Birmingham,USA,191,74,-,> 1000,-,198,152,126,139,-,-,78.6,201-300,University of Alabama at Birmingham,USA,70-95,-,0.0,0.0,16.6,9.2,43.4,15.9,2018.0
169,Nanjing University,54.5,49.6,47.0,64.9,77.8,54.4,China,2018.0,2018,Nanjing University,China,200,7,479,563,-,78,109,317,163,-,-,78.4,151-200,Nanjing University,China,8-12,-,0.0,0.0,13.5,11.5,59.4,20.2,2018.0
169,Tufts University,54.5,44.1,33.4,88.1,36.7,52.7,United States,2018.0,2018,Tufts University,USA,154,66,100,64,229,272,212,178,151,-,-,79.6,151-200,Tufts University,USA,59-69,-,18.3,16.1,16.6,12.5,35.6,25.1,2018.0
171,University of Cape Town,54.4,30.5,36.2,87.0,88.5,81.1,South Africa,2018.0,2018,University of Cape Town,South Africa,223,1,216,294,187,293,299,190,254,-,-,77.9,301-400,University of Cape Town,South Africa,2,-,18.3,0.0,0.0,11.8,39.7,21.2,2018.0
175,Université libre de Bruxelles,54.0,32.4,42.2,80.4,48.4,83.2,Belgium,2018.0,2018,Université libre de Bruxelles,Belgium,176,4,358,258,81,290,264,228,200,-,-,79.0,151-200,Université libre de Bruxelles,Belgium,3-4,-,19.7,26.3,0.0,14.6,34.6,32.0,2018.0
175,Newcastle University,54.0,33.4,40.8,80.6,41.6,86.7,United Kingdom,2018.0,2018,Newcastle University,United Kingdom,188,19,-,498,261,236,188,140,174,-,-,78.7,201-300,Newcastle University,United Kingdom,22-28,-,0.0,0.0,13.5,17.0,42.2,20.9,2018.0
177,University of Liverpool,53.9,32.7,34.7,86.8,37.1,89.9,United Kingdom,2018.0,2018,University of Liverpool,United Kingdom,179,17,382,436,294,189,155,135,139,-,-,78.9,101-150,University of Liverpool,United Kingdom,9-16,-,16.8,13.1,16.6,20.7,46.3,25.7,2018.0
177,Zhejiang University,53.9,57.0,63.7,45.1,89.4,25.2,China,2018.0,2018,Zhejiang University,China,157,4,-,568,-,15,49,244,304,-,-,79.5,67,Zhejiang University,China,3,28.3,0.0,0.0,35.8,17.6,74.5,21.8,2018.0
182,Hong Kong Polytechnic University,53.6,39.1,48.1,67.7,45.8,79.9,Hong Kong,2018.0,2018,Hong Kong Polytechnic University,Hong Kong,342,4,-,301,-,238,243,877,304,-,-,75.7,201-300,Hong Kong Polytechnic University,Hong Kong,3-5,-,0.0,0.0,23.5,3.9,44.8,26.9,2018.0
185,University of Aberdeen,53.3,30.3,33.6,87.1,41.9,93.3,United Kingdom,2018.0,2018,University of Aberdeen,United Kingdom,243,22,587,649,219,348,293,210,254,-,-,77.4,201-300,University of Aberdeen,United Kingdom,22-28,-,0.0,13.1,13.5,11.1,31.6,22.7,2018.0
186,University of Miami,53.1,42.5,24.4,90.3,37.2,67.1,United States,2018.0,2018,University of Miami,USA,197,78,-,286,-,204,174,137,129,-,-,78.4,201-300,University of Miami,USA,70-95,-,0.0,0.0,16.6,13.6,42.0,20.7,2018.0
187,University of Dundee,52.9,26.3,32.0,94.5,43.4,79.8,United Kingdom,2018.0,2018,University of Dundee,United Kingdom,320,30,318,> 1000,-,536,391,192,174,-,-,76.1,301-400,University of Dundee,United Kingdom,29-34,-,0.0,0.0,16.6,14.7,24.4,25.0,2018.0
188,University of East Anglia,52.8,29.9,31.6,90.5,32.2,85.6,United Kingdom,2018.0,2018,University of East Anglia,United Kingdom,272,25,227,> 1000,227,471,353,224,187,-,-,76.9,201-300,University of East Anglia,United Kingdom,22-28,-,19.0,0.0,13.5,16.4,30.5,24.9,2018.0
188,Shanghai Jiao Tong University,52.8,53.5,62.5,44.1,88.9,33.4,China,2018.0,2018,Shanghai Jiao Tong University,China,136,3,619,236,-,17,52,203,167,-,-,80.2,101-150,Shanghai Jiao Tong University,China,4-7,-,0.0,0.0,16.6,13.0,79.4,23.6,2018.0
190,Aalto University,52.7,37.8,35.8,79.5,52.5,72.5,Finland,2018.0,2018,Aalto University,Finland,355,3,-,238,-,340,319,398,363,-,-,75.6,301-400,Aalto University,Finland,2-3,-,0.0,0.0,9.6,11.0,34.6,18.4,2018.0
192,University of Auckland,52.5,32.5,40.7,73.8,67.3,90.6,New Zealand,2018.0,2018,University of Auckland,New Zealand,236,1,481,468,-,235,236,250,121,-,-,77.6,201-300,University of Auckland,New Zealand,1,-,13.4,0.0,16.6,9.0,45.0,20.4,2018.0
198,University of Gothenburg,51.7,26.7,39.2,87.5,38.9,62.5,Sweden,2018.0,2018,University of Gothenburg,Sweden,166,6,501,427,141,208,189,175,187,-,-,79.2,101-150,University of Gothenburg,Sweden,4-5,-,0.0,15.2,19.2,13.7,45.9,21.9,2018.0
201–250,Aalborg University,48.3–51.6,28.2,36.2,84.2,46.5,70.7,Denmark,2018.0,2018,Aalborg University,Denmark,453,5,-,813,-,486,463,470,327,-,-,74.3,201-300,Aalborg University,Denmark,4,-,0.0,0.0,25.3,6.8,36.0,21.8,2018.0
201–250,University of Antwerp,48.3–51.6,34.6,40.1,73.3,75.9,66.3,Belgium,2018.0,2018,University of Antwerp,Belgium,292,6,-,714,-,287,262,329,200,-,-,76.5,201-300,University of Antwerp,Belgium,5-6,-,0.0,0.0,13.5,9.1,38.6,28.4,2018.0
201–250,University of Barcelona,48.3–51.6,32.4,32.5,83.2,34.0,50.6,Spain,2018.0,2018,University of Barcelona,Spain,87,1,386,472,181,47,54,91,72,-,-,82.1,151-200,University of Barcelona,Spain,1,-,0.0,0.0,27.1,12.5,53.3,23.2,2018.0
201–250,University of Bergen,48.3–51.6,29.2,30.6,90.0,35.2,75.3,Norway,2018.0,2018,University of Bergen,Norway,252,2,-,> 1000,-,264,241,181,222,-,-,77.3,201-300,University of Bergen,Norway,3,-,0.0,0.0,9.6,14.7,39.1,21.3,2018.0
201–250,University of Bologna,48.3–51.6,43.6,30.1,80.0,39.1,47.4,Italy,2018.0,2018,University of Bologna,Italy,201,5,645,709,-,116,127,260,129,-,-,78.4,201-300,University of Bologna,Italy,2-8,-,0.0,0.0,19.2,8.2,50.0,19.7,2018.0
201–250,Brandeis University,48.3–51.6,28.9,24.3,99.7,33.7,49.8,United States,2018.0,2018,Brandeis University,USA,250,90,20,251,66,948,636,217,405,-,-,77.3,201-300,Brandeis University,USA,70-95,-,19.0,12.0,9.6,16.4,18.7,27.8,2018.0
201–250,University of Calgary,48.3–51.6,34.6,35.8,77.2,53.5,73.6,Canada,2018.0,2018,University of Calgary,Canada,196,7,-,213,-,141,142,153,240,-,-,78.5,151-200,University of Calgary,Canada,7-9,-,0.0,0.0,19.2,14.5,48.3,20.8,2018.0
201–250,Chalmers University of Technology,48.3–51.6,35.1,39.6,62.3,70.2,78.3,Sweden,2018.0,2018,Chalmers University of Technology,Sweden,464,10,657,419,-,408,380,467,673,-,-,74.2,201-300,Chalmers University of Technology,Sweden,6-8,-,0.0,0.0,16.6,11.8,32.0,24.2,2018.0
201–250,University of Cincinnati,48.3–51.6,36.9,30.3,82.0,41.0,35.6,United States,2018.0,2018,University of Cincinnati,USA,204,79,290,195,-,222,178,167,151,-,-,78.3,301-400,University of Cincinnati,USA,96-117,-,0.0,0.0,9.6,10.7,41.0,15.1,2018.0
201–250,University of Delaware,48.3–51.6,27.8,37.5,79.5,91.0,45.4,United States,2018.0,2018,University of Delaware,USA,288,101,396,688,177,371,304,341,405,-,-,76.6,201-300,University of Delaware,USA,70-95,-,10.2,16.1,9.6,10.4,33.3,19.0,2018.0
201–250,Florida State University,48.3–51.6,41.3,42.0,73.3,37.2,47.3,United States,2018.0,2018,Florida State University,USA,248,89,475,645,-,275,235,232,139,-,-,77.3,201-300,Florida State University,USA,70-95,-,0.0,0.0,13.5,15.3,39.3,20.2,2018.0
201–250,University of Fribourg,48.3–51.6,34.2,35.0,65.5,58.5,86.9,Switzerland,2018.0,2018,University of Fribourg,Switzerland,711,8,405,374,-,945,713,515,541,-,-,71.8,301-400,University of Fribourg,Switzerland,8,-,0.0,0.0,21.4,8.1,21.3,22.7,2018.0
201–250,George Washington University,48.3–51.6,44.8,30.4,77.2,32.6,50.3,United States,2018.0,2018,George Washington University,USA,308,106,413,169,-,352,295,234,405,-,-,76.3,201-300,George Washington University,USA,70-95,-,11.4,0.0,9.6,10.9,37.9,19.5,2018.0
201–250,University of Hamburg,48.3–51.6,43.5,42.0,65.0,67.7,58.0,Germany,2018.0,2018,University of Hamburg,Germany,125,7,594,414,177,139,138,130,114,-,-,80.5,151-200,University of Hamburg,Germany,8-14,-,11.4,0.0,16.6,22.6,39.1,23.9,2018.0
201–250,Hebrew University of Jerusalem,48.3–51.6,39.9,41.7,71.8,36.3,58.2,Israel,2018.0,2018,Hebrew University of Jerusalem,Israel,61,2,19,400,15,177,143,122,405,-,-,83.6,95,Hebrew University of Jerusalem,Israel,2,26.2,31.7,27.9,13.5,17.9,39.0,28.1,2018.0
201–250,University of Iowa,48.3–51.6,42.0,34.0,78.2,60.6,35.4,United States,2018.0,2018,University of Iowa,USA,134,59,292,373,212,148,120,108,151,-,-,80.2,151-200,University of Iowa,USA,59-69,-,0.0,0.0,19.2,14.8,46.9,17.8,2018.0
201–250,James Cook University,48.3–51.6,23.4,27.7,89.1,42.9,73.9,Australia,2018.0,2018,James Cook University,Australia,390,13,-,> 1000,-,537,453,253,327,-,-,75.1,201-300,James Cook University,Australia,10-15,-,0.0,0.0,16.6,14.9,29.5,27.9,2018.0
201–250,University of Kiel,48.3–51.6,31.5,28.1,94.4,9.1,52.4,Germany,2018.0,2018,University of Kiel,Germany,233,19,407,911,282,269,253,172,222,-,-,77.6,201-300,University of Kiel,Germany,15-20,-,10.2,13.1,16.6,12.2,31.5,19.8,2018.0
201–250,King Abdulaziz University,48.3–51.6,25.6,15.3,97.3,77.8,92.0,Saudi Arabia,2018.0,2018,King Abdulaziz University,Saudi Arabia,323,1,-,> 1000,-,255,357,274,363,-,-,76.0,101-150,King Abdulaziz University,Saudi Arabia,1-2,-,0.0,0.0,43.9,12.4,46.7,16.6,2018.0
201–250,University of Konstanz,48.3–51.6,39.1,44.5,65.2,69.9,61.8,Germany,2018.0,2018,University of Konstanz,Germany,417,34,-,> 1000,141,726,518,342,673,-,-,74.7,401-500,University of Konstanz,Germany,29-36,-,0.0,0.0,9.6,14.5,24.4,14.6,2018.0
201–250,Korea University,48.3–51.6,44.7,47.7,49.0,97.7,49.0,South Korea,2018.0,2018,Korea University,South Korea,237,5,-,108,-,115,159,384,363,-,-,77.6,201-300,Korea University,South Korea,3-5,-,0.0,0.0,9.6,9.3,55.1,22.8,2018.0
201–250,Osaka University,48.3–51.6,53.7,57.6,38.7,81.3,33.5,Japan,2018.0,2018,Osaka University,Japan,53,3,70,65,61,59,82,83,174,-,-,84.2,101-150,Osaka University,Japan,4-5,-,8.8,0.0,27.1,21.6,52.5,21.7,2018.0
201–250,University of Otago,48.3–51.6,31.2,30.7,82.2,45.1,88.6,New Zealand,2018.0,2018,University of Otago,New Zealand,309,2,-,864,-,323,308,282,254,-,-,76.3,301-400,University of Otago,New Zealand,2-3,-,0.0,0.0,9.6,8.3,36.4,21.2,2018.0
201–250,University of Ottawa,48.3–51.6,37.6,37.5,69.1,40.2,73.6,Canada,2018.0,2018,University of Ottawa,Canada,205,9,366,431,-,162,157,164,200,-,-,78.3,151-200,University of Ottawa,Canada,7-9,-,0.0,0.0,13.5,17.8,46.8,22.3,2018.0
201–250,Queen's University Belfast,48.3–51.6,28.3,32.3,83.1,35.7,94.6,United Kingdom,2018.0,2018,Queen's University Belfast,United Kingdom,315,29,371,752,-,356,309,294,254,-,-,76.2,301-400,Queen's University Belfast,United Kingdom,29-34,-,17.6,0.0,0.0,11.6,32.9,19.4,2018.0
201–250,Queensland University of Technology,48.3–51.6,30.7,40.3,73.0,63.2,79.1,Australia,2018.0,2018,Queensland University of Technology,Australia,241,9,-,> 1000,-,159,183,201,327,-,-,77.5,201-300,Queensland University of Technology,Australia,10-15,-,0.0,0.0,21.4,5.7,38.5,23.4,2018.0
201–250,University of Reading,48.3–51.6,34.6,34.9,73.9,36.9,88.8,United Kingdom,2018.0,2018,University of Reading,United Kingdom,407,34,466,104,-,496,394,422,460,-,-,74.8,201-300,University of Reading,United Kingdom,22-28,-,0.0,0.0,23.5,11.5,29.0,23.7,2018.0
201–250,University of Stuttgart,48.3–51.6,41.1,48.8,60.0,68.8,52.6,Germany,2018.0,2018,University of Stuttgart,Germany,345,28,185,358,238,479,441,391,304,-,-,75.7,301-400,University of Stuttgart,Germany,21-28,-,18.3,0.0,9.6,14.0,28.0,17.2,2018.0
201–250,University of Technology Sydney,48.3–51.6,29.7,40.5,71.7,51.0,94.2,Australia,2018.0,2018,University of Technology Sydney,Australia,562,20,-,> 1000,-,503,445,614,898,-,-,73.1,301-400,University of Technology Sydney,Australia,16-21,-,0.0,0.0,13.5,6.0,35.3,21.9,2018.0
201–250,Tel Aviv University,48.3–51.6,41.5,52.1,59.4,42.7,49.5,Israel,2018.0,2018,Tel Aviv University,Israel,85,3,105,143,59,108,115,129,151,-,-,82.2,151-200,Tel Aviv University,Israel,4,-,0.0,0.0,9.6,18.8,51.8,27.4,2018.0
201–250,University of Texas at Dallas,48.3–51.6,25.7,29.4,89.8,41.5,57.7,United States,2018.0,2018,University of Texas at Dallas,USA,304,104,412,493,185,521,401,383,222,-,-,76.3,301-400,University of Texas at Dallas,USA,96-117,-,13.4,0.0,9.6,10.4,29.3,22.6,2018.0
201–250,Tohoku University,48.3–51.6,49.6,50.6,46.5,68.3,34.7,Japan,2018.0,2018,Tohoku University,Japan,120,5,82,158,246,60,101,166,167,-,-,80.7,101-150,Tohoku University,Japan,4-5,-,14.4,0.0,16.6,18.2,52.1,21.6,2018.0
201–250,Ulsan National Institute of Science and Technology,48.3–51.6,22.9,30.7,95.9,66.0,47.9,South Korea,2018.0,2018,Ulsan National Institute of Science and Technology,South Korea,775,25,-,> 1000,-,925,642,731,673,-,-,71.3,301-400,Ulsan National Institute of Science and Technology,South Korea,6-8,-,0.0,0.0,21.4,7.3,19.2,26.8,2018.0
201–250,University College Dublin,48.3–51.6,29.2,37.5,74.0,38.1,89.3,Ireland,2018.0,2018,University College Dublin,Ireland,225,1,492,310,127,315,291,276,200,-,-,77.8,301-400,University College Dublin,Ireland,2,-,0.0,0.0,13.5,8.3,36.8,19.6,2018.0
201–250,University of Utah,48.3–51.6,37.2,34.1,88.5,46.1,33.0,United States,2018.0,2018,University of Utah,USA,83,48,169,187,80,125,105,68,93,-,-,82.3,101-150,University of Utah,USA,47-58,-,0.0,11.4,19.2,24.6,51.6,28.3,2018.0
201–250,University of Waterloo,48.3–51.6,35.7,41.7,69.8,42.6,80.0,Canada,2018.0,2018,University of Waterloo,Canada,268,12,-,222,-,196,194,353,275,-,-,77.0,151-200,University of Waterloo,Canada,7-9,-,0.0,0.0,21.4,12.6,44.0,23.4,2018.0
201–250,Western University,48.3–51.6,41.8,36.1,68.8,55.7,75.2,Canada,2018.0,2018,Western University,Canada,198,8,454,105,-,164,164,202,167,-,-,78.4,201-300,Western University,Canada,10-12,-,0.0,0.0,13.5,11.5,45.5,21.0,2018.0
251–300,University of Bath,45.2–48.2,33.9,31.7,67.3,36.0,88.3,United Kingdom,2018.0,2018,University of Bath,United Kingdom,391,33,-,612,-,475,392,356,327,-,-,75.1,401-500,University of Bath,United Kingdom,35-39,-,0.0,0.0,0.0,10.9,32.3,20.5,2018.0
251–300,University of Bayreuth,45.2–48.2,34.4,34.1,67.8,62.7,54.7,Germany,2018.0,2018,University of Bayreuth,Germany,477,38,-,> 1000,-,667,523,362,327,-,-,74.0,401-500,University of Bayreuth,Germany,29-36,-,0.0,0.0,9.6,14.2,22.2,13.7,2018.0
251–300,Bielefeld University,45.2–48.2,36.9,42.0,58.6,54.5,46.3,Germany,2018.0,2018,Bielefeld University,Germany,542,42,-,> 1000,-,652,537,408,541,-,-,73.3,401-500,Bielefeld University,Germany,29-36,-,0.0,0.0,13.5,9.2,24.7,14.5,2018.0
251–300,University of Bremen,45.2–48.2,36.4,36.5,63.2,45.7,52.1,Germany,2018.0,2018,University of Bremen,Germany,423,35,-,> 1000,-,514,472,287,405,-,-,74.6,401-500,University of Bremen,Germany,29-36,-,0.0,0.0,0.0,15.1,31.3,17.0,2018.0
251–300,Dalhousie University,45.2–48.2,26.6,28.3,74.3,41.5,82.4,Canada,2018.0,2018,Dalhousie University,Canada,278,14,218,290,-,308,305,225,200,-,-,76.8,301-400,Dalhousie University,Canada,13-18,-,12.4,0.0,0.0,11.4,35.7,18.9,2018.0
251–300,Griffith University,45.2–48.2,23.4,29.8,77.7,40.7,82.0,Australia,2018.0,2018,Griffith University,Australia,351,11,-,> 1000,-,361,375,351,240,-,-,75.6,301-400,Griffith University,Australia,16-21,-,0.0,0.0,0.0,9.2,41.8,22.5,2018.0
251–300,University of Illinois at Chicago,45.2–48.2,42.1,31.6,68.2,42.1,56.2,United States,2018.0,2018,University of Illinois at Chicago,USA,217,81,431,> 1000,-,169,149,205,151,-,-,78.0,201-300,University of Illinois at Chicago,USA,70-95,-,0.0,0.0,13.5,13.0,45.5,18.3,2018.0
251–300,Indian Institute of Science,45.2–48.2,53.8,48.6,44.4,49.5,19.5,India,2018.0,2018,Indian Institute of Science,India,420,1,-,573,-,342,336,718,405,-,-,74.7,401-500,Indian Institute of Science,India,1,-,0.0,0.0,0.0,0.0,41.3,20.2,2018.0
251–300,University of Innsbruck,45.2–48.2,27.5,18.5,77.8,37.5,96.7,Austria,2018.0,2018,University of Innsbruck,Austria,301,3,414,787,136,528,450,241,327,-,-,76.4,201-300,University of Innsbruck,Austria,2-3,-,0.0,9.3,19.2,18.4,27.0,27.4,2018.0
251–300,Laval University,45.2–48.2,37.7,28.7,70.3,54.7,66.8,Canada,2018.0,2018,Laval University,Canada,269,13,564,499,-,241,225,252,275,-,-,76.9,201-300,Laval University,Canada,10-12,-,0.0,0.0,16.6,10.5,39.2,18.4,2018.0
251–300,Macquarie University,45.2–48.2,31.3,34.4,70.0,41.0,77.0,Australia,2018.0,2018,Macquarie University,Australia,324,10,-,667,277,393,339,299,327,-,-,76.0,201-300,Macquarie University,Australia,10-15,-,0.0,0.0,16.6,13.1,39.3,26.6,2018.0
251–300,University of Marburg,45.2–48.2,35.7,27.7,75.0,36.6,49.9,Germany,2018.0,2018,University of Marburg,Germany,380,31,574,> 1000,303,439,364,265,460,-,-,75.2,301-400,University of Marburg,Germany,21-28,-,10.2,0.0,9.6,13.1,28.9,16.6,2018.0
251–300,Medical University of Vienna,45.2–48.2,31.2,13.5,90.2,36.6,84.1,Austria,2018.0,2018,Medical University of Vienna,Austria,267,2,-,> 1000,-,301,252,200,200,-,-,77.0,201-300,Medical University of Vienna,Austria,2-3,-,8.8,9.3,13.5,11.8,35.5,21.5,2018.0
251–300,Norwegian University of Science and Technology,45.2–48.2,30.7,34.6,68.3,42.0,64.9,Norway,2018.0,2018,Norwegian University of Science and Technology,Norway,263,3,523,397,88,339,349,463,327,-,-,77.1,101-150,Norwegian University of Science and Technology,Norway,2,-,13.4,20.8,19.2,13.8,42.2,20.5,2018.0
251–300,University of Oregon,45.2–48.2,31.1,30.1,84.7,32.0,37.0,United States,2018.0,2018,University of Oregon,USA,428,122,476,> 1000,-,592,431,298,405,-,-,74.6,301-400,University of Oregon,USA,96-117,-,8.8,0.0,9.6,11.6,28.4,18.2,2018.0
251–300,Queen's University,45.2–48.2,40.0,35.9,61.7,51.0,66.3,Canada,2018.0,2018,Queen's University,Canada,261,11,588,378,141,320,287,316,363,-,-,77.1,201-300,Queen's University,Canada,10-12,-,0.0,20.8,0.0,9.3,35.0,23.1,2018.0
251–300,University of São Paulo,45.2–48.2,52.9,55.5,31.5,38.1,30.9,Brazil,2018.0,2018,University of São Paulo,Brazil,77,1,583,256,109,4,60,162,139,-,-,82.6,151-200,University of São Paulo,Brazil,1,-,0.0,0.0,0.0,14.2,76.2,17.1,2018.0
251–300,Simon Fraser University,45.2–48.2,25.6,33.4,75.6,43.5,90.4,Canada,2018.0,2018,Simon Fraser University,Canada,311,15,-,> 1000,-,370,302,262,254,-,-,76.2,301-400,Simon Fraser University,Canada,13-18,-,0.0,0.0,9.6,11.7,35.7,20.2,2018.0
251–300,University of Southern Denmark,45.2–48.2,21.4,25.3,83.4,68.8,78.1,Denmark,2018.0,2018,University of Southern Denmark,Denmark,338,4,-,> 1000,-,376,329,280,327,-,-,75.8,301-400,University of Southern Denmark,Denmark,5,-,0.0,0.0,9.6,10.9,41.0,21.3,2018.0
251–300,Stony Brook University,45.2–48.2,33.0,23.8,84.4,33.4,58.7,United States,2018.0,2018,Stony Brook University,USA,128,56,373,> 1000,62,270,197,115,187,-,-,80.4,301-400,Stony Brook University,USA,96-117,-,0.0,0.0,0.0,21.0,38.7,17.0,2018.0
251–300,University of Surrey,45.2–48.2,30.3,33.1,64.5,46.3,92.7,United Kingdom,2018.0,2018,University of Surrey,United Kingdom,504,37,406,475,-,525,459,545,460,-,-,73.7,301-400,University of Surrey,United Kingdom,29-34,-,0.0,0.0,16.6,4.6,30.5,23.2,2018.0
251–300,Swedish University of Agricultural Sciences,45.2–48.2,30.0,27.1,79.3,98.1,42.5,Sweden,2018.0,2018,Swedish University of Agricultural Sciences,Sweden,368,9,196,> 1000,-,430,379,297,363,-,-,75.4,201-300,Swedish University of Agricultural Sciences,Sweden,6-8,-,0.0,0.0,13.5,14.7,30.7,30.7,2018.0
251–300,Tokyo Institute of Technology,45.2–48.2,49.5,52.9,39.8,67.8,35.8,Japan,2018.0,2018,Tokyo Institute of Technology,Japan,140,6,303,71,87,195,233,218,222,-,-,80.0,151-200,Tokyo Institute of Technology,Japan,6-7,-,12.4,29.4,0.0,14.4,37.8,28.6,2018.0
251–300,University of the Witwatersrand,45.2–48.2,26.6,23.2,76.5,99.9,69.8,South Africa,2018.0,2018,University of the Witwatersrand,South Africa,230,2,133,80,216,367,377,187,304,-,-,77.7,201-300,University of the Witwatersrand,South Africa,1,-,18.3,0.0,13.5,10.7,38.9,21.8,2018.0
251–300,University of Wollongong,45.2–48.2,29.4,33.2,67.1,47.7,88.1,Australia,2018.0,2018,University of Wollongong,Australia,397,14,-,562,-,410,381,403,363,-,-,75.0,201-300,University of Wollongong,Australia,10-15,-,0.0,0.0,19.2,12.4,36.3,26.5,2018.0
301–350,University of Bordeaux,42.4–45.1,31.0,22.0,75.2,34.8,54.3,France,2018.0,2018,University of Bordeaux,France,454,22,651,> 1000,-,519,437,355,460,-,-,74.3,201-300,University of Bordeaux,France,9-14,-,0.0,0.0,13.5,17.2,41.2,18.1,2018.0
301–350,Boston College,42.4–45.1,37.0,20.0,74.1,43.8,53.8,United States,2018.0,2018,Boston College,USA,512,141,-,152,-,813,611,368,363,-,-,73.6,301-400,Boston College,USA,96-117,-,0.0,0.0,13.5,16.8,23.5,17.8,2018.0
301–350,University of Connecticut,42.4–45.1,35.7,28.5,66.8,34.6,48.5,United States,2018.0,2018,University of Connecticut,USA,193,75,573,417,141,210,191,211,254,-,-,78.5,301-400,University of Connecticut,USA,96-117,-,11.4,0.0,0.0,12.5,37.8,14.5,2018.0
301–350,Deakin University,42.4–45.1,23.3,26.6,72.0,36.2,77.7,Australia,2018.0,2018,Deakin University,Australia,387,12,-,922,-,397,385,481,254,-,-,75.1,201-300,Deakin University,Australia,10-15,-,0.0,0.0,23.5,9.2,41.2,25.8,2018.0
301–350,University of Eastern Finland,42.4–45.1,25.2,26.1,79.1,36.2,49.3,Finland,2018.0,2018,University of Eastern Finland,Finland,418,5,-,> 1000,-,440,383,332,541,-,-,74.7,401-500,University of Eastern Finland,Finland,4,-,0.0,0.0,13.5,7.2,30.5,16.7,2018.0
301–350,Flinders University,42.4–45.1,22.9,27.6,77.9,39.4,68.4,Australia,2018.0,2018,Flinders University,Australia,493,18,253,> 1000,-,511,476,406,541,-,-,73.8,401-500,Flinders University,Australia,22-23,-,15.2,0.0,0.0,6.9,30.9,23.9,2018.0
301–350,George Mason University,42.4–45.1,28.5,26.4,76.0,33.2,40.8,United States,2018.0,2018,George Mason University,USA,322,109,-,> 1000,85,560,487,357,460,-,-,76.0,201-300,George Mason University,USA,70-95,-,0.0,31.5,0.0,6.1,29.5,19.4,2018.0
301–350,University of Houston,42.4–45.1,36.8,34.1,60.5,37.8,39.8,United States,2018.0,2018,University of Houston,USA,299,103,-,114,-,358,311,290,275,-,-,76.4,201-300,University of Houston,USA,70-95,-,0.0,0.0,13.5,12.0,40.1,21.5,2018.0
301–350,Iowa State University,42.4–45.1,29.1,31.4,65.3,48.6,53.8,United States,2018.0,2018,Iowa State University,USA,177,69,563,245,134,203,195,214,222,-,-,78.9,201-300,Iowa State University,USA,70-95,-,0.0,0.0,23.5,9.1,42.0,20.6,2018.0
301–350,University of Kent,42.4–45.1,25.1,23.6,67.8,32.1,90.2,United Kingdom,2018.0,2018,University of Kent,United Kingdom,619,45,378,784,-,706,616,443,673,-,-,72.6,401-500,University of Kent,United Kingdom,35-39,-,13.4,0.0,0.0,9.4,27.4,17.6,2018.0
301–350,University of Milan,42.4–45.1,34.1,25.9,73.7,42.9,41.4,Italy,2018.0,2018,University of Milan,Italy,148,2,384,691,229,117,130,184,114,-,-,79.8,151-200,University of Milan,Italy,1,-,16.8,0.0,13.5,10.1,49.9,23.3,2018.0
301–350,Nagoya University,42.4–45.1,44.9,47.2,43.2,87.2,29.9,Japan,2018.0,2018,Nagoya University,Japan,113,4,69,366,67,132,165,169,222,-,-,81.0,83,Nagoya University,Japan,3,27.2,28.7,25.0,16.6,18.8,46.2,25.0,2018.0
301–350,National Tsing Hua University,42.4–45.1,38.0,37.1,59.4,54.8,29.0,Taiwan,2018.0,2018,National Tsing Hua University,Taiwan,378,3,321,> 1000,-,316,273,489,460,-,-,75.2,401-500,National Tsing Hua University,Taiwan,4-6,-,12.4,0.0,0.0,9.2,30.6,20.5,2018.0
301–350,Oregon State University,42.4–45.1,30.1,29.3,72.4,36.5,48.5,United States,2018.0,2018,Oregon State University,USA,251,91,328,519,-,294,267,173,187,-,-,77.3,151-200,Oregon State University,USA,59-69,-,10.2,0.0,19.2,21.9,38.8,23.8,2018.0
301–350,Rush University,42.4–45.1,35.3,12.4,88.2,41.3,14.8,United States,2018.0,2018,Rush University,USA,435,125,-,> 1000,-,607,455,413,240,-,-,74.5,401-500,Rush University,USA,118-139,-,0.0,0.0,16.6,3.6,26.9,16.5,2018.0
301–350,Sapienza University of Rome,42.4–45.1,38.4,34.7,64.1,41.2,38.9,Italy,2018.0,2018,Sapienza University of Rome,Italy,67,1,117,486,34,61,103,195,71,-,-,83.2,201-300,Sapienza University of Rome,Italy,2-8,-,11.4,13.1,0.0,8.7,51.2,18.9,2018.0
301–350,University of Tartu,42.4–45.1,24.5,25.3,83.6,33.5,50.4,Estonia,2018.0,2018,University of Tartu,Estonia,490,1,521,> 1000,-,590,577,272,541,-,-,73.9,301-400,University of Tartu,Estonia,1,-,0.0,0.0,21.4,11.5,26.1,17.5,2018.0
301–350,University of Tasmania,42.4–45.1,24.1,30.8,65.4,51.5,82.2,Australia,2018.0,2018,University of Tasmania,Australia,399,15,-,> 1000,-,459,398,284,460,-,-,75.0,201-300,University of Tasmania,Australia,10-15,-,0.0,0.0,16.6,11.8,34.3,26.6,2018.0
301–350,University of Victoria,42.4–45.1,24.8,21.9,72.2,41.4,76.7,Canada,2018.0,2018,University of Victoria,Canada,363,17,-,> 1000,-,428,351,365,275,-,-,75.4,301-400,University of Victoria,Canada,13-18,-,0.0,0.0,16.6,12.6,31.0,22.5,2018.0
301–350,Vrije Universiteit Brussel,42.4–45.1,30.6,25.6,68.7,51.7,71.6,Belgium,2018.0,2018,Vrije Universiteit Brussel,Belgium,321,7,213,> 1000,-,350,320,271,304,-,-,76.1,201-300,Vrije Universiteit Brussel,Bruxelles,5-6,-,13.4,0.0,9.6,11.6,32.9,28.6,2018.0
301–350,Washington State University,42.4–45.1,29.3,27.7,70.3,50.9,45.6,United States,2018.0,2018,Washington State University,USA,277,99,-,748,174,321,312,289,460,-,-,76.8,301-400,Washington State University,USA,96-117,-,0.0,0.0,9.6,8.5,33.1,18.2,2018.0
351–400,Autonomous University of Madrid,40.0–42.3,33.0,28.1,58.4,34.9,49.0,Spain,2018.0,2018,Autonomous University of Madrid,Spain,280,5,-,932,-,257,246,285,240,-,-,76.7,301-400,Autonomous University of Madrid,Spain,5-7,-,0.0,0.0,9.6,12.8,40.3,19.5,2018.0
351–400,University of Canterbury,40.0–42.3,23.7,26.9,60.9,37.9,90.4,New Zealand,2018.0,2018,University of Canterbury,New Zealand,450,3,306,326,153,641,615,449,673,-,-,74.3,401-500,University of Canterbury,New Zealand,4,-,0.0,0.0,13.5,6.3,25.7,23.2,2018.0
351–400,Curtin University,40.0–42.3,22.6,23.7,60.6,39.5,94.4,Australia,2018.0,2018,Curtin University,Australia,400,16,-,> 1000,-,324,338,300,898,-,-,74.9,151-200,Curtin University,Australia,9,-,0.0,0.0,21.4,13.9,43.7,29.3,2018.0
351–400,Drexel University,40.0–42.3,33.6,16.9,68.5,37.4,49.4,United States,2018.0,2018,Drexel University,USA,354,115,-,292,-,444,378,386,187,-,-,75.6,301-400,Drexel University,USA,96-117,-,0.0,0.0,19.2,9.7,31.4,21.8,2018.0
351–400,University of Georgia,40.0–42.3,30.1,32.3,60.7,34.3,42.6,United States,2018.0,2018,University of Georgia,USA,180,70,204,337,216,193,190,165,275,-,-,78.9,201-300,University of Georgia,USA,70-95,-,0.0,0.0,13.5,17.6,44.8,18.3,2018.0
351–400,Hanyang University,40.0–42.3,35.6,38.1,41.9,84.7,56.4,South Korea,2018.0,2018,Hanyang University,South Korea,336,7,-,241,-,194,276,479,460,-,-,75.8,201-300,Hanyang University,South Korea,3-5,-,0.0,0.0,13.5,9.5,42.7,22.1,2018.0
351–400,University of Kansas,40.0–42.3,36.2,22.7,63.3,39.1,36.7,United States,2018.0,2018,University of Kansas,USA,224,83,324,270,-,243,218,180,121,-,-,77.8,201-300,University of Kansas,USA,70-95,-,17.6,0.0,13.5,11.2,41.9,16.3,2018.0
351–400,Kyushu University,40.0–42.3,42.5,40.7,35.7,71.6,33.9,Japan,2018.0,2018,Kyushu University,Japan,226,9,508,106,-,124,176,238,363,-,-,77.8,201-300,Kyushu University,Japan,8-9,-,0.0,0.0,9.6,12.6,46.5,19.0,2018.0
351–400,La Trobe University,40.0–42.3,27.1,33.0,49.8,58.1,79.5,Australia,2018.0,2018,La Trobe University,Australia,534,19,-,> 1000,-,529,491,392,898,-,-,73.4,301-400,La Trobe University,Australia,16-21,-,0.0,0.0,13.5,8.5,34.3,26.2,2018.0
351–400,University of Malaya,40.0–42.3,31.2,26.6,54.4,49.5,77.0,Malaysia,2018.0,2018,University of Malaya,Malaysia,451,1,-,342,-,225,397,879,673,-,-,74.3,301-400,University of Malaya,Malaysia,1,-,0.0,0.0,13.5,2.8,42.8,22.0,2018.0
351–400,University of Padua,40.0–42.3,27.4,17.1,81.9,35.8,41.0,Italy,2018.0,2018,University of Padua,Italy,150,3,553,> 1000,-,96,110,144,80,-,-,79.7,201-300,University of Padua,Italy,2-8,-,0.0,0.0,9.6,13.1,51.9,22.4,2018.0
351–400,University of Pavia,40.0–42.3,24.3,21.9,74.7,54.7,44.8,Italy,2018.0,2018,University of Pavia,Italy,366,13,560,675,300,375,361,434,275,-,-,75.4,301-400,University of Pavia,Italy,9-10,-,0.0,0.0,16.6,4.1,33.1,23.2,2018.0
351–400,University of Pisa,40.0–42.3,22.4,20.1,80.1,37.3,38.0,Italy,2018.0,2018,University of Pisa,Italy,285,9,538,> 1000,-,228,261,337,222,-,-,76.7,201-300,University of Pisa,Italy,2-8,-,13.4,22.8,0.0,5.9,40.3,23.7,2018.0
351–400,University of South Carolina - Columbia,40.0–42.3,33.6,27.8,63.2,33.2,39.8,United States,2018.0,2018,University of South Carolina - Columbia,USA,282,100,-,503,257,334,288,436,174,-,-,76.7,301-400,University of South Carolina - Columbia,USA,96-117,-,0.0,0.0,9.6,9.4,37.4,16.2,2018.0
351–400,Stellenbosch University,40.0–42.3,28.3,36.1,60.0,7.3,52.6,South Africa,2018.0,2018,Stellenbosch University,South Africa,448,5,555,139,-,428,500,409,541,-,-,74.3,401-500,Stellenbosch University,South Africa,3-4,-,0.0,0.0,9.6,3.9,34.0,17.4,2018.0
351–400,University of Strasbourg,40.0–42.3,29.9,20.9,67.2,35.4,69.4,France,2018.0,2018,University of Strasbourg,France,135,7,113,> 1000,49,258,197,157,275,-,-,80.2,101-150,University of Strasbourg,France,4-6,-,28.3,33.1,0.0,17.1,37.5,22.1,2018.0
351–400,Temple University,40.0–42.3,34.2,19.1,74.6,36.1,34.3,United States,2018.0,2018,Temple University,USA,341,112,537,754,-,382,321,296,327,-,-,75.8,301-400,Temple University,USA,96-117,-,0.0,0.0,9.6,11.0,37.3,13.3,2018.0
351–400,University of Turku,40.0–42.3,25.7,27.6,70.0,33.9,50.3,Finland,2018.0,2018,University of Turku,Finland,339,2,-,> 1000,-,355,322,277,363,-,-,75.8,301-400,University of Turku,Finland,2-3,-,0.0,0.0,13.5,10.3,35.3,19.2,2018.0
351–400,University College Cork,40.0–42.3,28.0,26.9,61.0,45.9,78.5,Ireland,2018.0,2018,University College Cork,Ireland,473,3,526,> 1000,-,518,452,447,405,-,-,74.1,401-500,University College Cork,Ireland,3-4,-,0.0,0.0,16.6,3.3,26.7,15.4,2018.0
351–400,University of Vermont,40.0–42.3,27.4,20.0,82.8,45.2,26.5,United States,2018.0,2018,University of Vermont,USA,376,119,372,459,-,524,389,301,304,-,-,75.3,301-400,University of Vermont,USA,96-117,-,13.4,0.0,9.6,10.3,27.7,15.7,2018.0
351–400,Wayne State University,40.0–42.3,32.5,16.6,75.1,42.5,36.7,United States,2018.0,2018,Wayne State University,USA,253,92,-,263,-,266,234,267,163,-,-,77.2,401-500,Wayne State University,USA,118-139,-,0.0,0.0,9.6,5.4,36.6,15.3,2018.0
401–500,University of Campinas,35.0–39.9,43.5,40.0,31.7,45.5,27.1,Brazil,2018.0,2018,University of Campinas,Brazil,360,3,-,> 1000,-,163,307,528,541,-,-,75.5,301-400,University of Campinas,Brazil,2-4,-,0.0,0.0,0.0,5.7,45.2,22.3,2018.0
401–500,Charles University in Prague,35.0–39.9,29.0,22.0,56.3,32.1,55.6,Czech Republic,2018.0,2018,Charles University in Prague,Czech Republic,203,1,494,> 1000,241,135,230,237,200,-,-,78.3,201-300,Charles University in Prague,Czech Republic,1,-,8.8,0.0,13.5,8.9,46.9,19.9,2018.0
401–500,Claude Bernard University Lyon 1,35.0–39.9,23.1,18.2,68.9,37.1,53.3,France,2018.0,2018,Claude Bernard University Lyon 1,France,221,12,-,> 1000,-,171,150,158,254,-,-,77.9,201-300,Claude Bernard University Lyon 1,France,9-14,-,10.2,0.0,9.6,19.9,43.2,19.9,2018.0
401–500,University of Florence,35.0–39.9,20.5,11.4,73.1,36.3,41.5,Italy,2018.0,2018,University of Florence,Italy,185,4,458,765,112,213,231,305,200,-,-,78.7,301-400,University of Florence,Italy,9-10,-,0.0,0.0,9.6,9.4,40.9,19.8,2018.0
401–500,Florida International University,35.0–39.9,28.2,19.5,59.2,35.6,37.4,United States,2018.0,2018,Florida International University,USA,532,146,-,> 1000,-,538,492,544,541,-,-,73.4,401-500,Florida International University,USA,118-139,-,0.0,0.0,9.6,6.6,32.1,17.3,2018.0
401–500,University of Graz,35.0–39.9,23.7,18.3,58.1,32.8,74.0,Austria,2018.0,2018,University of Graz,Austria,647,7,639,> 1000,289,729,626,569,673,-,-,72.3,401-500,University of Graz,Austria,5-6,-,7.2,9.3,0.0,8.1,21.5,19.0,2018.0
401–500,Hokkaido University,35.0–39.9,42.1,40.2,33.1,52.0,32.6,Japan,2018.0,2018,Hokkaido University,Japan,174,7,415,305,177,137,173,209,304,-,-,79.0,151-200,Hokkaido University,Japan,6-7,-,11.4,16.1,9.6,11.0,44.8,20.1,2018.0
401–500,Huazhong University of Science and Technology,35.0–39.9,31.2,27.5,50.3,63.9,22.5,China,2018.0,2018,Huazhong University of Science and Technology,China,276,12,-,244,-,77,124,537,541,-,-,76.8,151-200,Huazhong University of Science and Technology,China,8-12,-,0.0,0.0,9.6,8.3,63.3,17.1,2018.0
401–500,Kyung Hee University,35.0–39.9,29.0,37.0,46.0,82.2,54.3,South Korea,2018.0,2018,Kyung Hee University,South Korea,385,10,489,> 1000,-,240,342,561,460,-,-,75.1,301-400,Kyung Hee University,South Korea,6-8,-,0.0,0.0,13.5,4.8,40.7,17.3,2018.0
401–500,University of Manitoba,35.0–39.9,27.0,27.2,56.9,40.2,45.4,Canada,2018.0,2018,University of Manitoba,Canada,231,10,301,207,194,281,272,288,275,-,-,77.7,301-400,University of Manitoba,Canada,13-18,-,0.0,0.0,16.6,7.3,36.8,18.6,2018.0
401–500,University of Naples Federico II,35.0–39.9,18.4,24.8,77.5,43.0,28.3,Italy,2018.0,2018,University of Naples Federico II,Italy,247,7,616,949,-,149,177,338,200,-,-,77.4,201-300,University of Naples Federico II,Italy,2-8,-,0.0,0.0,9.6,6.6,46.8,19.4,2018.0
401–500,Novosibirsk State University,35.0–39.9,42.9,29.5,34.7,37.9,41.3,Russian Federation,2018.0,2018,Novosibirsk State University,Russia,595,4,255,> 1000,-,509,652,663,541,-,-,72.8,401-500,Novosibirsk State University,Russia,3-4,-,13.4,0.0,0.0,5.7,33.9,17.5,2018.0
401–500,University of Parma,35.0–39.9,18.6,19.0,69.0,37.3,37.3,Italy,2018.0,2018,University of Parma,Italy,475,24,-,776,-,516,481,533,327,-,-,74.0,401-500,University of Parma,Italy,11-15,-,0.0,0.0,13.5,3.5,26.1,18.5,2018.0
401–500,RMIT University,35.0–39.9,24.2,20.5,53.3,38.4,87.1,Australia,2018.0,2018,RMIT University,Australia,634,23,-,> 1000,-,544,542,> 1000,673,-,-,72.4,301-400,RMIT University,Australia,16-21,-,0.0,0.0,13.5,5.9,34.6,20.7,2018.0
401–500,Saint Louis University,35.0–39.9,35.7,14.7,65.0,34.7,28.0,United States,2018.0,2018,Saint Louis University,USA,441,127,-,363,287,613,517,334,363,-,-,74.4,401-500,Saint Louis University,USA,118-139,-,0.0,11.4,9.6,5.5,26.5,13.4,2018.0
401–500,Saint Petersburg State University,35.0–39.9,47.3,29.8,31.5,33.1,37.4,Russian Federation,2018.0,2018,Saint Petersburg State University,Russia,541,2,81,452,-,402,601,557,898,-,-,73.3,301-400,Saint Petersburg State University,Russia,2,-,26.4,0.0,0.0,5.7,36.4,20.2,2018.0
401–500,University of Saskatchewan,35.0–39.9,34.7,24.5,40.9,60.2,66.8,Canada,2018.0,2018,University of Saskatchewan,Canada,411,19,618,647,-,338,348,483,460,-,-,74.8,301-400,University of Saskatchewan,Canada,13-18,-,8.8,0.0,13.5,6.6,34.2,18.8,2018.0
401–500,Swinburne University of Technology,35.0–39.9,25.6,24.3,59.0,36.1,74.2,Australia,2018.0,2018,Swinburne University of Technology,Australia,643,24,-,> 1000,-,822,632,460,541,-,-,72.4,301-400,Swinburne University of Technology,Australia,16-21,-,0.0,0.0,13.5,9.7,26.5,25.2,2018.0
401–500,Tongji University,35.0–39.9,36.5,38.2,25.4,99.4,47.5,China,2018.0,2018,Tongji University,China,312,16,335,248,-,156,250,396,541,-,-,76.2,301-400,Tongji University,China,24-35,-,0.0,0.0,0.0,9.8,54.2,16.2,2018.0
401–500,University of Tsukuba,35.0–39.9,38.6,35.0,34.1,47.0,39.9,Japan,2018.0,2018,University of Tsukuba,Japan,238,10,398,> 1000,130,259,277,266,405,-,-,77.5,201-300,University of Tsukuba,Japan,8-9,-,0.0,19.3,0.0,13.6,37.8,17.4,2018.0
401–500,University of Turin,35.0–39.9,20.6,20.3,72.3,45.3,43.7,Italy,2018.0,2018,University of Turin,Italy,208,6,597,> 1000,202,199,210,263,200,-,-,78.2,201-300,University of Turin,Italy,2-8,-,15.2,0.0,16.6,8.1,43.2,21.5,2018.0
401–500,Victoria University of Wellington,35.0–39.9,27.6,30.4,48.0,57.2,87.6,New Zealand,2018.0,2018,Victoria University of Wellington,New Zealand,575,5,390,629,-,702,606,421,541,-,-,73.0,301-400,Victoria University of Wellington,New Zealand,2-3,-,11.4,0.0,9.6,11.0,26.3,19.9,2018.0
401–500,Wuhan University,35.0–39.9,44.9,33.7,37.5,89.9,37.7,China,2018.0,2018,Wuhan University,China,335,20,-,383,-,143,207,458,898,-,-,75.8,201-300,Wuhan University,China,13-23,-,0.0,0.0,9.6,5.7,57.4,14.5,2018.0
401–500,Xiamen University,35.0–39.9,28.8,24.9,56.4,9.7,28.9,China,2018.0,2018,Xiamen University,China,369,26,-,177,-,246,260,471,898,-,-,75.4,301-400,Xiamen University,China,24-35,-,0.0,0.0,0.0,12.0,46.9,14.2,2018.0
501–600,Aristotle University of Thessaloniki,30.7–34.9,20.6,15.9,53.8,38.5,38.2,Greece,2018.0,2018,Aristotle University of Thessaloniki,Greece,375,2,-,> 1000,-,285,384,670,240,-,-,75.3,401-500,Aristotle University of Thessaloniki,Greece,2-3,-,0.0,0.0,9.6,2.1,34.2,17.4,2018.0
501–600,University of Aveiro,30.7–34.9,23.5,26.3,45.5,39.8,49.0,Portugal,2018.0,2018,University of Aveiro,Portugal,551,6,-,> 1000,-,413,433,821,898,-,-,73.2,401-500,University of Aveiro,Portugal,3-4,-,0.0,0.0,9.6,3.6,30.8,21.7,2018.0
501–600,Complutense University of Madrid,30.7–34.9,35.2,27.4,38.5,33.5,41.7,Spain,2018.0,2018,Complutense University of Madrid,Spain,264,3,193,131,300,178,214,321,363,-,-,77.0,201-300,Complutense University of Madrid,Spain,2-4,-,19.0,0.0,0.0,12.2,44.0,14.5,2018.0
501–600,East China Normal University,30.7–34.9,25.4,20.1,46.9,46.0,47.2,China,2018.0,2018,East China Normal University,China,533,38,-,522,-,383,386,626,> 1000,-,-,73.4,401-500,East China Normal University,China,36-51,-,0.0,0.0,9.6,6.1,36.5,12.5,2018.0
501–600,University of Ferrara,30.7–34.9,21.2,10.2,69.6,34.2,44.8,Italy,2018.0,2018,University of Ferrara,Italy,456,21,-,> 1000,-,539,476,414,327,-,-,74.2,401-500,University of Ferrara,Italy,11-15,-,0.0,0.0,9.6,6.2,26.6,22.2,2018.0
501–600,University of Granada,30.7–34.9,22.5,19.2,46.8,32.8,50.1,Spain,2018.0,2018,University of Granada,Spain,318,6,-,> 1000,-,251,294,497,200,-,-,76.1,201-300,University of Granada,Spain,2-4,-,0.0,0.0,23.5,4.2,40.8,16.3,2018.0
501–600,Harbin Institute of Technology,30.7–34.9,34.4,31.9,31.4,99.0,31.6,China,2018.0,2018,Harbin Institute of Technology,China,300,14,-,470,-,104,163,794,405,-,-,76.4,151-200,Harbin Institute of Technology,China,8-12,-,0.0,0.0,21.4,8.7,58.6,15.6,2018.0
501–600,Kent State University,30.7–34.9,23.8,16.9,60.2,32.1,37.3,United States,2018.0,2018,Kent State University,USA,687,173,-,> 1000,-,789,697,472,673,-,-,72.0,401-500,Kent State University,USA,118-139,-,0.0,0.0,13.5,9.3,24.0,15.6,2018.0
501–600,King Saud University,30.7–34.9,24.5,27.6,30.7,95.1,78.8,Saudi Arabia,2018.0,2018,King Saud University,Saudi Arabia,421,2,-,442,-,191,435,452,898,-,-,74.7,101-150,King Saud University,Saudi Arabia,1-2,-,0.0,0.0,44.9,3.9,47.8,18.2,2018.0
501–600,University of Lisbon,30.7–34.9,24.0,22.6,53.2,36.8,49.4,Portugal,2018.0,2018,University of Lisbon,Portugal,220,1,622,> 1000,291,109,154,291,167,-,-,77.9,151-200,University of Lisbon,Portugal,1,-,0.0,8.0,9.6,12.5,50.1,26.0,2018.0
501–600,University of Lorraine,30.7–34.9,21.9,11.3,60.7,37.8,58.0,France,2018.0,2018,University of Lorraine,France,307,14,470,376,271,311,328,314,363,-,-,76.3,201-300,University of Lorraine,France,9-14,-,11.4,16.1,9.6,11.7,36.1,14.0,2018.0
501–600,National and Kapodistrian University of Athens,30.7–34.9,26.3,13.6,54.4,49.3,46.2,Greece,2018.0,2018,National and Kapodistrian University of Athens,Greece,305,1,-,634,-,201,268,416,275,-,-,76.3,301-400,National and Kapodistrian University of Athens,Greece,1,-,0.0,0.0,13.5,5.1,38.3,20.0,2018.0
501–600,University of Palermo,30.7–34.9,19.1,13.5,67.8,33.0,25.7,Italy,2018.0,2018,University of Palermo,Italy,509,26,-,> 1000,-,438,494,633,460,-,-,73.7,401-500,University of Palermo,Italy,11-15,-,0.0,0.0,9.6,6.8,30.6,17.0,2018.0
501–600,Polytechnic University of Valencia,30.7–34.9,24.0,25.4,44.4,43.5,43.6,Spain,2018.0,2018,Polytechnic University of Valencia,Spain,472,15,-,> 1000,-,374,371,575,673,-,-,74.1,401-500,Polytechnic University of Valencia,Spain,8-10,-,0.0,0.0,9.6,8.9,32.4,15.1,2018.0
501–600,University of Porto,30.7–34.9,27.1,26.9,47.0,39.8,48.3,Portugal,2018.0,2018,University of Porto,Portugal,227,2,195,655,191,179,245,323,304,-,-,77.8,301-400,University of Porto,Portugal,2,-,0.0,0.0,0.0,11.8,44.6,18.9,2018.0
501–600,Shandong University,30.7–34.9,35.4,30.9,29.5,69.7,22.7,China,2018.0,2018,Shandong University,China,270,11,-,800,-,84,153,571,327,-,-,76.9,301-400,Shandong University,China,24-35,-,0.0,0.0,0.0,2.1,60.5,14.2,2018.0
501–600,South China University of Technology,30.7–34.9,22.5,24.1,48.3,65.9,22.5,China,2018.0,2018,South China University of Technology,China,319,17,-,228,-,200,242,661,304,-,-,76.1,201-300,South China University of Technology,China,13-23,-,0.0,0.0,16.6,3.0,50.6,15.9,2018.0
501–600,Southeast University,30.7–34.9,29.7,32.9,33.2,92.7,21.7,China,2018.0,2018,Southeast University,China,367,25,385,> 1000,-,175,286,654,541,-,-,75.4,201-300,Southeast University,China,13-23,-,0.0,0.0,19.2,5.9,52.6,16.4,2018.0
501–600,Texas Tech University,30.7–34.9,31.0,18.4,39.5,33.1,42.5,United States,2018.0,2018,Texas Tech University,USA,437,126,-,448,-,423,416,539,363,-,-,74.5,401-500,Texas Tech University,USA,118-139,-,0.0,0.0,9.6,7.0,34.4,16.4,2018.0
501–600,Tianjin University,30.7–34.9,36.9,32.8,28.5,97.1,18.8,China,2018.0,2018,Tianjin University,China,347,23,-,172,-,182,249,677,541,-,-,75.7,201-300,Tianjin University,China,13-23,-,0.0,0.0,0.0,9.3,58.2,17.7,2018.0
501–600,University of Ulsan,30.7–34.9,20.1,20.3,59.4,56.2,20.7,South Korea,2018.0,2018,University of Ulsan,South Korea,444,13,-,641,-,322,376,473,673,-,-,74.4,401-500,University of Ulsan,South Korea,9-10,-,0.0,0.0,9.6,4.9,35.6,17.0,2018.0
501–600,University of Valencia,30.7–34.9,21.9,18.4,56.2,34.4,42.2,Spain,2018.0,2018,University of Valencia,Spain,271,4,-,> 1000,-,215,237,349,174,-,-,76.9,401-500,University of Valencia,Spain,8-10,-,0.0,0.0,0.0,5.7,44.3,16.4,2018.0
501–600,University of Warsaw,30.7–34.9,25.9,18.3,47.1,32.4,44.6,Poland,2018.0,2018,University of Warsaw,Poland,260,1,150,> 1000,96,380,415,360,275,-,-,77.1,301-400,University of Warsaw,Poland,1,-,15.2,0.0,9.6,11.5,32.6,18.3,2018.0
601–800,Amirkabir University of Technology,21.5–30.6,27.4,27.2,35.3,74.4,16.8,Iran,2018.0,2018,Amirkabir University of Technology,Iran,689,6,-,> 1000,-,396,659,> 1000,898,-,-,72.0,401-500,Amirkabir University of Technology,Iran,2,-,0.0,0.0,13.5,0.0,33.0,17.4,2018.0
601–800,University of the Basque Country,21.5–30.6,21.0,14.8,51.4,34.8,40.8,Spain,2018.0,2018,University of the Basque Country,Spain,359,8,-,> 1000,-,288,296,343,541,-,-,75.5,301-400,University of the Basque Country,Spain,5-7,-,0.0,0.0,9.6,12.2,38.1,16.6,2018.0
601–800,Beihang University,21.5–30.6,27.1,30.6,21.0,99.1,24.2,China,2018.0,2018,Beihang University,China,485,33,-,803,-,232,323,965,> 1000,-,-,73.9,201-300,Beihang University,China,13-23,-,0.0,0.0,16.6,6.8,49.7,16.4,2018.0
601–800,Beijing Institute of Technology,21.5–30.6,29.2,28.5,16.5,93.9,22.1,China,2018.0,2018,Beijing Institute of Technology,China,515,37,-,> 1000,-,309,399,> 1000,673,-,-,73.6,401-500,Beijing Institute of Technology,China,36-51,-,0.0,0.0,0.0,1.5,42.5,14.0,2018.0
601–800,Capital Medical University,21.5–30.6,26.4,18.9,19.0,32.4,20.5,China,2018.0,2018,Capital Medical University,China,433,29,-,> 1000,-,292,429,642,405,-,-,74.5,401-500,Capital Medical University,China,36-51,-,0.0,0.0,0.0,2.8,44.0,25.9,2018.0
601–800,Central South University,21.5–30.6,23.6,23.7,26.8,68.4,16.6,China,2018.0,2018,Central South University,China,328,18,-,262,-,129,262,617,460,-,-,76.0,201-300,Central South University,China,13-23,-,0.0,0.0,13.5,4.9,59.8,16.5,2018.0
601–800,Chang Gung University,21.5–30.6,22.1,25.5,29.9,41.7,19.1,Taiwan,2018.0,2018,Chang Gung University,Taiwan,510,7,-,> 1000,-,314,337,687,> 1000,-,-,73.6,401-500,Chang Gung University,Taiwan,4-6,-,0.0,0.0,9.6,1.5,36.8,24.2,2018.0
601–800,Chiba University,21.5–30.6,27.6,17.7,32.1,52.5,24.2,Japan,2018.0,2018,Chiba University,Japan,482,15,-,> 1000,-,415,432,374,898,-,-,74.0,301-400,Chiba University,Japan,10-12,-,0.0,0.0,13.5,10.8,29.5,17.5,2018.0
601–800,University of Chile,21.5–30.6,24.4,19.0,34.3,31.8,49.1,Chile,2018.0,2018,University of Chile,Chile,384,2,411,466,274,319,410,324,898,-,-,75.1,301-400,University of Chile,Chile,1,-,7.2,0.0,0.0,11.0,36.5,18.8,2018.0
601–800,China Agricultural University,21.5–30.6,33.3,23.1,34.7,45.2,20.6,China,2018.0,2018,China Agricultural University,China,396,28,-,> 1000,-,297,340,373,673,-,-,75.0,301-400,China Agricultural University,China,24-35,-,0.0,0.0,9.6,12.2,37.8,15.5,2018.0
601–800,Dalian University of Technology,21.5–30.6,23.3,21.3,32.6,82.9,23.1,China,2018.0,2018,Dalian University of Technology,China,346,22,-,257,-,176,269,745,405,-,-,75.7,201-300,Dalian University of Technology,China,13-23,-,0.0,0.0,13.5,7.3,47.5,15.7,2018.0
601–800,East China University of Science and Technology,21.5–30.6,20.9,17.2,45.9,83.8,30.6,China,2018.0,2018,East China University of Science and Technology,China,497,35,-,> 1000,-,300,362,829,898,-,-,73.8,301-400,East China University of Science and Technology,China,24-35,-,0.0,0.0,13.5,3.8,37.1,14.1,2018.0
601–800,Federal University of Minas Gerais,21.5–30.6,29.3,14.5,30.8,34.3,24.8,Brazil,2018.0,2018,Federal University of Minas Gerais,Brazil,406,6,-,668,-,261,416,478,460,-,-,74.9,401-500,Federal University of Minas Gerais,Brazil,5-6,-,0.0,0.0,0.0,2.1,40.6,19.9,2018.0
601–800,Federal University of Rio de Janeiro,21.5–30.6,30.2,19.8,23.2,40.5,28.3,Brazil,2018.0,2018,Federal University of Rio de Janeiro,Brazil,298,2,316,401,-,192,316,328,304,-,-,76.4,301-400,Federal University of Rio de Janeiro,Brazil,2-4,-,0.0,0.0,0.0,10.0,42.2,21.2,2018.0
601–800,Federal University of Rio Grande do Sul,21.5–30.6,30.0,9.0,30.7,6.1,23.5,Brazil,2018.0,2018,Federal University of Rio Grande do Sul,Brazil,398,5,-,> 1000,-,230,419,507,460,-,-,75.0,401-500,Federal University of Rio Grande do Sul,Brazil,5-6,-,0.0,0.0,0.0,5.6,41.2,20.3,2018.0
601–800,Huazhong Agricultural University,21.5–30.6,26.8,12.9,48.0,39.8,18.5,China,2018.0,2018,Huazhong Agricultural University,China,588,46,-,> 1000,-,513,525,535,898,-,-,72.9,401-500,Huazhong Agricultural University,China,36-51,-,0.0,0.0,13.5,6.5,32.2,14.0,2018.0
601–800,Hunan University,21.5–30.6,20.5,19.6,42.2,51.3,18.3,China,2018.0,2018,Hunan University,China,496,34,-,542,-,365,400,> 1000,541,-,-,73.8,301-400,Hunan University,China,24-35,-,0.0,0.0,13.5,5.9,40.4,15.2,2018.0
601–800,Jagiellonian University,21.5–30.6,23.1,14.2,37.9,32.7,34.3,Poland,2018.0,2018,Jagiellonian University,Poland,381,2,-,> 1000,-,279,381,380,460,-,-,75.2,401-500,Jagiellonian University,Poland,2,-,10.2,0.0,0.0,5.4,37.9,19.0,2018.0
601–800,Kansas State University,21.5–30.6,24.3,17.8,44.1,41.5,45.1,United States,2018.0,2018,Kansas State University,USA,362,116,288,451,-,448,409,336,254,-,-,75.5,401-500,Kansas State University,USA,118-139,-,0.0,0.0,0.0,12.3,31.4,17.7,2018.0
601–800,Kaohsiung Medical University,21.5–30.6,20.2,19.1,28.1,50.2,24.4,Taiwan,2018.0,2018,Kaohsiung Medical University,Taiwan,655,12,-,> 1000,-,522,531,903,898,-,-,72.3,401-500,Kaohsiung Medical University,Taiwan,4-6,-,0.0,0.0,13.5,3.6,27.9,20.8,2018.0
601–800,Keio University,21.5–30.6,31.6,23.2,33.1,40.1,27.5,Japan,2018.0,2018,Keio University,Japan,175,8,549,12,-,303,324,273,363,-,-,79.0,301-400,Keio University,Japan,10-12,-,0.0,0.0,9.6,12.6,35.4,15.2,2018.0
601–800,Kobe University,21.5–30.6,30.3,19.3,26.5,38.9,24.8,Japan,2018.0,2018,Kobe University,Japan,286,11,160,445,141,369,418,318,327,-,-,76.6,401-500,Kobe University,Japan,13-16,-,14.4,0.0,0.0,10.5,32.9,16.3,2018.0
601–800,University of Ljubljana,21.5–30.6,25.7,16.1,35.8,35.6,38.5,Slovenia,2018.0,2018,University of Ljubljana,Slovenia,370,1,-,> 1000,-,260,374,415,405,-,-,75.3,401-500,University of Ljubljana,Slovenia,1,-,0.0,0.0,0.0,8.3,35.3,15.1,2018.0
601–800,University of Minho,21.5–30.6,23.2,22.8,35.8,67.6,47.3,Portugal,2018.0,2018,University of Minho,Portugal,522,5,-,> 1000,-,507,542,696,363,-,-,73.5,401-500,University of Minho,Portugal,3-4,-,0.0,0.0,9.6,3.5,30.0,16.6,2018.0
601–800,Mississippi State University,21.5–30.6,19.0,15.8,42.9,34.9,23.1,United States,2018.0,2018,Mississippi State University,USA,638,163,329,412,-,622,654,601,673,-,-,72.4,401-500,Mississippi State University,USA,118-139,-,0.0,0.0,13.5,5.1,25.0,15.9,2018.0
601–800,Nanjing Agricultural University,21.5–30.6,23.0,16.2,43.1,42.9,18.0,China,2018.0,2018,Nanjing Agricultural University,China,549,42,-,> 1000,-,450,480,713,673,-,-,73.2,301-400,Nanjing Agricultural University,China,24-35,-,0.0,0.0,9.6,9.2,35.5,14.3,2018.0
601–800,Nanjing Medical University,21.5–30.6,24.9,22.6,37.6,32.8,19.5,China,2018.0,2018,Nanjing Medical University,China,577,44,-,> 1000,-,368,479,692,> 1000,-,-,73.0,401-500,Nanjing Medical University,China,36-51,-,0.0,0.0,0.0,3.9,41.2,21.7,2018.0
601–800,National Autonomous University of Mexico,21.5–30.6,34.4,29.4,19.4,57.3,39.3,Mexico,2018.0,2018,National Autonomous University of Mexico,Mexico,258,1,491,> 1000,-,105,219,249,405,-,-,77.2,201-300,National Autonomous University of Mexico,Mexico,1,-,12.4,0.0,0.0,11.4,52.4,26.6,2018.0
601–800,Northwestern Polytechnical University,21.5–30.6,23.9,29.7,17.2,76.4,18.4,China,2018.0,2018,Northwestern Polytechnical University,China,543,41,-,682,-,326,425,> 1000,898,-,-,73.3,301-400,Northwestern Polytechnical University,China,24-35,-,0.0,0.0,13.5,3.1,42.5,14.7,2018.0
601–800,Okayama University,21.5–30.6,25.4,15.4,26.4,45.9,22.5,Japan,2018.0,2018,Okayama University,Japan,389,14,-,491,-,381,430,378,363,-,-,75.1,301-400,Okayama University,Japan,10-12,-,0.0,0.0,13.5,12.0,29.6,14.3,2018.0
601–800,University of Pretoria,21.5–30.6,25.7,26.5,29.3,63.5,49.9,South Africa,2018.0,2018,University of Pretoria,South Africa,438,4,-,686,246,416,555,600,460,-,-,74.5,401-500,University of Pretoria,South Africa,3-4,-,0.0,0.0,9.6,6.3,34.1,17.6,2018.0
601–800,University of Science and Technology Beijing,21.5–30.6,25.6,22.2,16.0,60.1,17.4,China,2018.0,2018,University of Science and Technology Beijing,China,503,36,-,204,-,333,439,> 1000,673,-,-,73.7,401-500,University of Science and Technology Beijing,China,36-51,-,0.0,0.0,0.0,6.1,39.4,14.6,2018.0
601–800,Shanghai University,21.5–30.6,20.6,15.9,25.5,45.7,23.5,China,2018.0,2018,Shanghai University,China,536,40,-,989,-,357,443,> 1000,673,-,-,73.4,401-500,Shanghai University,China,36-51,-,0.0,0.0,0.0,4.9,41.3,12.0,2018.0
601–800,Sichuan University,21.5–30.6,30.6,24.5,25.2,71.2,20.7,China,2018.0,2018,Sichuan University,China,296,13,-,> 1000,-,75,181,370,898,-,-,76.5,151-200,Sichuan University,China,8-12,-,0.0,0.0,13.5,9.2,61.7,14.5,2018.0
601–800,University of Tehran,21.5–30.6,31.1,21.7,28.2,31.7,21.4,Iran,2018.0,2018,University of Tehran,Iran,461,2,428,> 1000,254,217,436,> 1000,> 1000,-,-,74.2,301-400,University of Tehran,Iran,1,-,12.4,0.0,0.0,1.5,44.3,22.1,2018.0
601–800,Tokyo University of Science,21.5–30.6,23.2,24.9,21.7,37.4,18.0,Japan,2018.0,2018,Tokyo University of Science,Japan,723,30,429,> 1000,-,597,620,636,> 1000,-,-,71.7,401-500,Tokyo University of Science,Japan,13-16,-,12.4,0.0,9.6,5.7,24.4,18.8,2018.0
601–800,Waseda University,21.5–30.6,31.0,22.1,31.3,35.6,34.2,Japan,2018.0,2018,Waseda University,Japan,303,12,562,23,-,470,471,445,541,-,-,76.4,401-500,Waseda University,Japan,13-16,-,0.0,0.0,9.6,6.8,29.5,11.6,2018.0
801–1000,Cairo University,15.6–21.4,21.5,11.4,22.6,33.0,32.9,Egypt,2018.0,2018,Cairo University,Egypt,452,1,569,> 1000,228,378,629,602,541,-,-,74.3,401-500,Cairo University,Egypt,1,-,19.0,0.0,0.0,2.6,35.9,18.8,2018.0
801–1000,University of Electronic Science and Technology of China,15.6–21.4,19.6,14.3,21.4,86.9,20.0,China,2018.0,2018,University of Electronic Science and Technology of China,China,484,32,-,720,-,291,393,952,673,-,-,73.9,201-300,University of Electronic Science and Technology of China,China,13-23,-,0.0,0.0,30.3,4.3,42.0,16.1,2018.0
801–1000,Istanbul University,15.6–21.4,26.4,18.1,14.9,52.6,24.4,Turkey,2018.0,2018,Istanbul University,Turkey,560,2,498,> 1000,-,364,758,513,673,-,-,73.1,401-500,Istanbul University,Turkey,1,-,18.3,0.0,0.0,3.0,34.7,18.2,2018.0
801–1000,Wuhan University of Technology,15.6–21.4,19.0,11.2,22.9,54.8,19.0,China,2018.0,2018,Wuhan University of Technology,China,646,54,-,> 1000,-,558,571,> 1000,541,-,-,72.3,301-400,Wuhan University of Technology,China,24-35,-,0.0,0.0,21.4,4.7,35.2,11.3,2018.0
